account_id,name,team_name,team_id,fantasy_role
1111506,LINE,LineDOTA2,10260822.0,0.0
1296625,Newsham,The Bug,10170364.0,2.0
2015672,Penzi ,Last Echo,0.0,0.0
2029214,Shindvqq,SHADOW GOVERNMENT,0.0,1.0
2503633,还不错,bilibili,9717978.0,0.0
3035021,Snowie,SOG,9531587.0,0.0
3949519,xcz4400,TeamFeed,9415041.0,0.0
6618981,euplayer,sk9,8158842.0,2.0
9001210,Test,CTest,514377.0,1.0
9403474,yamich,MOUZ,0.0,2.0
9742724,HarryM,BŮČCI 5 VŮNÍ,9742838.0,2.0
10287287,veinard,NIkitateam,10157998.0,0.0
10366616,Sneyking,LGD Gaming,15.0,2.0
12307345,Natsume,Agony,10074444.0,1.0
16497807,tOfu,Team Liquid,2163.0,2.0
18180970,Handsken,Rest Farmers,9368468.0,2.0
21041866,oceeee,Frankonian Lions,8701215.0,1.0
25907144,Cr1t-,Team Falcons,9247354.0,2.0
26671282,SeP@Soy,BMC,10136668.0,2.0
27051978,sfighter,ICE team,10136874.0,2.0
27178898,Skylark,JustBetter,9280056.0,1.0
28438449,Jydja,Millenaire,10115586.0,2.0
29290296,КУЗЯ ПРАЙМ,Forest Bane,9885430.0,0.0
29713094,BooMs,Nemiga Gaming,5014799.0,0.0
31506162,Mewerick,Golden Retrievers,0.0,2.0
31625498,Linglai,,0.0,1.0
34122708,mz,AGROPESCA JACARÉ,9981353.0,2.0
34505203,mc,Shopify Rebellion,39.0,1.0
34541076,cawapivo3,SQUIRTUS.PRO,10144604.0,0.0
37116760,Napoleon,AVE BALABOL,9710075.0,2.0
37685685,Ninnyhammer,Daddy's final chance,10170469.0,2.0
38444312,Fingers,Golden Retrievers,0.0,2.0
39960006,Hoopla,Daddy's final chance,10170469.0,3.0
40547474,Aui_2000,,0.0,0.0
40550368,keasm,ЖирSpirit,9866305.0,1.0
40805086,mellojul,Team Lynx,9928636.0,0.0
41231571,s4,Alliance,111474.0,1.0
41288955,Akke,Uncle.Alliance,10170369.0,2.0
41649076,ImNotASpy,Daddy's final chance,10170469.0,1.0
42096495,Ultra,DeadKid,10170058.0,2.0
43152130,asdfas,Testa ssfd a,0.0,2.0
44612600,Bygagaga,Energy Blast,9351891.0,1.0
44956384,Rendan,Banzai eSport,1766707.0,1.0
46237770,Living Failure,OMSKIY GAZMYAS,9887234.0,0.0
46398245,jawny,Fickle Minds,3845706.0,2.0
46445344,Katabu,67 eSports,9872792.0,1.0
46534001,vluzzi,Team Spirt,10048136.0,1.0
47718025,Lola,Galáticos,9678005.0,2.0
47977302,DR.bum,HYDRA,8588969.0,2.0
48823667,Bengan,Team Bald,0.0,2.0
49804179,OV3R,OV3RPOWER,9069341.0,1.0
50580004,Xibbe,Team Bald,0.0,1.0
51402121,Steamvoker,Airbites,1578090.0,1.0
54580962,Insania ,Team Liquid,0.0,2.0
56165156,satoh1ko,eXtremiX,9722856.0,1.0
56351509,DM,Team Yandex,9823272.0,1.0
56811243,st01c,322 Official,9895972.0,2.0
56939869,Gorgc,Team Bald Reborn,8344760.0,1.0
57085055,MrAgamex88,Sons of Agama,10150700.0,0.0
57089092,Morfy1337,4 raka & M0rfy,1019404.0,2.0
57146143,Biggie sɯɐls,NO DRAMA,9461531.0,1.0
57456579,puvil,Shaman King,2793685.0,2.0
57578110,BLACKARXANGEL,No Sorry,8616073.0,2.0
57674647,azverin7,Free For All,9878749.0,1.0
57680569,Phenomenon,Team Metamorphosis,9996109.0,1.0
57773492,MoY,Skainam Brothers,10143927.0,2.0
58037125,Taku.-,Support's Life,9834303.0,2.0
58287100,sargaras,SargarasTeam,10137475.0,1.0
58429537,LionaX,UD VESSUWAN,8572181.0,2.0
58513047,Supream^,ITB.Shuffle,8390848.0,4.0
58647225,TORRENO-,urodi,10144469.0,3.0
59279874,skylove,piggy67,10136117.0,3.0
59463394,Leostyle^^!,Moon Army,8075808.0,4.0
59752811,Bloody Nine,DogChamp,8604954.0,2.0
60875622,dima_fu,Team Anonymous,8230196.0,1.0
60943014,Jabbz,Team Liquid,2163.0,0.0
61257861,tomckiy,Team PivBov,10122051.0,1.0
62339590,wat,AKEDIAROT,9691568.0,1.0
62747106,D1ZII,SanyaBabrouEsports67,10170751.0,3.0
63341946,fINNNN,NO DRAMA,9461531.0,1.0
63815129,RUNA,Stell Titans,10094907.0,1.0
64855746,KK,BAD DOTA,6363.0,2.0
66295212,MaCHr_SK,The Owl’s Watch,9735725.0,2.0
67979938,daito 王,AllMighty,2942497.0,2.0
68242547,P3N1S D3M0N4,BABASOS TEAM,0.0,1.0
68506485,DindyBindy,Rage Team,10144790.0,1.0
68553629,vb,Motion4Emotion,818166.0,1.0
68588972,♡KAR4iK♡,,0.0,0.0
69069994,我真是想啸啊,AG超会玩,9791479.0,3.0
69454970,Veroi,Inquisitor's,10176841.0,1.0
69522793,Balagan,Asuno雨,9884803.0,3.0
69914249,WAT3RMELON,stable mental state,10150876.0,1.0
70388657,Dendi,B8,8376426.0,4.0
70473161,taros,To byli oni,296298.0,1.0
70473277,cy-,,0.0,0.0
70540189,lcause,MIT Esports,10170830.0,1.0
70858166,Yatozhe,OTHODOS,9679139.0,2.0
71624297,puke,VSTU,9209317.0,2.0
72393079,Worick,Zero Tenacity,0.0,1.0
73401082,Dukalis,TEAM VISION,9572001.0,2.0
74102771,Mave,Skainam Brothers,10143927.0,3.0
75525103,YDF,kawaiii girls,1842696.0,1.0
76153608,tupensaba,Cristalkins,10163960.0,1.0
76904792,poloson,Team Refuser,10007878.0,2.0
76934377, 67okyo9houl,hitry,10122115.0,1.0
77012083,POMOGITE,Chikibamboni,10164224.0,0.0
77436115,Tikatakla,Monstahs,1305044.0,2.0
77490514,Boxi,Team Liquid,2163.0,2.0
78891550,Fury,Team Essence,0.0,2.0
79134733,rohofireflu,GRIN Esports,8406842.0,1.0
79618311,bobs,DF YOUTH,9956150.0,1.0
79648574,Italiano Gangstar,GRIN Esports,8406842.0,1.0
79786206,lorenzopopenzo,Rage gaming,10135768.0,0.0
80385048,憎むMiroshka,smurf power,0.0,1.0
80692063,Raxors,Chikibamboni,10164224.0,0.0
81036058,Plupo,cyberdingzhen,0.0,2.0
81072437,AVE,DAEDALUS(CRYSTALIS PRIME),0.0,2.0
81306398,KingJungles,PlayTime,10020555.0,2.0
81351513,SKYEEERINO?!?,TraviKabana,9860637.0,1.0
81475303,Yamsun,Team Nemesis,0.0,1.0
82262664,kky,Nigma Galaxy,7554697.0,0.0
82302643,CH,КалЫваН,10138251.0,3.0
83759253,Южик,Южик,7504615.0,2.0
84422118,PK,Imprint Esports,8999237.0,1.0
84611764,dogplayer,dumpster dogs,8300302.0,1.0
84853828,Kingrd,Vivo Keyd Stars,1061269.0,2.0
85138464,pt1chkin,toxxxic,8944409.0,1.0
85178888,El Hombre,NO DRAMA,9461531.0,3.0
85312703,hyko,x5 Gaming,8971308.0,1.0
85333175,l3aby.nOne.GGw<,Buen Tubeiro 27,9640457.0,1.0
85367644,Scourge McDuck,The Cut,8205424.0,1.0
85696663,n1ght,Estar Backs,0.0,2.0
86692726,Yanbura,x5 Gaming,0.0,2.0
86698277,33,1w,10182357.0,1.0
86725175,Resolut1on,Team Jazz,10150889.0,2.0
86745912,天鸽,Shopify Rebellion,39.0,1.0
86756052,Nick Wilde,Villains,8690990.0,1.0
86759987,Seri,Six Cats,10150500.0,1.0
86762037,WinteR,Winter Squadron,10101762.0,2.0
86785208,Yakult,Yakutou Brothers,0.0,1.0
86811043,monkeys-forever,The Bug,10170364.0,1.0
86818655,nuages,Infamous Gaming,8118197.0,2.0
86822085,Costabile,Vivo Keyd Stars,1061269.0,1.0
86850560,wij,x5 Gaming,8971308.0,2.0
87063175,Lelis,Midas Club,7913999.0,2.0
87195583,Nocttem,We are... Eletric,10136606.0,1.0
87197791,rmN-.,Nigma Galaxy,7554697.0,2.0
87278757,Puppey,Team Secret,1838315.0,2.0
87995437,RONALDINHO GAÚCHO™,AMIGOS DO RONALDINHO,6265560.0,1.0
88271237,Ceb,OG,2586976.0,1.0
88611330,mini,Galáticos,9678005.0,1.0
89077048,amaz1ng,HF,8724829.0,1.0
89157783,Azul,EVIL MANCOS,9927772.0,2.0
89393465,Enrage - турниры dota 2,AnyRage,9872628.0,1.0
89535751,НЕ_СДАМСЯ,AnalOG,10144674.0,3.0
89868594,BomjMan,DAEDALUS(CRYSTALIS PRIME),10129593.0,1.0
89928332,cloudy,Gank Syndicate,10145457.0,1.0
90423751,Bignum,GamerLegion,9964962.0,2.0
91101913,Grape,"NA, we'd win",10163791.0,2.0
91460772,Slayer,Moneymakers,8598633.0,2.0
91637079,Naiman,SanyaBabrouEsports67,10170751.0,1.0
91730177,Seleri,Gaimin Gladiators,8599101.0,2.0
92002681,-M-L-,Team  LDM,10149929.0,3.0
92253768,AfrOmoush,Team Falcons,9247354.0,0.0
92401948,Aeon,The Cut,8205424.0,1.0
92487440,Corrupted,HULIGANI,0.0,1.0
92657663,ironsh,Team Spirt,9885353.0,2.0
92692808,socialcoma,stable mental state,10150876.0,2.0
92706637,iAnnihilate,The Bug,10170364.0,1.0
92949094,SsaSparTaN.,JustBetter,9280056.0,2.0
93516225,Hektor,Villains,8690990.0,2.0
93526520,bb3px,Level UP esports,0.0,1.0
93543072,ａｃｉｄ,Partizan,0.0,1.0
93618577,bzm,1w,10182357.0,4.0
93817671,Maladych,Team Yandex,9823272.0,2.0
93838599,DEFALJOPY,SaltPower,0.0,1.0
93850611,LagooNa,Shizageddon,10096172.0,2.0
94049589,Fng,Virtus.pro,8724984.0,2.0
94054712,Topson,Tundra Esports,8291895.0,4.0
94155156,Fly,Virtus.pro,0.0,2.0
94296097,xNova,Xtreme Gaming,0.0,2.0
94325800,Sky,The Iceman Cometh,10170955.0,1.0
94334779,TheMilkMan,The Iceman Cometh,10170955.0,3.0
94364925,big boss,The Bug,10170364.0,1.0
94439767,BliNcc,stream,9948230.0,3.0
94681348,radicc,Infinite,4992625.0,1.0
95145869,Jenkins,Fart Studios,8944221.0,1.0
95920028,NightShade~<,Lucky Bird,8740972.0,0.0
96037203,ARKA,team oblivion,9872196.0,1.0
96183976,naive-,Rune Eaters,0.0,1.0
96536282,MightyCrono,MightyGods,2647338.0,1.0
96666061,Blagolub,Trofimov_Prime,9819446.0,2.0
96803083,Stormstormer,Entity,8605863.0,4.0
96976712,SelfSlayer,,,
97101562,raskol988,OTHODOS,9679139.0,3.0
97478158,Vvakum,Last Chance,10150366.0,2.0
97577101,Reya,"NA, we'd win",10163791.0,1.0
97590558,Ace ♠,Team Liquid,0.0,1.0
97658618,Timado,Virtus.pro,9895392.0,1.0
97683917,QQE,MightyGods,2647338.0,3.0
97733612,FRK,OTHODOS,9679139.0,1.0
97734219,maJor,DlyaDruzey,10135663.0,1.0
97822451,Juju,Mentality Monsters,10144695.0,2.0
98106156,Rupra,Golden Retrievers,9781592.0,1.0
98172857,MiLAN,LEVEL UP,3322951.0,2.0
98482878,Clackson,Meant 2 Be,0.0,3.0
98772896,RedRat,New Logic,2932795.0,1.0
98885811,lowskill,B8,8376426.0,1.0
98961223,albinozebra1,4 Amigos,9388293.0,2.0
99036634,King Potato,4 Anchors + Ilmeria,0.0,3.0
99148539,eshpek,afk ,6352766.0,1.0
99173752,Dalmatic,CRYSTALLENA,10170106.0,2.0
99413941,Enellor,Team SASA,1031364.0,1.0
99415931,P4UK,L1SY4TK1,10149535.0,3.0
99540890,Sanctified,CDUB Esports,8686313.0,2.0
99622043,shy,BIZ GAMING,0.0,1.0
99796146,Accel,MYM,7059562.0,2.0
99947395,k1ra- 长眠,mYinsanity,6740428.0,1.0
100058342,skiter,Aurora Gaming,9467224.0,1.0
100171165,Boomerx2,Twin Gate Tourists ,10144871.0,0.0
100264532,Hokage,SaltPower,0.0,0.0
100471531,J,Team Nemesis,9691969.0,1.0
100590053,hyddipkj,Team 52minonsgang,10137269.0,1.0
100594231,skem,OG,2586976.0,2.0
100598959,Erice,InterActive Philippines,7917893.0,2.0
100601967,arwix,Bad Bees,10101673.0,1.0
100616105,mavis,Execration,10207960.0,2.0
100737431,Ivy,BaiduKing BBQ,2014486.0,1.0
100745605,Raven,Droids,1461427.0,1.0
100747234,paiboy,foid party,10137002.0,0.0
100756532,Otako,Fight no flight,9791179.0,2.0
100758751,Prada,Pibbles Corp.,10208608.0,2.0
100847332,Dementore,MIRACLE OF THE MOUNTAIN,10143860.0,2.0
101005846,Gan7,Proximity,0.0,1.0
101062921,Arms,x5 Gaming,8971308.0,1.0
101071453,ShineDi,Ravage Gaming,8698577.0,1.0
101259972,Oli~,Xipto,10242397.0,2.0
101356886,GH,Nigma Galaxy ,10136357.0,2.0
101460882,Boombui,UD VESSUWAN,8572181.0,2.0
101571627,SAHUUUUUR,DRAKONI,9872583.0,1.0
101695162,fy,Xtreme Gaming,0.0,2.0
102099826,DJ,BLEED,8214850.0,2.0
102177957,kosma,netanime,0.0,2.0
102619476,hQc,Xeno Genesis,0.0,2.0
102644565,ICEICE,Team Zero,9080405.0,2.0
102856993,川果,VDuobao,2208748.0,2.0
103006407,linux;champion,SaltPower,0.0,2.0
103045129,Grimz,InterActive Philippines,7917893.0,2.0
103152030,Rusty,Sons of Agama,10150700.0,2.0
103162342,islA,CDUB Esports,8686313.0,1.0
103315054,Yellow,AllMighty,0.0,2.0
103315318,野人,Tt Game,9798986.0,2.0
103581920,CBEZHAE_MIACO,Южик,7504615.0,1.0
103725181,dark,Matreshka,8838314.0,2.0
103735745,Saksa,Team Yandex,9823272.0,2.0
103802963,ZZZZZZZZZQ,Ave Mujica,0.0,0.0
104180366,wakeup,SHKVARKI,10163726.0,1.0
104188816,KotarouTennouji,CRYSTALLIS XXL,10150681.0,1.0
104193278,Conchobhar,Imprint Esports,8999237.0,2.0
104334048,Kidaro,Inner Circle x Insanity,0.0,2.0
104512126,Mac,Team Nemesis,9691969.0,0.0
104694710,MalCom.X,Nigma Galaxy ,10136357.0,0.0
104728645,XiaoG,A-SOUL_Official,4108089.0,1.0
104843631,purpleparad1se`,,0.0,1.0
105045291,Thiolicor,LGD Gaming,10150538.0,2.0
105178768,FartSJ,Fart Studios,8944221.0,0.0
105241501,Ming,TuMamaEn4Pe!,782858.0,1.0
105248644,Miracle-,Nigma Galaxy,7554697.0,4.0
105357335,МОЛОДЕЦ ,BABASOS TEAM,0.0,3.0
105638265,InkRain,HIT DOTA CLUB,380888.0,2.0
105666431,Cassius Bellona,Daddy's final chance,10170469.0,1.0
105739875,пупсiй,stable mental state,10150876.0,2.0
105742697,Shattered Dreams,Step on Me,7699126.0,0.0
106150115,Депутат GO,Resrtiction,7284291.0,1.0
106194007,ogonek,SaltPower,0.0,2.0
106305042,Larl,Team Spirit,7119388.0,4.0
106573901,No[o]ne-,TEAM VISION,9572001.0,4.0
106755427,Mo13ei,Dandelions,0.0,1.0
106783671,SlaweE,SAND KING GÓMEZ,7626304.0,1.0
106956005,Gorlomir,GGNA30,7012676.0,1.0
106963853,z178,EHOME,9885356.0,2.0
107063783,peter parker.,dota五人行,10020099.0,1.0
107339735,Lacrus,Crayola's Harem,9449603.0,0.0
107365905,Ash_廣州亮少,Arcane Champion,908895.0,2.0
107429672,DorRayam,Wrecking Crew ,0.0,3.0
107490909,wairo,BABYJONS,10137637.0,1.0
107498031,Wee,Polaris Esports,8525778.0,0.0
107570025,夢灯籠,Last Dance of PPX,10088663.0,1.0
107579895,fcr,Midas Club,7913999.0,1.0
107803494,Ori,Azure Ray,8574561.0,4.0
108221389,Redpanda,Team Bright,9018664.0,2.0
108649251,pogonyallo,Chikibamboni,10164224.0,3.0
108746644,Dieg,Twin Gate Tourists ,10144871.0,3.0
108761378,CHEKA ♥ <,TEAM ALCANTARILLA,9352117.0,0.0
108784623,raw willpower,MIT Esports,10170830.0,2.0
108843080,n010,why,9033969.0,1.0
108958769,panto,MOUZ,0.0,2.0
108997922,Castaway,Neon Esports,8360138.0,1.0
109063883,ducho0,Eoka,10170719.0,3.0
109204536,南京帅哥—广西盛晨,ChuiNiuBi,0.0,1.0
109433882,Slug,Twin Gate Tourists ,10144871.0,0.0
109643526,YuHengTV,LFT,5681699.0,1.0
109757023,Ulnit,Geek Fam,8169775.0,1.0
109824508,yanity,WW Team,0.0,1.0
110142194,无名-,Team Rose,8936995.0,1.0
110224299,blame it on the weather.,Evil Geniuses,10027335.0,2.0
110237767,山田尚子,放課後ティータイム,9717675.0,1.0
110448679,Husky,Wildcard,8606828.0,2.0
110583422,Samson,Wildcard,8606828.0,2.0
110682892,perdiks,СибГУТИ,3340321.0,1.0
110701178,HumbleFoxy,Imprint Esports,0.0,1.0
110759067,Teehee,Yangon Galacticos,0.0,2.0
111030315,KG_Zayac,Natus Vincere,0.0,2.0
111114687,y`,Vici Gaming,726228.0,2.0
111166474,TimohaBasher,Shaman King,2793685.0,2.0
111377579,ST759,Fight no flight,9791179.0,1.0
111620041,SumaiL-,LGD Gaming,15.0,4.0
111750003,kaffs,LGD Gaming,10150538.0,0.0
111847668,KaMoWEN,Digital Ground,9033732.0,1.0
111921339,Moons,Moon Army,8075808.0,2.0
112221492,motyaqwe,batina dev9tka,7155070.0,2.0
112235405,stonemonkey,Team 52minonsgang,10137269.0,1.0
112324185,HeroToZero,Без негатива,9467256.0,1.0
112426916,MTD,American goons,9081453.0,4.0
112470947,eyeless,Team Round Taganrod,0.0,1.0
112542902,spokesman,Team Metamorphosis,0.0,3.0
112780685,✪SAiTAMA,Skainam Brothers,10143927.0,1.0
113048683,Hakuya,Kessoku Band,10135301.0,1.0
113112046,nattynarwhal_,HYDRA,8588969.0,4.0
113152484,Nevermine,Antarctic Penguins,6209804.0,1.0
113279153,YaegerKnight,Grand Tour,7575887.0,3.0
113331514,Miposhka,Team Spirit,0.0,2.0
113372833,UnderShock,4Pirates,0.0,1.0
113421377,Vanilla,剑指傻雕,0.0,2.0
113435203,ChYuaN,Talon,8597976.0,4.0
113457795,MooN,Game Master,10008067.0,0.0
113557816,Asgrav,Imprint Esports,8999237.0,1.0
113602555,Blay,Sad BoyS,9359856.0,2.0
113800929,WebCamLama,Team Never Lose,10151019.0,1.0
113901097,123*angel,SKIBIDI CATS,10157240.0,1.0
113930979,Metaxy,BTN,8815782.0,1.0
113947573,Люмон,Fractal,9782744.0,1.0
114080557,WhyJuly,RageQuitTeam,10122527.0,1.0
114162163,ariel,LFT4,10041126.0,2.0
114197963,Mocasio.,Eclipse,9691682.0,1.0
114374024,AN****❧,COCHLEA,8318424.0,2.0
114425781,H4NZA,EBATORY,9555719.0,2.0
114596500,ArrOw,Phenomenon,0.0,0.0
114638137,dolbo3b,TRAFIC KAK Y VSEH ),10144884.0,1.0
114789841,BipBepBop,Luboye Nazvaniye,9698280.0,2.0
114806611,azverin7,Free For All,9878749.0,1.0
114852842,Fool,Zajigalka team,10232373.0,2.0
115042342,IceFrog,wat,9838965.0,1.0
115050014,Jazdac,NO DRAMA,9461531.0,2.0
115061514,H0R0H0R0,Team Steel,10151170.0,2.0
115078345,Spark,Tt Game,9798986.0,1.0
115141430,Ryoya,Tt Game,0.0,1.0
115464954,dEsire,Zero Tenacity,0.0,2.0
115482659,MFC,Pleaze Gaming,0.0,1.0
115573326,西卡西卡,时代老年团,10144956.0,0.0
115651292,Copy,Rune Eaters,9895247.0,0.0
115902811,Matholf,Team Sixseven,10095241.0,0.0
116052380,alalkka,,0.0,2.0
116080282,Argius,Qhali,8702318.0,1.0
116249155,nefrit,Natus Vincere,36.0,1.0
116525052,Duster,CDUB Esports,8686313.0,2.0
116585378,MidOne,MOUZ,9338413.0,1.0
116772658,Kokoko_1,GGNA30,7012676.0,2.0
116776337,eace,The Chapulines,9454068.0,1.0
116837520,Anya,Mentality Monsters,0.0,1.0
116865891,Mirele`,Yellow Submarine,0.0,0.0
116881520,Yayo,Dandelions,9360651.0,1.0
116934015,dyrachyo,Tundra Esports,0.0,1.0
117015167,PABLO,Rest Farmers,9368468.0,2.0
117089283,Panda,Amaru Gaming,10108655.0,2.0
117110711,tv/shamil_066,,,
117421467,SoNNeikO,StoRm,8944440.0,2.0
117514269,laise,Inner Circle x Insanity,0.0,1.0
117731777,XCJ,Antarctic Penguins,6209804.0,2.0
117905733,Hope,Team Double-U,9587268.0,2.0
117906884,MoJoJoJo,Egoists,9657657.0,2.0
118090322,WhiteWolf,Nivalis,8194465.0,1.0
118127154,Linga,TianXia,10164080.0,1.0
118134220,Bach,Vici Gaming,726228.0,1.0
118394602,Brightside,GRIN Esports,8406842.0,2.0
118559150,Varizh,REKONIX,0.0,2.0
118706509,Tilt one,Chiriuchu gamer,10150766.0,1.0
118723838,FR1CE,AnyRage,9872628.0,1.0
118832819,Xboct,MightyGods,2647338.0,1.0
118842533,知非,bilibili,9717978.0,2.0
118911354,Eqnesis,We are here,10137597.0,2.0
118948666,Lumpy,beastcoast,8254400.0,4.0
119631156,stingeR,Mad Kings Esports,9303316.0,2.0
119828709,AppleS,Team Parasha,10170405.0,1.0
119857205,fsd,HYDRA,8588969.0,2.0
119875714,Sunrise幸せ,Last Chance,9032329.0,1.0
119898344,Denzsanity,Execration,8254145.0,1.0
119926960,COMMANDER,Crystallis adepts,10144620.0,1.0
120052177,JG,Team Parasha,10170405.0,2.0
120076733,Zoto,Order Dudosa,0.0,2.0
120339316,Nature Lover ♥,Nexus Titans,8607159.0,0.0
120416283,Frath,ANBU DIVISION ,0.0,2.0
120792372,Flok,DEAD DOME TEAM,10136124.0,2.0
120825388,Aidar,TSA,10186951.0,0.0
120901780,Splicko,5 silly mice,0.0,2.0
121002561,mydachyo,TEAM SPIRIT 2.0,10130312.0,2.0
121138843,Pesun,CRYSTALLIS XXL,10150681.0,1.0
121339342,sentinel,Team Burmalda,10149575.0,2.0
121377872,Phen,Solum Team,10136031.0,1.0
121591254,Zxca,TeamDk,9799036.0,2.0
121912869,KOKA,SHIZA.TEAM,10143588.0,2.0
122033440,Мабой,SaltPower,0.0,2.0
122049498,charlie,Alliance,111474.0,1.0
122120237,Peru player - not human,,,
122168374,BigBallsBoi,Imprint Esports,8999237.0,2.0
122455547,muta,Vanquish,9179565.0,1.0
122817493,Rein,enjoy,9255039.0,2.0
123023873,squad1x,enjoy,0.0,1.0
123097213,Kinkka,Avalanche eSports,0.0,1.0
123117389,lifecouldbeadream,Golden Retrievers,9781592.0,3.0
123177591,Zaphkiel,Danyal 67,10170467.0,1.0
123305577,Sin,Team Toxin,0.0,2.0
123384253,AISK,Infinite,4992625.0,1.0
123442490,Cant get,,0.0,0.0
123515374,SkyFall,rti,10142799.0,2.0
123684139,Suan,Team Refuser,10007878.0,2.0
123717676,Jeezy,Flame Esports,0.0,2.0
123787715,RESPECT,HULIGANI,10149530.0,2.0
123826696,影からの佐久,FEMBOY FUTA HOUSE,0.0,1.0
123832369,Aluxariti,Alabaster,9860928.0,2.0
123854032,mitusha,Seirin,0.0,1.0
123953528,Robo-Z,Eoka,0.0,1.0
124111479,1JZ,E34,10143904.0,1.0
124127745,Braxie-,Thunder Awaken,7391077.0,2.0
124286163,Mary_y,twitch.tv,10040974.0,2.0
124397243,LOBISOMEN PIDÃO,MIRACLE OF THE MOUNTAIN,10143860.0,1.0
124446110,AgeeGhreas,SKYReaCH,10170753.0,2.0
124610530,Jerah,cyberdingzhen,0.0,1.0
124801257,Nightfall,Aurora Gaming,0.0,1.0
124942941,vicieux,ywio,10170503.0,3.0
125234286,Chipi Chipi,SaltPower,0.0,3.0
125299505,meowmeow,Earth Gaming,0.0,2.0
125325708,TNNG,Raven Squad,8835556.0,1.0
125431497,Seroozka,SargarasTeam,10137475.0,1.0
125445069,v1olent–,enjoy,0.0,1.0
125493965,Guba,Team Concede,6656884.0,1.0
125799156,Orcanos,BeerBoom,0.0,2.0
125830053,♥RichiRich♥,Stell Titans,10094907.0,1.0
125966325,tIMONQI,Mopsyarka Team,10164040.0,1.0
125995177,Gardιck 鬼,Hokori,0.0,0.0
126101389,MakeLove,GreyWardens,7330906.0,1.0
126174633,Fatzin,Balrogs  Esports™ ,8856662.0,1.0
126212866,Saberlight,Virtus.pro,0.0,1.0
126238768,Gunnar,"NA, we'd win",10163791.0,3.0
126323933,Efking,Made in Philippines,8736661.0,2.0
126340643,Nameless,The House Esports,0.0,2.0
126348612,L I Q U I R,REVOLTA,7700496.0,1.0
126397214,Takahashi,cincai team,10170178.0,2.0
126479618,Rosalinda,Infinity Queen,9628687.0,3.0
126614249,LiveAsMyself,Viktor & Co,10144589.0,3.0
126786536,NeiS,Olympos Gaming,4914765.0,2.0
126798419,nothehe,SaltPower,0.0,1.0
126842529,Ws`,Aurora Gaming,9467224.0,1.0
127141634,软脚虾,Nice Comfortble Home.国光金店,1569469.0,2.0
127211150,KabSs,N.P.G TEAM,10151077.0,1.0
127530803,young G,Nemiga Gaming,5014799.0,0.0
127565532,Fishman,Nemiga Gaming,5014799.0,2.0
127617979,Crystallis,MOUZ,9338413.0,1.0
127673333,Jordy❤,Galáticos,9678005.0,1.0
127700840,Hopeツ,Bad Boys,8419633.0,1.0
127762920,VADER,Pleaze.IfritzArena,0.0,1.0
127787998,Birdman,Team Liquid,9865248.0,1.0
127795287,giroVbulo4ke,Legacy,10136602.0,2.0
128189114,VladislavOXOTA,DrynSpirit,10157704.0,1.0
128193830,ExtraDiceRoll,ECLIPCE,10150496.0,3.0
128207544,无常,Younger Dread Gaming,8805155.0,1.0
128344639,Novice,Perros Angryy,9731241.0,2.0
128460395,digitalguilt,Onire Lasos,8563327.0,2.0
128542684,JyrkiKatainenActor,muikkulevy,8910205.0,2.0
128565036,MAESTRO,Team Yatagarasu,9419601.0,1.0
128660724,Ricobaby,Grey Track,10157562.0,2.0
128686967,PR1ME,Team Parasha,10170405.0,3.0
129061475,moonlight,moonlight,10150387.0,1.0
129347237,bay harbor butcher,Team Burmalda,10149575.0,1.0
129355051,Sixcius,Ashes Burn,8508038.0,1.0
129461963,Ruspo,felt,8261882.0,1.0
129534974,1705,depressed kids,7372761.0,1.0
129692343,SHKV,4Tatars1Jew,9208047.0,1.0
129722019,10k,Rage gaming,10135768.0,2.0
129766654,s1mple,,7409326.0,1.0
129925807,Sherry,SUPER BAOBAO,10157851.0,1.0
129958758,Xxs,Xtreme Gaming,0.0,1.0
130123201,mitrofanushka,HYDRA,8588969.0,1.0
130503714,Docres,Roar,9885310.0,2.0
130991304,Riddys,Natus Vincere,36.0,2.0
131006839,Char.Dimplesdota,TX4,7451763.0,2.0
131246802,Kr1sSt娇小,x5 Gaming,8971308.0,2.0
131303632,4nalog丶01,Team Nemesis,0.0,1.0
131333833,Cryble,AgroNemiga,9103666.0,2.0
131536777,ALiceTiia,Trysail,7232807.0,1.0
131805302,Gashlo,Onire Lasos,8563327.0,1.0
132309493,Raven,OG,0.0,1.0
132597339,RitaMeph,RevivaL,2660513.0,3.0
132851371,RAMZES666,Tundra Esports,8291895.0,1.0
132863483,Rewite-,Team Sangre,0.0,3.0
132907556,Леший,DemonDestroyerCommanderApparitionProtector,0.0,2.0
133006937,xhristian,Team Inca,1575329.0,1.0
133030050,Asancily,AllMighty,2942497.0,1.0
133060925,R3volt!,PIEC3 OF CAK3,10143750.0,1.0
133066657,Tala,Puraka esports,9579022.0,1.0
133615285,Loon,ggboom,9866136.0,3.0
133682196,Johnny,GGNG,9659354.0,1.0
133692365,Net_Detei,Sky,0.0,0.0
133855563,Fantomas,AnalOG,10144674.0,1.0
133958007,Hanzama,Perros Angryy,0.0,1.0
134142881,J7,Partizan,1081332.0,2.0
134233991,грибоман,грибоманы,8849616.0,2.0
134268169,muzan,Tt Game,0.0,1.0
134356771,lonelygod,TRUE BIG LEG,10164083.0,0.0
134489772,Iseper,Team teiko,10251148.0,1.0
134513080,DoublA,Electronic Boys,8262639.0,0.0
134556694,Solo,DalsheMenshe,0.0,2.0
134658652,yatoro,avice moment creator,9554234.0,1.0
134683396,CTT,NM$L,10164084.0,1.0
134915360,pro123,Selva Esports ,0.0,1.0
134987308,Q,For Groot,10137676.0,2.0
135506165,Bison,Maclaren,8702051.0,1.0
135567282,xochuabsinthe,Team Peach ,10157499.0,1.0
135607261,LOyd,Roar,9885310.0,2.0
135665830,Qvazar,Wild Winners,10157543.0,0.0
135673679,Candyloon,MAG.Yolo,9075558.0,1.0
135695148,IceRa1n,NM$L,10164084.0,3.0
135709988,Akamu,BALU TEAM,10101793.0,2.0
136088272,太狸™,22/7`分部β,9844684.0,2.0
136098112,Messiah,Five Elements,10129198.0,1.0
136283288,LV,Wongs Bakery ,9180502.0,2.0
136476515,Mixaitt,1K ПОМОЙКА,3746416.0,2.0
136623131,Backspace,Made in Philippines,8736661.0,0.0
136737280,JG,Neon Esports,8360138.0,4.0
136808312,PhaseOne,CLAN 7LW,6269691.0,1.0
136812808,Mark,CDUB Esports,8686313.0,4.0
136829091,Whitemon,1w,10182357.0,2.0
137074844,67,,0.0,1.0
137074969,Undisputed,Team Toxin,10137832.0,2.0
137129583,Xm,Xtreme Gaming,8261500.0,4.0
137193239,无限,Team Refuser,10007878.0,1.0
137314263,Puticha,_Team Thrill,9728495.0,1.0
137341138,Eisen,Team  Reversal,9849976.0,2.0
137515340,bilibili.肉夹馍,bilibili,0.0,1.0
137634631,路难行,SUPER BAOBAO,10157851.0,1.0
137730991,COURIER6,UCSD Esports,8843592.0,2.0
137800629,bcbg,时代老年团,10144956.0,1.0
137847275,Пиццайоло,Team  LDM,10149929.0,1.0
137854816,LAYT_9,Team  LDM,10149929.0,2.0
137895298,ButterflyEffect,Roar,9885310.0,1.0
137991544,Zisp,Ghost Specialist,9271820.0,1.0
138075919,Fire,Polaris Esports,8525778.0,0.0
138160555,leolex666,,0.0,1.0
138177198,Vitaly 誇り,Hokori,10150267.0,3.0
138264143,Yatoro,PNIPU esports,8686408.0,2.0
138502449,flopson,FunDota,10138701.0,1.0
138535219,Arkano,x5 Gaming,8971308.0,3.0
138543123,Pyw,Game Master,10008067.0,2.0
138551543,Cyrene,Tt Game,0.0,1.0
138639592,铁拳阿超,Nice Comfortble Home.国光金店,1569469.0,3.0
138857296,JT-,Game Master,0.0,3.0
138880576,Davai,LGD Gaming,15.0,1.0
138885864,Son Goku,Antarctic Penguins,6209804.0,2.0
139031324,Beyond,Grey Track,10157562.0,3.0
139043600,Ameame,cyberdingzhen,0.0,1.0
139223191,快乐面条,happydota,10144468.0,1.0
139232109,z,Made in Philippines,8736661.0,0.0
139245236,Mr.PEko,PUPEKALO,10137313.0,2.0
139258739,V少,Lao Ma A,10150880.0,2.0
139381375,趙雲,Nice Comfortble Home.国光金店,1569469.0,2.0
139474489,Gunner.,TEAM YAOBIE,10014558.0,2.0
139527131,9Dives,Bananenboot,8391220.0,1.0
139822354,Setsu,Yakutou Brothers,0.0,1.0
139876032,kaka,Yakutou Brothers,0.0,2.0
139937922,Yang,Team Refuser,10007878.0,3.0
140162155,LAST~ <3,Rectify,8538804.0,1.0
140206426,fz,we are taoB's father,1705524.0,1.0
140251702,Mirage`雨,HULIGANI,10149530.0,4.0
140288368,Tobi,Tundra Esports,0.0,2.0
140297552,No!ob™,Nigma Galaxy ,0.0,1.0
140411011,jikroy,REKONIX,0.0,1.0
140421646,Góyąń≋,Team SASA,1031364.0,1.0
140437312,Lucky8652,Stell Titans,10094907.0,2.0
140613225,Cty,Team Zero,9080405.0,0.0
140721227,Reb,Team Bravery,10135773.0,1.0
140828734,Do,Total 10K MMR,9157545.0,0.0
140835095,Batyuk,Yellow Submarine,2576071.0,1.0
140872909,Sega-man,Survive Something to Avenge,9996851.0,2.0
140935592,Lil_Jo5ter,Sisechki Kristolis Daemon Destroyer CUmmander Apparition,10137240.0,2.0
141023531,z,Made in Philippines,8736661.0,0.0
141104317,3ukku,Seize the day,9600214.0,1.0
141177778,LnL,Skainam Brothers,10143927.0,2.0
141304150,随便玩玩丶,全才战队,10150609.0,2.0
141337060,SCMouster,Spacers Choice,7565664.0,2.0
141525108,bereznii,Sho Counter Pick,10040666.0,1.0
141608052,吧唧吧唧,软柿子人身意外饱险,10144936.0,2.0
141657894,so_krat,Team Droons,10220381.0,1.0
142073091,patience,FMZ,9556312.0,2.0
142118972,nxghtscyther,,0.0,1.0
142159965,Devilx,DEVILX.GAMING,2848242.0,1.0
142286960,KR@TO$,MIRACLE OF THE MOUNTAIN,10143860.0,3.0
142415659,nvy,rti,0.0,3.0
142961435,mxko,ZagurmaZ,8986482.0,1.0
142966457,justmagic,Never Boast,10143536.0,0.0
143139682,Kyujin,NMIXX,10157546.0,1.0
143319170,cybertolyan,4Anchors+1,10001528.0,1.0
143356903,supaTakz,Made in Philippines,8736661.0,3.0
143381550,Cheng,AlphaOmegaLul,7717361.0,1.0
143405519,タタカイ,Team Spirt,8821254.0,2.0
143693439,Dy,Gaozu,9593895.0,2.0
143786911,Adrian <,Lava Esports ,8737621.0,1.0
144030015,.flowers,Team Amplify,0.0,1.0
144048558,iBmaN,Dynasty,10233893.0,2.0
144146200,Arbalest,Ding’s brothers,9601289.0,2.0
144439979,sapium,ViperClub,0.0,2.0
144481860,Grifon,Onire Lasos,8563327.0,1.0
144627904,Pizza,Lao Ma A,10150880.0,3.0
144707069,w8X,Ergo Proxy,0.0,1.0
145054357,G-Boar,God's Pig,4918106.0,1.0
145054845,EarlGlamorgan,Team Perloo,10163879.0,1.0
145065875,sayuw,HULIGANI,10149530.0,2.0
145199377,Pootivod,Южик,7504615.0,1.0
145331311,Rupido,Yangon Galacticos,0.0,1.0
145372258,Hermit,Working Hard Team,10213294.0,1.0
145494098,black eye,smurf power,0.0,4.0
145815972,雪花,RZ gaming,5174702.0,1.0
145957968,niu,Team Resilience,5017210.0,1.0
146054397,Vz,TEAM WHAT?,9743036.0,0.0
146076829,mangorose,cincai team,10170178.0,1.0
146107202,Meow,Foxes,9562865.0,1.0
146270620,qainon,Crystallis Prime,10143760.0,1.0
146323694,deserve,MidnightSale - Gaming,8185620.0,1.0
146375599,azverin7,Free For All,9878749.0,1.0
146383297,ancleve,1pool2(3)mms,0.0,2.0
146399558,Papercut,Red Grader,8414401.0,2.0
146608814,OK胖仔！,Nice Comfortble Home.国光金店,1569469.0,2.0
146711951,Nikko,TEAM GRIND,10135834.0,1.0
146969247,Hiruko,Eoka,10170719.0,2.0
146978019,red,SUPER BAOBAO,10157851.0,3.0
147367293,MX,TYHMX,10136706.0,2.0
147375391,newby,ywio,10170503.0,2.0
147617729,PuffLuv,Chikibamboni,10164224.0,2.0
147636371,Game,Mellstroy.Game,10135826.0,0.0
147767183,zeal,GLYPH,0.0,1.0
147972886,x kill kill kill,ywio,10170503.0,1.0
148174452,Khann,,0.0,1.0
148215639,Monet,Team Refuser,10007878.0,1.0
148296727,hokengod,,,
148424490,x1fps,Young team 2,8721966.0,2.0
148480336,ArzenT,The House Esports,10122515.0,1.0
148526973,Jaunuel,Team Nemesis,9691969.0,2.0
148612029,htiviy_vladik,Team Lynx,9928636.0,3.0
148797254,ChaikaTrabant,x5 Gaming,8971308.0,2.0
148818506,[GHOST],Team Innocent,8252781.0,1.0
149077985,Yasal_170,巩固,10150737.0,2.0
149981874,iFlopz!,Team Amplify,9373898.0,1.0
149988876,Kr@Ken_430,IGNITE,10144722.0,2.0
150141191,Tempest,Dark多拉贡,5217701.0,2.0
150166932,Sinatra,,0.0,3.0
150244346,дорадура,ritashidog,9408618.0,2.0
150249266,Entery,Minon.gang,0.0,1.0
150858460,-HOST-,MightyGods,2647338.0,1.0
150862738,Yowe,Army Geniuses Mansion ,8261554.0,4.0
150961567,planet,Team Resilience,0.0,2.0
151508316,bigfatbee,4 Anchors + Ilmeria,0.0,2.0
151979157,NDL,Expelliarmus,3211465.0,2.0
152168157,OmaR,Nigma Galaxy ,10136357.0,2.0
152455523,V-Tune,B8,8376426.0,1.0
152545459,Gabbi,PlayTime,0.0,1.0
152646625,Bodhiq-,Eternal Dreamers,3549137.0,1.0
152859296,Jhocam,Team Nemesis,9691969.0,2.0
152860627,Pumpkin,NA Last Hope,10170556.0,2.0
152962063,m1CKe,Team Liquid,2163.0,1.0
153316156,1337kEiZ,SaltPower,0.0,3.0
153342177,Derwi,SELVA GAMING,0.0,2.0
153359413,Sapun,КалЫваН,10138251.0,1.0
153405592,白いバラjimmy` ,AML HUNTERS,2162348.0,1.0
153482338,BloodMoon,Agressiv Style,9572165.0,2.0
153514276,unnecessary,Aurum,0.0,0.0
153662397,dgz,5 silly mice,0.0,3.0
153727297,dbta2,DIREBORN,10150434.0,1.0
153743768,Tz.,Team Bright,9018664.0,2.0
153836240,0000,TeamDk,0.0,1.0
153920933,felyx,KUPITMAN TEAM,9896075.0,1.0
154050974,difference,R2D,9907765.0,1.0
154057366,Bobbieyow,Greekz,8406830.0,1.0
154147313, Renoir,Golden Fire Riders,8780452.0,1.0
154509738,RR.COBRA,Red Raiders,9425776.0,1.0
154672377,LAZARUS,Team Vortex,0.0,2.0
154715080,Abed,PlayTime,10207983.0,0.0
154921394,GrOOm,V1dar Gaming,9278328.0,2.0
154974246,RCY,GamerLegion,9964962.0,4.0
155162307,Smiling Knight,lft,0.0,1.0
155332459,Matthew,BOOM Esports,7732977.0,2.0
155336145,Honii,The Elite Clan,1885863.0,2.0
155430086,yuuui,全才战队,0.0,0.0
155439258,Big Howe,TRIES,9885271.0,3.0
155447692,dalul,DIREBORN,10150434.0,2.0
155494381,TIMS,BORED,10251937.0,2.0
155564702,Belony`,Team Lynx,0.0,2.0
155759003,josueloquito,Legendarios,9767875.0,1.0
155920682,Low,GoonTeam,0.0,1.0
156006059,Kieldwie,DotaFlow,10075914.0,3.0
156029808,Carlo,Blacklist Rivalry ,8668460.0,2.0
156328257,Fbz,REKONIX,0.0,3.0
156388046,crystalblanca,royalpuppeys,0.0,3.0
156464053,AL®,Saclo-Team,7119359.0,2.0
156485213,waveformn,4ikibamboni,0.0,2.0
156554571,Auraro,SHIZA.TEAM,10143588.0,2.0
156662698,Ava阿发,Piggy Killer,9017079.0,1.0
156701200,$$K.1,Tentacle,6238930.0,1.0
156826614,Alza,Team Ghull,0.0,1.0
156961898,ERISEU,BeerBoom,0.0,2.0
157016928,Dro,П+С,0.0,2.0
157155965,Ashang,Mad Potatoes,9292045.0,3.0
157475523,XinQ,Xtreme Gaming,8261500.0,2.0
157724782,ALO:),Team Redemption,7894322.0,1.0
157830088,911,Russian Space System,9907154.0,1.0
157953575,ashkhatoyani,Kobald Zigadir,8656734.0,3.0
157989498,Scofield,PlayTime,10207983.0,2.0
158072796,Covisnine,Nemiga Gaming,5014799.0,1.0
158210581,S4NT4ND3R,Team Sideral 2.0 ,10142785.0,3.0
158228388,ykyp jr,Team Necessary,10137538.0,2.0
158358700,vanescaaaa,Without Hesitation,2400360.0,1.0
158425391,jedd,InterActive Philippines,0.0,1.0
158498049,iMp,,0.0,0.0
158747754,totsuke,Солевая шахта,8197803.0,0.0
158845062,FluidynamicTuna,God's Pig,4918106.0,2.0
158847773,天命,Yakutou Brothers,0.0,0.0
158906315,Ratchet,TheShiniGamis,2116622.0,2.0
158949033,Nirsense,SHKVARKI,10163726.0,1.0
159050197,Xith,Rage gaming,10135768.0,1.0
159398211,BirkaSwaga,SEVERSTAL',9781541.0,3.0
160102698,Ykiubi,Sorry If I took Forever,0.0,3.0
160119017,Fayde,GamerLegion,9964962.0,1.0
160581817,ronova,FARMER TEAM,10089523.0,1.0
160708663,LUN,Yangon Galacticos,7653080.0,2.0
160818632,yolu,shroud ,10135852.0,1.0
160996653,APECTOBAH,Burmalda,10150701.0,1.0
161072811,RRL,Ravens,8230115.0,4.0
161092840,LinGa~,Tt Game,0.0,2.0
161158932,YuL <,GoD SecreT,2240271.0,2.0
161385728,-Wetto-,TDS Empire,8612222.0,2.0
161595677,N1NJA,SAND KING GÓMEZ,7626304.0,2.0
161711604,slark,DF YOUTH,9956150.0,2.0
161839895,Antares,Team G,0.0,3.0
162143238,MrHurakan,Novosib Wolfs,0.0,1.0
162274034,Dric~,Yangon Galacticos,0.0,2.0
162325732,kirai,4moshi team,7462113.0,1.0
162476181,Frichi,The Last Dance,10034100.0,1.0
162554105,Cekki,Golden Fire Riders,8780452.0,0.0
162564224,devilmaycry,Team Blur,10150604.0,1.0
162607746,Maxina,NoMagnus,6542995.0,1.0
162637775,Brizzlix,manassas,9224886.0,3.0
162641196,ENRYU,Polaris Esports,8525778.0,1.0
162644328,Belk/A/,Krasyliv Team,10157357.0,2.0
163042691,Developer of echpochmak,ACOUSTIC DOTA CLUB,8813826.0,1.0
163061132,Stoic,Flame Esports,0.0,2.0
163114553,FatalisT921,SEVERSTAL',9781541.0,1.0
163124110,Wings.shadow,Daddy's final chance,10170469.0,2.0
163458082,ряф^^,Sibe Team,9081007.0,1.0
163855721,Ksips,POVole slychaya,10150688.0,1.0
164027898,hatekrime,TA TAM TEAM,9299262.0,1.0
164047347, 86,Team Spirit Academy,9948367.0,1.0
164199202,9Class,TEAM VISION,9572001.0,2.0
164213148,SeKai-,Nethercore,9109753.0,2.0
164264945,RedTie,TEAM YAOBIE,10014558.0,1.0
164506534,bottega,MODUS,0.0,1.0
164530809,clove,Roar,9885310.0,2.0
164532005,Armel,PlayTime,0.0,0.0
164636049,Patrikas,Partizan,1081332.0,1.0
164685175,k1,Amaru Gaming,10108655.0,0.0
164804286,€MA,Team Innocent,8252781.0,2.0
164922871,Project ^$,Project ^$,0.0,1.0
164962869,Shad,Team Bald,0.0,1.0
165110440,Retsu,HYDRA,8588969.0,1.0
165178538,ss,Roar,9885310.0,3.0
165564598,MieRo,BETBOOM TEAM,8255888.0,1.0
166166312,D1N3RO,SaltPower,0.0,3.0
166334619,IYO,剑指傻雕,0.0,2.0
166806255,hotoke,Hive,10001733.0,1.0
166807175,desola1ed,tiltedsquad,9019683.0,1.0
166830301,OKbro,时代老年团,10144956.0,0.0
166948225,a_610,,0.0,1.0
167154970,Чиволипарси,Южик,7504615.0,1.0
167195707,Simple-,BeerBoom,0.0,1.0
167488455,do6,Six Cats,0.0,1.0
167874436,rng,Raven Squad,8835556.0,1.0
167888151,but,NewNew,10138332.0,0.0
167949300,Zoommo_,Seize the day,9600214.0,2.0
167976729,Yuragi,Team Jazz,0.0,1.0
168028715,flyfly,Game Master,10008067.0,1.0
168075100,杨武韬,VALVE,7444119.0,1.0
168126336,Cloud,AVULUS,0.0,1.0
168229861,Spider Man,Survive Something to Avenge,9996851.0,3.0
168361176,Nyao,REKONIX,9828897.0,2.0
168615119,SushNik,Южик,7504615.0,2.0
168649502,Daafs,Piscao M,10129845.0,1.0
169042154,Spec0ps,CRYSTALLIS PRIME,10138141.0,3.0
169128143,afey,Crystallis Castles,10150715.0,3.0
169230094,~zoyobtw,THE FUCKERS,10196274.0,1.0
169246867,Protomeranets,Luboye Nazvaniye,9698280.0,3.0
169347380,Aoba,Swift Execution,8810012.0,2.0
169359999,kendallx,Hokori,7119077.0,1.0
169416589,Czy,MAG.Yolo,9075558.0,2.0
169477784,À-ßÒÝツ,Phenomenon,0.0,2.0
169485567,patrick,BARCELONA ,10170614.0,3.0
169621707,Проектор,cryСТАЛЬ,0.0,1.0
169622930,InyourDream,S2TUPID,10135691.0,1.0
169762088,Des1re,Team  Reversal,9849976.0,1.0
170017048,Yume-,Team Redemption,7894322.0,2.0
170042348,Kagami,Team Secret MN,2351284.0,1.0
170332807,ravnovesie,KUPITMAN TEAM,9896075.0,1.0
170614144,tirs,HF,8724829.0,1.0
170614925,CapybaridZE,D1sabled,10144442.0,3.0
170866393,Kalgami,Kachudo'sTeam,0.0,1.0
170893123,ZomokotoV,SaltPower,0.0,1.0
170896543,YSR-04E,Team Resilience,5017210.0,1.0
170984484,月饮江寒,Moon_C,8843594.0,1.0
171097887,Nande,Dandelions,0.0,1.0
171151047,jolin,Tirana Tigers,9718707.0,2.0
171177877,Joz1nko,Spacers Choice,7565664.0,3.0
171212048,t0nail,Kami Kuryente,9938600.0,2.0
171262902,医者watson`,Team Yandex,9823272.0,1.0
171528218,Nephrite,Blood Reavers,10137706.0,1.0
171529515,kairu,suffocaters,10136352.0,1.0
171777907,fading,5chudsnoanchor,10144867.0,1.0
171818457,robloxhorormusic,Cursed Souls,10135660.0,1.0
172099728,Kiritych~,BETBOOM TEAM,8255888.0,1.0
172206602,evilcome,Atomic Desire,8750085.0,2.0
172276619,fraqqerz,MOLITES',8591179.0,2.0
172434519,danyloh,BaDogS,2845299.0,1.0
172812669,Clevermen,,0.0,2.0
173013653,AMERI,GENTE SIN FUTURO,10150933.0,3.0
173232310,Zoey,MidnightSale - Gaming,8185620.0,2.0
173300921,Gallo,TRIES,0.0,1.0
173378701,Bob,Execration,8254145.0,1.0
173393370,666,ForeverYoung,7499988.0,1.0
173522066,Wa3Wa3,Team Toxin,10137832.0,1.0
173530451,БУМАЖНЫЙ ТИГР,Stell Titans,10094907.0,0.0
173539244,erase,L1GA TEAM,0.0,0.0
173621386,ИТАЧИ ,ritashidog,9408618.0,0.0
173842160,Ang3l^,Estar Backs,9678463.0,1.0
173978074,NothingToSay,Xtreme Gaming,0.0,4.0
174517288,CAVEMAN,MIT Esports,10170830.0,2.0
174700120,Marius,Survive Something to Avenge,9996851.0,1.0
174767747,L1RA2,Pleaze Gaming,0.0,1.0
174968487,Nanako-,Qhali,8702318.0,2.0
174988578,Crayon,Giga Creeps,10144196.0,1.0
175311897,swedenstrong,enjoy,0.0,2.0
175405490,YABOOTORO,V-PRIME,0.0,1.0
175784908,Jinx,Jinx,10137576.0,1.0
175922697,waveafterdead,Total Control,10157915.0,2.0
176071155,Budzzza,Avocados From Mexico,9850167.0,2.0
176095699,[GGBT]Yaulilo,GG BroThers ,10143988.0,2.0
176300006,Arata,Eaters of Fear,9878182.0,3.0
176372519,Nine Nz,Six Cats,10150500.0,2.0
176461082,SEREGA PUSHKA,enclave,7818637.0,1.0
176469242,Luffy,Team Toxin,10137832.0,1.0
176616331,Yona,Winter Squadron,10101762.0,1.0
176617166,Umbro,Legendarios,9767875.0,2.0
176858087,SanteBiano,podGAZAN TEAM,6613748.0,1.0
176907645,50 pennies,1K ПОМОЙКА,3746416.0,1.0
176923146,tr3bol-,GIOR DOTA,0.0,1.0
177007348,zxhadesss,AllMighty,2942497.0,1.0
177177949,threexxxD,clowns ne na ochke,7683713.0,1.0
177187550,MALefic,4 Gooners,9652226.0,2.0
177197625,tovarich_mopson,PZU,10150376.0,2.0
177203952,Yuma,PlayTime,0.0,1.0
177411785,Daxao,LEVEL UP,3322951.0,1.0
177776667,qwwq,,0.0,3.0
177798748,starless,BŮČCI 5 VŮNÍ,9742838.0,1.0
177953305,Yadomichi,Estar Backs,0.0,2.0
178008920,whatswrongwithme,Burmalda,10163667.0,1.0
178043545,♛ Ee Zed ,Team Cinder,7938017.0,1.0
178089386,guoSS,Ding’s brothers,9601289.0,2.0
178146361,jbisss,SHKVARKI,10163726.0,1.0
178399087,Ares,,0.0,1.0
178744520,rex.y,Polaris Esports,8525778.0,0.0
178754073,Ferrari130 <,Penguins Squad,8272699.0,0.0
178970097,Blind,Team Innocent,8252781.0,1.0
179284293,Guré Léiman,Lava Esports ,8737621.0,2.0
179313961,7e,Yakutou Brothers,0.0,1.0
179326465,nyOkiee,Rolling Mayhem,10001753.0,1.0
179469240,IP777,Easy Gaming,8638867.0,1.0
179542976,Ctfoee,Luboye Nazvaniye,9698280.0,1.0
179633097,kursed,Rakuzan Team,9716183.0,1.0
179637729,Mit,SheBao,4366590.0,1.0
180068601,AMMAG.THE.F,MEONGGOLOIDS,8944518.0,1.0
180775030,凛凛``,Lindorfitos,10150568.0,1.0
181074242,Deckart,Brad y sus amigos,8705460.0,1.0
181267255,OneJey ,Mentality Monsters,0.0,2.0
181467648,3377丶,时代老年团,10144956.0,1.0
181538301,vinder 19/09,Happy Boys,7780838.0,1.0
181594556,Mana,Alice,9946821.0,1.0
181645700,EldeR-,TEIKO,6937607.0,2.0
181716137,inYourdreaM,REKONIX,9828897.0,1.0
181774949,Creepachyo,LFT,0.0,2.0
181987328,Askles^,Shizageddon,0.0,1.0
182119836,MATYMBA1337,TwoPR,8153844.0,2.0
182322692,fYoung年轻的神~,TeamDk,9799036.0,1.0
182437250,Пивной колбастер,DEMONDESTROYERCOMMANDERAPPARACIONPROTECTOR,7871205.0,1.0
182576483,長風,Nice Comfortble Home.国光金店,1569469.0,0.0
182621247,LJF,白马河战舰,10143815.0,1.0
182878842,4ndreyJS,The Atomic Dog,8359552.0,2.0
183032666,夜,伍佰应援团,7798212.0,1.0
183057960,Benjimon ^^,Hokori,0.0,1.0
183126002,CoYoTão,Team Cobra,10250936.0,2.0
183230289,ZXE,Last Dance of PPX,10088663.0,2.0
183378746,皮球,Team Aster,6209166.0,2.0
183480072,yrkilohy,ZXC Vityaz,8557556.0,1.0
183719386,AMMAR_THE_F,Team Yandex,9823272.0,1.0
183980454,CAKC,CAKC,8399730.0,2.0
184138153,Masaros,BLEED,8214850.0,1.0
184140408,Amane,Partizan,0.0,1.0
184192850,kolch,MIT Esports,0.0,0.0
184455528,aloegarten312,,0.0,0.0
184620877,kasane,MODUS,0.0,0.0
184888058,JustGod,Zerkal`naya Bogda,0.0,2.0
184950344,Kuku^,Talon,8597976.0,2.0
185001854,SYogye,TeamDk,9799036.0,2.0
185059559,Till The End,_PowerRangers,55.0,0.0
185108948,Ohm Agad,Team Shattermind,9414358.0,2.0
185202677,Kotarō Hayama,TYJ.sGty,5866678.0,3.0
185576371,Squall,DestroyItems,8203841.0,1.0
185590374,Niku,Natus Vincere,36.0,0.0
185646215,Nov.,11,9425949.0,2.0
185908355,Lou,Yakutou Brothers,0.0,1.0
186239908,『文艺复兴』```Buonarroti,Поколение чудес,9833925.0,0.0
186266720,Fin,SOG,9531587.0,1.0
186273829,Gladkovka,Team 52minonsgang,10137269.0,2.0
186311072,SIDW,4moshi team,7462113.0,2.0
186482291,-xCatx-,暑假上统帅,10143652.0,2.0
186574509,frezqy,Team Nova,9907127.0,1.0
186837494,Wu,Pibbles Corp.,10208608.0,2.0
186949572,VAY,Homra,7020042.0,2.0
187119066,chima,Dolbaeb Gaming ,8127928.0,1.0
187123736,Norma,Inner Circle x Insanity,10251974.0,1.0
187598840,Farhat aga,Registered seks offenders,0.0,1.0
187800104,67,Team anvorgesa ,8106922.0,0.0
187824320,Kitrak,Shopify Rebellion,39.0,2.0
187910913,MamkinaOtrizka,DolbyYebi Enterprise,9745853.0,0.0
188024905,Dashka,Midas Club ,3477208.0,1.0
188037232,Zed,5 silly mice,0.0,1.0
188145293,pupoksv4,Nova Sapientia Mundi Team,9346969.0,1.0
188164025,Bambú,Mad Kings Esports,8740097.0,1.0
188177463,sussuu,PAKRAMATY,10137272.0,3.0
188189774,Lhama,Agility X,3251536.0,1.0
188298893,鈴Hermes,ECLIPCE,10150496.0,1.0
188351504,Aidar,Team Spirit Academy,9948367.0,0.0
188430066,ddddd,WOW,10115700.0,1.0
188430155,kencurrieart,Nazvanie,8372259.0,3.0
188508451,刘亦,全才战队,10150609.0,1.0
188763118,unexpected!!,Motilek,8262006.0,1.0
188953151,Ice Coke.,Cloud Rising,9886289.0,1.0
189155334,Teacher_Bauer,Seven Sirens,10088665.0,2.0
189275772,RMC,Team Parasha,10170405.0,3.0
189403988,qaleka,Поколение чудес,9833925.0,1.0
189616322,CHEKA ♥ <,TEAM ALCANTARILLA,9352117.0,0.0
189678080,DJ!,Bada Bing,10041334.0,2.0
189901259,Xardas,YAICA,9477218.0,1.0
189972946,DONT MAD,,0.0,0.0
189977584,Fool,Tt Game,0.0,3.0
190269566, ‌XiuDerom Bow,Team Dash,9791251.0,4.0
190600707,TheRealYou,Team Boyko,9966280.0,1.0
190667264,Sypher,P9,9948247.0,1.0
190668230,Yisus,Selva Esports ,10121467.0,2.0
190826739,BOOM,MOUZ,9338413.0,1.0
190916302,miC,NoWisp,6765359.0,1.0
190942586,СoreHex,ReDragon,8597645.0,1.0
191008932,AnGeL <,ninjas,0.0,0.0
191155214,Zetsuken,Network Inspiration,8599371.0,2.0
191254067,scarlet,Sibe Team,9081007.0,3.0
191290281,Lumière,Pibbles Corp.,10208608.0,1.0
191362875,Speeed,GamerLegion,9964962.0,2.0
191401495,M60B40,E34,10143904.0,1.0
191597529,Q,Grey Track,0.0,2.0
191773569,神乐,dota五人行,10020099.0,2.0
191830783,tidEman,Jedzie Tramwaj,9388069.0,1.0
191905874,art3mkq,Throw  Team,10242825.0,2.0
192061586,eskzera,São Pedro Dota Team,5038179.0,2.0
192089161,Mast1v,Raven Squad,8835556.0,3.0
192120253,emp,The Bug,10170364.0,2.0
192201362,troll_zor,Wechoose2lose,2369357.0,2.0
192352876,ZaraThor,ZaraThor+4,0.0,1.0
192610263,Dead Man Walking,Team SPIRT,9454912.0,1.0
192701378,Big Bob,TEAM_WEAVER,0.0,1.0
192751324,ENIMOA,buCHEMP,8709521.0,2.0
192819341,sj,Holy Grail,9018710.0,2.0
193003411,DarkSoul- ,Ludun Mortis,3740241.0,1.0
193111773,цундере,,0.0,0.0
193564777,tv/otakerdota,Looking f team,7356807.0,1.0
193702114,Lumière龙<,mm,9915303.0,1.0
193766950,nárcissism,ABSOLUTE TEAM,9782011.0,1.0
193815691,Q,TEAM GRIND,10135834.0,2.0
193884241,ponlo,Ilbirs Esports,0.0,2.0
193938955,Ananas$s,,0.0,0.0
194057091,MightyZeus,MightyGods,2647338.0,2.0
194106874,Alvinho,MIRACLE OF THE MOUNTAIN,10143860.0,2.0
194128480,板面,白马河战舰,10143815.0,3.0
194521913,Benjaz,noMERCY,8680612.0,1.0
194714846,Lena3b,Five Creeps One Dream,10136548.0,1.0
194894704,ckruper,Platoon,9749956.0,1.0
194950136,PROTECTOR,Crystallis adepts,10144620.0,0.0
194979527,shigetsu,Yellow Submarine,0.0,1.0
195013161,Nedavniy,Lunaris,9895361.0,1.0
195072449,sheep,Cloud Rising,9886289.0,2.0
195108598,Noticed,TEAM VISION,9572001.0,1.0
195543240,IZZZI,GGNA30,7012676.0,1.0
195688091,человек паук,bc.game,9174269.0,1.0
195821717,christie,,0.0,2.0
196185227,MoonLight,Modo Serio,0.0,0.0
196400041,Se,Inner Circle x Insanity,0.0,2.0
196481318,Panda,LEVEL UP,3322951.0,4.0
196482746,darkniA,Two Move,10136133.0,1.0
196490133,Focus,JustBetter,9280056.0,1.0
196599747,Angel Eyes,AQUILAS,9488852.0,2.0
196617903,Lovely,Mad Kings Esports,8740097.0,2.0
196670605,Carl,GIOR DOTA,0.0,2.0
196750912,h,,,
196774654,rxwe,D4 SQUAD,8571725.0,2.0
196843102,BarackAgama,Sons of Agama,10150700.0,1.0
196878136,Kataomi`,BETBOOM TEAM,8255888.0,2.0
196903563,Zora,Vira-Lata Caramelo,9285486.0,2.0
197463631,Fearing,322 Official,9895972.0,1.0
197525587,lamperouge,ggboom,9866136.0,1.0
197547532,Astral,JustBetter,9280056.0,2.0
197574429,Luffy,Zetta Games,0.0,1.0
197715009,Serendipy,Thunder On SunSet,7915899.0,1.0
197745833,Fanker,QCOLD TEAM,10163432.0,1.0
197813893,YiSuS,Chandogs,8965331.0,3.0
197819335,Dark_Matter,Aura eSports,9885460.0,1.0
197849259,Mercy,Aster.Aries,7453020.0,2.0
197907787,Lav1Las,Team Wardens ,4705141.0,2.0
197989888,h0witallbegan,AnalOG,10144674.0,2.0
198028868,Xialon,Modo Serio,9223541.0,1.0
198156197,Thirai,Pure Pleasure,10142778.0,2.0
198370879,Brusnika,AnalOG,10144674.0,3.0
198589657,IXWHYEYE,Gachimnasium №127,8470233.0,2.0
198631761,RedNTP,cincai team,10170178.0,3.0
198755160,りだつ‐しょうじょう,蜻蜓男神粉丝后援会,0.0,1.0
199253956,Xlebabas,Team4Tune,9536258.0,1.0
199468293,マーニー,Google,8224218.0,1.0
199548080,TulkaW,Killer from Cobinka,10136126.0,1.0
199833749,Spider-Man,D Family,0.0,1.0
199865199,King,Nexus,8186194.0,1.0
200037203,NORMAL END,The goal of all life is death,9315393.0,2.0
200131345,X_KAKASHKI_PRIME_X,D1sabled,10144442.0,1.0
200167724,Sye <,Kgb,10115944.0,1.0
200263107,Whatuwnt,Team  LDM,10149929.0,1.0
200392001,Hmr.Admin,Homra,7020042.0,1.0
200821308,BfY,ChertiTeam,9652224.0,1.0
201206759,SooQb,Raven Squad,0.0,1.0
201273785,Aswang,BigBiba,9265558.0,2.0
201311526,Zy`,Timebomb,7266156.0,2.0
201358612,Nisha,Team Liquid,2163.0,4.0
201590698,striker,Papsakaya Mogila,0.0,1.0
201839043,抖音快乐面条,抖音快乐面条,10242186.0,1.0
202135375,番茄木雕,白马河战舰,10143815.0,2.0
202217968,Emo,Yakult Brothers,9351740.0,1.0
202318582,Ayiakoz,Demons Warriors,7408955.0,2.0
202392172,klassnokruto,Sibe Team,9081007.0,1.0
202464276,暗い影,Lindorfitos,0.0,1.0
202643243,Kadask,Team  LDM,10149929.0,2.0
202864208,chenopicker 陈,CHENpions,9981021.0,2.0
202904153,Chkudi,Uncrowned Kings,10170826.0,2.0
203351055,Malik,Pipsqueak + 4,10150633.0,3.0
203596299,7,Sad BoyS,9359856.0,2.0
203878867,pestov300,DeadKid,10170058.0,1.0
203961150,`DαrKnesS-<3,Rectify,8538804.0,1.0
204044809,fen,TheDarkS1d3rs,5248129.0,3.0
204584899,enarmor3d,Save this reality,10144727.0,3.0
204651440,Candy,lol,8644048.0,2.0
204724326,Son1c,Astrid,0.0,1.0
205386205,Charmy,WW Team,0.0,0.0
205591201,★Wind_Old_♥K♥,BLACK STARS,9309429.0,1.0
205654228,James-,Qhali,8702318.0,4.0
206097366,queezy,Level UP esports,0.0,2.0
206266593,GG BOND,ggboom,9866136.0,1.0
206379758,CDR,Neon Esports,8360138.0,1.0
206402547,Abbaddo$,,,
206642367,Ghost,Conventus Stellarum,10261180.0,1.0
206684131,DanShi,Rage Team,10144790.0,3.0
207092454,Googoobells,Noobs,7498324.0,3.0
207452610,EgocentricK1d,EQUIS SOMOS CHAVOS,9086309.0,3.0
207527352, chipikao,BALU TEAM,10101793.0,3.0
207829314,BoBoKa,Team Refuser,10007878.0,2.0
207853211,OldSy4,smurf power,0.0,2.0
207905941,Makito,The Pibbles,10137871.0,2.0
207916561,czrz,GIOR DOTA,0.0,2.0
207960196,ADHD,ChillZone,10163766.0,1.0
208007887,Ma1ko无敌,Кузя Лакомкин,9629925.0,1.0
208017745,DEMIGOD,Team EVOS,6953849.0,1.0
208248291,bbnoyahu,Sesbian lex enjoyers,10142726.0,3.0
208255380,fjwedi,DemonDestroyerCommanderApparationProtector,10096244.0,1.0
208265877,Fen,Slayers,2415527.0,1.0
208384137,hanby▼,MightyGods,2647338.0,2.0
208501466,Поллюция,Crystallys(prime),10150663.0,3.0
208722415,dank,DestroyItems,0.0,2.0
208785811,DanSing,4 Includes + Void Main,2480476.0,1.0
209287073,khishka,IHC,9005019.0,2.0
209725829,1.KLA$$,2k pts,10176623.0,1.0
209783719,blanko,Last Chance,9032329.0,1.0
210040005,Angel,Save this reality,10144727.0,0.0
210053851,lorenof,Nigma Galaxy ,10136357.0,4.0
210483385,totalizator,DOBRIKBOBRIK,9367195.0,1.0
210494519,poppy_bo,TRAVOMAN TEAM,10088844.0,2.0
210556847,loosya,4moshi team,7462113.0,1.0
210568451,seevend,,0.0,1.0
211088699,so_lomkaa,,,
211101926,smooth,pudge gaming,9019736.0,1.0
211252549,ynaza,SaltPower,0.0,1.0
211380261,aitanbek,Dolbaeb Gaming ,8127928.0,1.0
211527003,amupix,amuteam,10108752.0,1.0
212011074,谢乐zzz张泽中,Cloud Rising,9886289.0,2.0
212411038,NerouN,KISHENEV TEAM,9939142.0,2.0
212432211,Osminogha,Церковь доброй воли,7937445.0,1.0
212560917,Kokz,Geek Fam,9346249.0,4.0
213285934,apt,Midas,8435770.0,1.0
213354959,life is life,LLG,10164242.0,2.0
213657038,飞鸟以天空为巢,SUPER BAOBAO,10157851.0,0.0
214217757,zxcemoking,UnderBeerGaming,9785635.0,1.0
214556903,whiteprince死神,Cloud9,8605863.0,1.0
214670510,Mute All Chat ✓,Team con Estudios,10182083.0,2.0
214853734,DkFogas,Matreshka,8838314.0,1.0
214871634,Logan,TiltedBoys,7584152.0,0.0
215073905,M3liodaS,Meraki Gaming,0.0,2.0
215149450,Je vois la peur dans tes yeux,TI14 WINNERS ,9775935.0,1.0
215654982,hugh janus,Gank Syndicate,10145457.0,3.0
215701085,EternalTilted,diving team,8855602.0,1.0
216006997,qianqiu,时代老年团,10144956.0,3.0
216046097,qyzyq,,0.0,2.0
216686181,人類天敵,God Hand,9781350.0,1.0
216851863,Gentleman,Madness Dota 2,6766822.0,2.0
217005329,SATANAS,SINSENCILLO,10150603.0,1.0
217472313,Xakoda,Yellow Submarine,2576071.0,2.0
218118243,Донная Мощь,AnalOG,10144674.0,2.0
218231587,not_me,Team Spirit,7119388.0,2.0
218367241,Ken,Team Nemesis,9691969.0,1.0
218606281,Fnk,Agressiv Style,9572165.0,2.0
219029987,TENDRILL,Burmalda,10150701.0,1.0
219755398,Jîng,Team Nemesis,0.0,2.0
219807631,yuuzzzi,Dolbaeb Gaming ,0.0,1.0
220114337,lundd,Eoka,10170719.0,1.0
220223058,jeyrich,Team Hryvnia,9530783.0,2.0
220255451,Concho,UCV,9860199.0,2.0
220804071,T0phs,Avalanche eSports,0.0,2.0
220804614,Maicol,BEAST PREDATOR ,8392398.0,2.0
220824173,チェルさん,ТюмГУ,10109285.0,2.0
220873753,糯米小麻花,OG,3214542.0,1.0
220931934,sʞǝʌ,ZeroIQ,8602698.0,0.0
221400241,Benek87,Pure Pleasure,10142778.0,1.0
221532774,kur0patbI4,lft5,10241985.0,2.0
221599989,ЦАРЬ,BUDKA,0.0,2.0
221638005,Maltose LT.Qiao,TI10 Champions,9774742.0,1.0
221666230,Quinn,"NA, we'd win",10163791.0,1.0
221710633,† inquisitor †,DemonDestroyerCommanderApparationProtector,10096244.0,2.0
222580406,JiNaniz,пту рогачев,9988312.0,1.0
222723591,PianoOfDeath,BallCock Civilization ESports,4980706.0,2.0
222838245,Skeleton,Team Spectre,7573641.0,3.0
223344914,Irving,Team Bright,9018664.0,1.0
223382342,dualrazee,Inner Circle x Insanity,10251974.0,1.0
223734486,POZ.DNO,UROBOROS,10135949.0,1.0
223743422,Benjo,jablo,0.0,3.0
223774507,DB.captain,DreamBelief,2826956.0,2.0
224981103,shtaii,Солевая шахта,8197803.0,1.0
224994627,SweetPain,The House Esports,0.0,1.0
224995945,Kyria,LIDER ALTER,8747008.0,1.0
225000265,JustTrustMe,Kobald Zigadir,8656734.0,2.0
225817198,JupLek,The Monkey Geniuses,7355801.0,1.0
225817958,qwolly,Mopsyarka Team,10164040.0,1.0
225866831,96,teamaura,10183173.0,1.0
226135101,idcidcidc,,,
226166695,...,RvG,8343729.0,0.0
226503930,5O5YN,D1sabled,10144442.0,2.0
226786631,kaeioet^^,BALU TEAM,10101793.0,1.0
226960041,GOS,Beat It,9231552.0,1.0
226973946,GaLeXcIs,Spacers Choice,7565664.0,1.0
227657377,Summer,Holy Grail,9018710.0,4.0
227995781,間 ,Grey 59,9114805.0,1.0
228128107,funalkin,OMSKIY GAZMYAS,9887234.0,2.0
228135329,Inode,Team Dodiks,10136254.0,1.0
228516683,Dominic,HYDRA,8588969.0,1.0
228517469,bombi,Neon Esports,8360138.0,2.0
228548159,Solar,Xset,9965814.0,2.0
228643097,yantero,Tempest,0.0,3.0
229373569,ITALLXD,REQUIEM OF CRYSTALLIS,10088608.0,1.0
229978198,Beerkut!,Apostles game,9419664.0,1.0
230098600,Nesfeer,Sibe Team,9081007.0,1.0
230342574,OG.rOcK,,0.0,3.0
230396535,Mellow,AKAPULKO,9273072.0,1.0
230487729,Ekki,Pipsqueak + 4,10150633.0,2.0
230580807,Kitzz,GRIN Esports,8406842.0,2.0
230617400,Night,future esport,9784780.0,0.0
230780727,Pegasus,BEAST SHAOLIN,8556423.0,2.0
230914078,Yasha,LGD,10232565.0,1.0
231496755,Prince-,Vz.Baddie,10251979.0,2.0
231653733,friendly,Team Prodigy,0.0,2.0
231760018,L1mer- <,Inv1cible,6195971.0,1.0
231761206,Dokach,a chto nelzya,8829814.0,1.0
231969101,psy-radiation,Leha Zubok,9957361.0,0.0
232000805,pipi,时代老年团,10144956.0,2.0
232258489,kch3ad,Parkovie,9455131.0,2.0
232356398,taF,BŮČCI 5 VŮNÍ,9742838.0,1.0
232372125,cry moment,Gomosektorat Arsenia,9454096.0,2.0
232589581,Grija,Shadowrazeki,8880782.0,3.0
233188110,大罪,Crowned Raven,8579813.0,1.0
233268830,Shark,EGOISTS 2.0,10115425.0,2.0
233706218,icysnow,Yellow Submarine,9455253.0,2.0
233861978,Aldair,Qhali,8702318.0,2.0
233928463,Noblesse⚔⚔⚔⚔⚔⚔⚔⚔,Tishe edesh ,9917808.0,2.0
233940074,Gotham,misolo5,0.0,2.0
234119750,yowaai,Rune Eaters,0.0,1.0
234162477,Breakable,,0.0,0.0
234886979,kNUcKlE,Paris Saint-Germain&LGD Gaming,6212653.0,1.0
235089895,Asado,SaltPower,10136306.0,1.0
235107163,HaDe,Living Legends,5127372.0,1.0
235237981,hereto,InTeam,8398548.0,1.0
235532110,Arthurmenos,AGROPESCA JACARÉ,9981353.0,1.0
235585700,Desperate~,NoImprove,8391724.0,1.0
235652003,z a c k i e ,Allstars,9844212.0,2.0
235798402,Arien,Mad Potatoes,9292045.0,1.0
236215455,frontalis`,TarantulGaming,8729691.0,3.0
236320342,Deadpool,Villains,8690990.0,2.0
236439031,Inflame丶<,Dynasty Esports,9309602.0,1.0
236538994,Zakich,DRAGFIRE,8469179.0,2.0
236582338,shizocvrse,close game),9380922.0,1.0
236778342,Atsuko,ECLIPCE,10150496.0,2.0
236942591,wayofury,kapustnye devochki,10260528.0,2.0
237450511,XiaoG,NoName,10115107.0,1.0
237529610,Zeppik,,0.0,2.0
237578577,lost,Made in Philippines,8736661.0,2.0
237610210,Shura Glitchless,Most,10191760.0,0.0
237750255,Felc <,ggb,9813041.0,1.0
237885774,DezRaptor,Team Orchid,10135965.0,0.0
238146811,ILZH,Natus Vincere,36.0,0.0
238779774,Sault,Team MUSHROOMS,9808521.0,1.0
239230502,Euphoria~,Hokori,7119077.0,1.0
239725987,~putlong,PAGPAG LOVER,10054550.0,3.0
239875695,Lnep,NewNew,10138332.0,2.0
240030490,L o n e D u k a p,Viktor & Co,10144589.0,0.0
240152029,My SweetPrincess,ForeverYoung,10137527.0,3.0
240772739,ByAlen,BEAST SHAOLIN,8556423.0,1.0
241107899,RA1NCLOUD,Grey Track,10157562.0,1.0
241137761,демон,Averiour,10144048.0,1.0
241519559,dream`,Zero Tenacity,0.0,1.0
241595802,Portgas_D_Ace,Burmald1mTeam,10144869.0,2.0
241596924,асламбек,Bada Bing,10041334.0,2.0
241703332,Artemisad,United Unicorns,10001653.0,1.0
241752165,dddamaged,Viktor & Co,10144589.0,2.0
241828028,Lirezzz,Адепты Подика Жижкина,8815723.0,2.0
241884166,Hellscream,Virtus.pro,0.0,2.0
241904650,StinkyDotA,Sector X ,9375756.0,2.0
242328580,w44,TRUE BIG LEG,10164083.0,0.0
242427985,danil_pump.,SaltPower,0.0,0.0
242460762,cnofbmal,k4ay,10138202.0,3.0
242706154,истина,tyhiy tyhiy murz,8526868.0,1.0
242835570,seimei,Carstensz Esports,0.0,3.0
242885483,Pamplona´,Zetta Games,9600331.0,2.0
243099162,Kato,GLACK TEAMS,10136867.0,1.0
243141232,VengaFuturo,Dark Knight Silver Wars,4645530.0,1.0
243503977,Gorlomir,GGNA30,7012676.0,3.0
243512797,iwepgg,Inquisitor's,10176841.0,1.0
243571347,Leoestilo,,,
244516823,Rize,<3,7958896.0,2.0
244695857,LeaFF_uck,Red Rhino,0.0,2.0
244761253,PKZS<,Incubus Club,0.0,1.0
244763005,eclipse,le team karasiky,10157708.0,1.0
244897556,snejok,,0.0,0.0
245028777,Lole4ka,DemonDestroyerCommanderApparitionProtector,10150667.0,1.0
245149908,melior,SEVERSTAL',9781541.0,1.0
245155248,yeap buddy      ,Team Eleventh,0.0,1.0
245247805,Riceshower,22/7,9839132.0,1.0
245260420,GiO,Nigma,9866885.0,1.0
245509117,~seyferens,twitch.tv/arsekvon_,9775053.0,1.0
245782388,Mako,,,
245835807,еvarvlu,MAGMA,0.0,2.0
246110568,Eromare,Order of the Night,9322607.0,1.0
246907484,SUPER,SELVA GAMING,0.0,0.0
247044139,s4,Alliance,10219373.0,3.0
247191145,Midson,sybau,9938933.0,1.0
247265556,Dottie!!,Team Toxin,10137832.0,3.0
247487336,Soffrendo,BallCock Civilization ESports,4980706.0,1.0
247589004,BAKAMAKA,Nova,0.0,1.0
247600417,Konaric-,Team Warta,0.0,1.0
247899957,sev4ick,soslo,0.0,2.0
248180032,Michael~,LFT,10242435.0,2.0
248280724,heroinwater,Dj_@rseny,9982444.0,2.0
248495792,Positive guy (FULL PMA),,,
248675564,такидагадайся,Nuts,10122098.0,1.0
248701516,Витя РЦФка,Team Slavyane,10157182.0,2.0
248847953,Qwerty,EVIL MANCOS,9927772.0,1.0
249043309,yaiX,afk30,9704788.0,1.0
249651648,NBRSO,x5 Gaming,8971308.0,1.0
249660665,krugg, HonorDefenders,7186334.0,1.0
249752641,NTOUCHBL,LIDER ALTER,8747008.0,1.0
249818044,paradise`,ZALUPA GAMING,8120281.0,1.0
249835593,zzq,Team Resilience,5017210.0,2.0
249986681,SebaS,NoPing Esports,2672298.0,4.0
250358373,driver,Bada Bing,0.0,1.0
250369833,LANDO,EGIS,10233004.0,2.0
250375405,kagami,Phenomenon,0.0,0.0
250547284,Ulu,Team Bright,9018664.0,1.0
250680440,gdtriplenine,Survive Something to Avenge,9996851.0,1.0
251242123,asdas,eeeee,0.0,1.0
251346061,SSkimo,BLOOD RITE,9142671.0,1.0
251464180,Haru2:23am,Tako's Gremlins,8964633.0,1.0
251727129,Blümchentanz,FELT,10027265.0,2.0
251780212,MOKIIIT,Los leones del Sur,10170863.0,2.0
251783337,Zoiket,THE MASK,10137912.0,3.0
252353211,NeoJiDaNo,,0.0,0.0
252520776,MontHy,Lindorfitos,0.0,0.0
252551173,Ahyad,Carstensz Esports,0.0,2.0
252737052,Fr△nk,Team Cobra,0.0,0.0
252853717,Kyle,KYXEL,10151349.0,1.0
252876805,zaroxs,Dolbaeb Gaming ,8127928.0,1.0
253007001,Аурос,Kozel Vanguard,10262234.0,2.0
253016568,AdekWHAT,Keepers of Darkness,5272347.0,1.0
253028955,Z1gma,Order Dudosa,0.0,1.0
253298747,failedfai,Masked Fools,10137837.0,1.0
253393733,deis,SLITAZ,3982448.0,1.0
253604973,En1k ,Silent Horror,10137150.0,2.0
253909841,nerouns,UROBOROS,10135949.0,2.0
254385376,BITEP,Shaman King,2793685.0,1.0
254392073,HITOSHI,Sesbian lex enjoyers,10142726.0,1.0
254475276,Komuro,Winners,0.0,1.0
254503917,JA,THE MASK,10137912.0,1.0
255219872,Xwy,spiky gaming,9409659.0,4.0
255245681,tmcdg,Team Okak,10170815.0,1.0
255339080,MD,Rising Rage,9886092.0,1.0
255577844,雨凌, 童祭,8229709.0,1.0
256156323,Mira,Aurora Gaming,9467224.0,2.0
256444993,cutie,VP.Prodigy,0.0,1.0
256697225,KirillProXgod[swag]{2016},Motostrelki,10252260.0,4.0
256984560,Rokʕuʔro∞💘,Stormcloak,9040506.0,1.0
257418555,iZya,Messier83,8614077.0,1.0
257710284,Dae,Mad Kings Esports,8740097.0,3.0
258215052,Nevermind,Team Spirt,10048136.0,2.0
258412476,MC_LOVIN,MIRACLE OF THE MOUNTAIN,10143860.0,1.0
259589669,DensLi,VIRTUAL TEAM,8709940.0,0.0
259817249,Ilkon,Korkino Lions,8419968.0,1.0
259928624,kotori,wrld,0.0,1.0
260144105,seabain,normalOne,0.0,2.0
260223859,Carlo233,想皮做,10163846.0,0.0
260408033,Mercury-,Made in Philippines,8736661.0,4.0
262117752,aogiri,rx,10048153.0,1.0
262367336,Shining,The last dark,9079901.0,1.0
262476000,Stojkov,Inner Circle x Insanity,0.0,1.0
262838756,Kordan,Team Secret,1838315.0,4.0
263234456,Calypso,moonlight,10150387.0,2.0
264587480,YounG煬,Team Goose,9600511.0,1.0
265332664,vanIvan,SOG,9531587.0,1.0
265390096,1s8d,Kyotogawa,0.0,0.0
265416168,Dang3r,Dynasty,10233893.0,1.0
266435556,Phantom.Specter,,,
266438396,67,Zetta Games,0.0,2.0
266457972,この世の救世主,EHOME,4.0,0.0
267427500,Atlantic 洋,Hate,8843367.0,1.0
269946072,Tōshi 夢想家,Stage Gaming,9246007.0,1.0
270048484,Dre[A]mer,Hydra,7731462.0,1.0
271436624,scaryfxz,ymalishi,10095799.0,3.0
272345292,Amaterasu,Ryodan,9332157.0,1.0
273368664,ChudYasteR太陽,Team Tsundere,8805841.0,2.0
273452548,beastmode,RAKUZAN,8836855.0,3.0
273746932,Sin1ster,4-19 Prospects,0.0,1.0
273828532,Wick ,BRG,10136744.0,3.0
274078636,Ace12,Carstensz Esports,0.0,2.0
274266360,Katsura,Shizageddon,10096172.0,1.0
275532754,MrPoferX,Creep Lives Matter,8180444.0,0.0
275826428,zipzzzap,Invision,10186214.0,1.0
276096844,millky,GRIN Esports,8406842.0,1.0
276449590,QBFY,Team Lynx,9928636.0,2.0
276532224,ameame,cyberdingzhen,0.0,2.0
277196834,pingus,Blood Reavers,10137706.0,2.0
277913264,ɹǝʞɹɐԀ ᴚoℲ☠ <,QWER,10088108.0,1.0
278309950,Ingvard ,Team Bald,0.0,0.0
278391666,AMS,Придира?,9339143.0,3.0
278770268,Aretes,SAND KING GÓMEZ,7626304.0,2.0
279460864,sunset‷ ,Sibe Team,9081007.0,2.0
280021488,yest96,Поколение чудес,9833925.0,2.0
280114658,BLEYSTROFY,GENTE SIN FUTURO,10150933.0,1.0
280248860,DanSmain,VinegretOvownoy,5527832.0,1.0
280637294,jack,YouNeverKnow,8282337.0,1.0
280653256,ᴱᴬㄡ♛ᴇᴅᴜᴀʀᴅᴏ,BLACK STARS,9309429.0,3.0
280910966,linyuu,RZ gaming,5174702.0,2.0
281434654,Apol,Skainam Brothers,10143927.0,1.0
282118456,FANATM9CNIKA,SaltPower,0.0,3.0
282359850,BEEBIE,Six Cats,0.0,1.0
282525078,schizophrenia,Колбаса(БАВАРСКАЯ),8674922.0,0.0
283494184,Manem,One Move,8376696.0,1.0
283545554,              ,Selva Esports ,0.0,1.0
283629288,555,Lava Esports ,8737621.0,2.0
283730086,[GGBT] Napo Litano,GG BroThers ,10143988.0,3.0
284570570,parasocial,KARAMBA,0.0,1.0
285282252,JANTER,VP.Prodigy,0.0,2.0
285319482,Tsukimoto,Team Tough,8980714.0,2.0
285559576,Chesco,TRAPITOS,8426511.0,1.0
285770518,KNP,Six Cats,0.0,3.0
286771392,alalkka,Chau Sui Teck,2784352.0,4.0
286985748,Cije,Mentality Monsters,10144695.0,1.0
287279252,SHARARI,Phenomenon,0.0,0.0
288056624, Abriel Lafiel ,lft5pos,9799080.0,2.0
288144026,fantasma,LOS FANTASMAS,8911066.0,2.0
288329784,DanGel,DemonDestroyerCommanderApparationProtector,10096244.0,1.0
288775038,Senku,IGNITE,0.0,1.0
288833560,innyot,ponushnya,0.0,1.0
289101818,Flam3s,Shadow Protocol,9813677.0,2.0
289645628,RazieL ,Over Kills,2802960.0,1.0
289887816,tv/AsakuraTwins,,,
290354460,dixon,DIREBORN,10150434.0,2.0
290611048,Yung_LiP,Gucci Gang,6196229.0,2.0
292159734,OneWinterTear,toxxxic,8944409.0,2.0
292462468,anotherhope,SHOVEL,9586038.0,1.0
292829433,wota2,DIREBORN,10150434.0,1.0
292896836,PowerStrike,1000pts,9006718.0,1.0
292921272,Wisper,LGD Gaming,10150538.0,1.0
293173865,MrWave,War of Attrition,9926467.0,2.0
293364676,Dimutka,Wolfs Pro,4562386.0,1.0
293386280,uglxplastic,SquidGame,10163539.0,3.0
293472455,laicadax,dispensary,10082111.0,1.0
293731272,7jesu,Team Lynx,0.0,1.0
293757679,Respeck....21♡,THE MASK,10137912.0,1.0
293904640,ponyo,Yangon Galacticos,0.0,2.0
294053020,morphey~,TEAM SHIVA,0.0,1.0
294135421,Nicky`Cool,Rune Eaters,0.0,1.0
294273638,5ZN.郭嘉-,荒野大瓢锅,0.0,1.0
294560408,gygy,Eclipse Reapers,9861062.0,1.0
294575098,DeLaMalice,GJJ,9216600.0,2.0
294617883,花草未锈,158gaming,10164068.0,1.0
294699830,Mandalai,Gomosektorat Arsenia,9454096.0,1.0
294851250,OverCome-,,0.0,1.0
295034507,rvr丶e,EG Team,0.0,1.0
295086666,kosyx,MONGRELINI,10136762.0,1.0
295099636,Bublik,Гильдия Хохлов,10137724.0,1.0
295110207,Senoopy,322 Official,9895972.0,1.0
295346644,uǝı̣ɯɐp,NoSouls,8856066.0,1.0
295590968,salamandra,Dominion,0.0,2.0
295697470,Immersion,_PowerRangers,55.0,2.0
295795156,OTKOC,Team Wave,0.0,0.0
295828661,.m1lkray,qqqqqqqqqq,7389253.0,1.0
296327854,-Micro.Control,KillTeam,9813046.0,1.0
296601357,ValOdbka,TiltedBoys,7584152.0,1.0
296833021,Fidir,FEFU 2,10061298.0,2.0
297118630,ShadOw.o,The House Esports,10122515.0,1.0
297162295,XaNT,Energy,9716514.0,1.0
297396547,Alucid,IJskoud eSports,7205250.0,1.0
297507430,Scalers,ABSOLUTE TEAM,9782011.0,1.0
297684788,SSQ,ЧикиБамБонята,9476496.0,0.0
297766761,Baldezzzh,Bada Bing,10041334.0,1.0
298027834,Dezkok,Last Chance,9032329.0,2.0
298090571,convulsive seizures,КалЫваН,10138251.0,1.0
298138318,MaZe,Frostbyte Esports,9758251.0,3.0
298400996,Adzen,Anti magic magic club,9918021.0,0.0
298555348,Soned,TheNewBest,10150852.0,2.0
298683250,BoraNija,Level UP,8718483.0,4.0
298746954,Detroit,Bada Bing,10041334.0,1.0
298764643,Twilight Zone,,,
298986466,DeLaMalice,NoWard,8182422.0,1.0
299730091,Sterben,Homra,7020042.0,2.0
300147261,zabijak.cz,Golden Retrievers,9781592.0,0.0
300320744,gpweqfoqwefsa,,0.0,0.0
300338890,Lisa_m809,ИграПоперла777,9752615.0,2.0
300432857,jeLwer_,8888888,9956539.0,1.0
300509489,pohodujivotnoe,SAO TOP ANIME,8829698.0,3.0
300519872,Wotergate-,Ozon team,10196507.0,1.0
301339401,Small.Kk,Team Bright,9018664.0,0.0
301508419,xL1S,SUBprise mentality,9915336.0,2.0
301750126,Mikoto,Aurora Gaming,9467224.0,4.0
301787237,KONCHENNY1,V-PRIME,9893475.0,1.0
301869060,koss,Gomosektorat Arsenia,9454096.0,3.0
302214028,Collapse,Team Spirit,7119388.0,1.0
302495486,Raspberryyy,D1CKPEEK,10137004.0,2.0
302568414,RedMonster,Qhali,8702318.0,2.0
302580950,ZUK0♥,Savage Slime,8204662.0,1.0
302783272,MarkNator,Tirana Tigers,9718707.0,3.0
302787678,lZølveR | 改善,Earth Gaming,9811852.0,1.0
302971906,Rosesa,Carstensz Esports,0.0,2.0
303143269,exceso,Elegia,9813579.0,1.0
303150756,carrot,TEAM YAOBIE,10014558.0,2.0
303561659,PrinceCat,Team Maggot,10164216.0,1.0
303615577,Jy,cincai team,10170178.0,2.0
303673743,Cucahook,Infinity,8375259.0,1.0
303879204,stat3r,Aurum,0.0,2.0
304097533,Zagat,Aurum,0.0,1.0
304198908,я хочу её в париже,xgod,9940299.0,1.0
304254315,4us,Gomosektorat Arsenia,9454096.0,2.0
304254472,Acs,WW Team,0.0,0.0
306894107,boredasf4ck,丂ㄩ尺千乇尺丂,8429172.0,2.0
307291170,Q7,Cloud Rising,9886289.0,1.0
307301919,百鬼,SUPER BAOBAO,10157851.0,2.0
307814404,Genius,,0.0,3.0
307818380,Ussy,4 Lesha's anchors,8850421.0,2.0
307844536,Kaze,Soja Boyz,8605091.0,2.0
307895570,GLOSS,DЬIMOK,10143623.0,2.0
308001251,nyds-,Lil Baws,9808427.0,1.0
308135380,Zephyr,New Eternity,4637449.0,1.0
308163407,ILICH-,BOOM Esports,7732977.0,1.0
308247552,iM8D,SOG,9531587.0,2.0
308406452,ALKIT,Tirana Tigers,9718707.0,1.0
308710361,Linglai,,0.0,1.0
308739629,Senpai666,Shadowrazeki,8880782.0,1.0
309279643,Nayan,Axe MENA,2924676.0,1.0
309345956,Volshebnik,HYDRA,8588969.0,4.0
310969700,SilentKorjick,CristallSUS,10150738.0,1.0
312262903,shinigami,xd,0.0,1.0
312336321,Falcon,YouNeverKnow,8282337.0,1.0
312436974,CHIRA_JUNIOR,Team Yandex,9823272.0,4.0
312460637,RockeR-,Egoists,9657657.0,1.0
312542697,takizawa,VP.Prodigy,9872558.0,3.0
312814004,Trener,,0.0,2.0
312830109,Muteki,catch cats,9181272.0,3.0
312899358,А мы тут не причем,BB,9130844.0,1.0
312903138,vivienne,soslo team,10136150.0,1.0
312909999,kazParker,waves,9775072.0,1.0
313102504,CalmMan,71 Esports,9137882.0,1.0
313140614,Andar,GLADOVKA TEAM,10137829.0,1.0
313354986,b1brok,1кПТС,10102769.0,1.0
313506247,Do,Total 10K MMR,9157545.0,1.0
313593201,morg弥太郎,TeamFaithful,9916803.0,1.0
313786379,Xebec,NOT NICE,7540773.0,1.0
313848944,blusssedd,,0.0,1.0
313871037,Atomuratortomura,Team Navalny,0.0,1.0
314058936,SunSlize,Bad Bees,10101673.0,2.0
314409795,23w,oyasumi,9545972.0,2.0
314584168,CTOMAHEH1,B8,8376426.0,2.0
314661533,Berting,Furious Beast,8429139.0,1.0
314813978,van9_FiMBOi,6_abs0suti_7,10144363.0,3.0
314927508,мираклЁ,Поколение чудес,9833925.0,0.0
315205221,(6pos) ,Literium Team,9255845.0,1.0
315266546,M o o n d r a g o n <,The pipipi´s,2782699.0,2.0
315272623,Echozz,Team Resilience,5017210.0,4.0
315838846,BB Зюзя,Dalus,9861633.0,1.0
315860929,RpK,4 gatos ,10079432.0,2.0
316120912,joieee,WW Team,0.0,3.0
316218087,Envy,Dregochilo,0.0,2.0
316342112,ssshadowr4ze,SaltPower,10241943.0,1.0
316632398,Leka,HF,8724829.0,2.0
316826785,la1tqqe,NeverEnough,0.0,0.0
316866923,225th,UUJlRna,10150695.0,1.0
317145057,bored,Ramsex mas 4,9665109.0,1.0
317247708,CKELETOH,БРАТСТВО СЛАВЯН,9471924.0,1.0
317704149,Medit3rranean一寸,Поколение чудес,9833925.0,4.0
317725979,RCE,Norf,8213802.0,2.0
317829648,#lirika,Syntax Error Team,10201407.0,1.0
317880638,Save-,BETBOOM TEAM,8255888.0,2.0
318371533,Skill Lay,Yangon Galacticos,7653080.0,2.0
318608451,Миша Болтик,Team Slavyane,10157182.0,1.0
318934346,Hongildoon Mongol heleer,,,
319285567,Utsuro,Eclipse Squad,8255728.0,2.0
319495561,ReM<3,Rems Isekai Adventure,8766111.0,1.0
320017600,ssnovv1,HULIGANI,10149530.0,1.0
320043747,KM,Tundra Esports,9973367.0,3.0
320219866,kaori,Aurora Gaming,9467224.0,2.0
320252024,shiro,Vici Gaming,726228.0,1.0
320563321,BrunoKael-  ,Rabito +4,8138900.0,3.0
320682696,박채영,PSG.LGD.From 2018,8138081.0,1.0
320825362,Stangel,Lunatic`s Sports ,10151126.0,1.0
321162485,456,全才战队,10150609.0,2.0
321533481,blessed,SixteenNine,8254403.0,1.0
321580662,Yatoro,Team Spirit,7119388.0,1.0
321716882,El Tío,Dogs Gaming,6260405.0,2.0
321844415,GraXam,lll,8582974.0,1.0
322010194,Lissex,Qhali,8702318.0,1.0
322051434,Doom,Pirosunders,8563516.0,1.0
322079758,Seyko,BEAST SHAOLIN,8556423.0,3.0
322134966,KpbI}l{oBniK,Team Warta,0.0,3.0
322136094,Yukari,Divine Intervention,10143522.0,1.0
322147616,Pyedle,Deathcode,0.0,1.0
322252955,__Yellow__,Team MUSHROOMS,9808521.0,1.0
322442240,sagiri,Winter Squadron,10101762.0,2.0
322461070,ImigooBro,Ruiners,9555851.0,1.0
322925642,Wonder’boy,cincai team,10170178.0,1.0
322990071,Teufeeelll,Ghoul Team,0.0,1.0
323086406,Karsed,Team Chmir,9995963.0,2.0
323411184,Gnom,PCCC,0.0,2.0
323474403,Сальфетка prime,Raven Squad,8835556.0,2.0
323532308,sustav,Under the Beer,8627837.0,1.0
323562138,xn丶e,Team G,0.0,1.0
323670824,Ey3patch,Поколение чудес,9833925.0,3.0
323804644,ernest萧瑟,Kotyatki,9938992.0,1.0
323835231,123213321,///,0.0,1.0
323919687,OtomenYoga,TEAM YAOBIE,10014558.0,1.0
324045303,出省,MAG.Yolo,9075558.0,2.0
324116338,Kenken,SarangWibu,10151547.0,0.0
324277900,Yopaj-,OG,0.0,4.0
324627809,17Pokorn-,Estar Backs,9678463.0,2.0
324925630,someonedieyoung,deadwalkers,9298165.0,1.0
325141799,小星神,Last Dance of PPX,10088663.0,2.0
325267174,ゴールドシップ,Team Furei,0.0,1.0
325341456,Sna7ge,OG Kupchino,8779976.0,2.0
325387463,Motodora,BARBER CHOP TEAM,8784629.0,2.0
325435592,Draken<,,8950474.0,1.0
325496779,Sora,Team Essence,9499402.0,1.0
325511281,raiche2206,Ex-TBG,9798015.0,1.0
325608542,Jhon,Pqnda,7053893.0,2.0
325674279,Roy,Cloud Rising,9886289.0,3.0
325697153,Shakh,Tengri eSports,0.0,3.0
325775468,M7roo,,0.0,2.0
325920948,Greezly,Crystallis Castles,10150715.0,2.0
326029999,PorkChamp,KontolGaming,6980085.0,2.0
326298602,Radaan,CDROP,9572210.0,1.0
326327879,Danial,HYDRA,8588969.0,2.0
326432010,thd,qazed,8894922.0,2.0
327047966,tragic-,Snake Team,0.0,2.0
327324197,Maya,Sentinel Roses,0.0,2.0
327408039,Shinda,ADSClown | 183,8986955.0,1.0
327801704,RF4,GRIFFIN,6905160.0,2.0
328647990,QUANATUM,,0.0,0.0
329076390,chen,Rising Rage,0.0,2.0
329143587,KAOZ,Hokori,8309101.0,2.0
329404151,Pottie,Boomslang,10135603.0,1.0
329589381,Kiri^^,Rising Rage,9886092.0,2.0
329977411,Saadman01,The Cut,8205424.0,4.0
330130234,Phaxew,The Iceman Cometh,10170955.0,1.0
330534326,Akashi,Execration,0.0,1.0
330962569,Μίδας,ZXC Vityaz,8557556.0,2.0
331295929,BestFrost,TheNewBest,10150852.0,1.0
331711578,elmo^^,MODUS,7299465.0,3.0
331793938,COQUITO ,Pachaqtk E-sports,7236345.0,3.0
331855530,Pure,Iron Wing,10150413.0,1.0
331861607,GRouseB,DF JUNIOR,9823905.0,3.0
332531915,はかい,LIGHTNIGHT,8526666.0,2.0
332710406,Mann,UROBOROS,10135949.0,3.0
332747417,CrisVC,Team Sideral 2.0 ,0.0,1.0
332937391,d34dm8,polnadoteri,10137084.0,3.0
333069484,Keithives,4Zoomers,9819176.0,1.0
333099364,alfases,Sesbian lex enjoyers,10142726.0,1.0
333259515,Flux,DARK SiDed,4704829.0,2.0
333351042,mrls,Zero Tenacity,0.0,2.0
333565700,SW1E,Mackems on Tour,7980699.0,1.0
333700720,salamat1,Carstensz Esports,0.0,1.0
334041273,no children,YAICA,9477218.0,3.0
334044868,Darkray,Nacidos Para Ganar,8737908.0,2.0
334403200,Parinirvana,Viktor & Co,10144589.0,0.0
334555688,EleTH,TheNewBest,10150852.0,2.0
335404044,Romicas,g2,9759828.0,1.0
335589402,TS,白马河战舰,10143815.0,1.0
335988909,yami,2Kolya,6964342.0,1.0
335998251,Coquito,Team Sideral 2.0 ,10142785.0,2.0
336637429,life,ETERNAL BRAGNESS,0.0,1.0
336812478,MΛZΞ,Vyse,8254064.0,2.0
336943123,dandiidie,Skill Issue,8894842.0,1.0
337575662,Tino,Execration,8254145.0,3.0
337926153,Zesky~,Oxin Game,0.0,2.0
338163396,antohich,NARYKI,0.0,2.0
338217461,Black_Jack1515,Xeno Genesis,6720199.0,2.0
338483670,𝒅𝒆𝒍𝒊𝒈𝒉𝒕 Gie,G2,8644278.0,1.0
338769995,tib,SALCHIPAPA,8647538.0,1.0
338783725,Kolkasa,Team Toxin,0.0,3.0
338998498,pon4ik,Ninja Team,10136341.0,3.0
339163669,Paralellogram,ChillZone,10163766.0,3.0
339235645,愛,Flame Esports,0.0,1.0
339317267,Cartola,Alpha Wolves,8359606.0,1.0
339819022,jonchik_kapushonchik,YAICA,9477218.0,2.0
340184924,Hitogami,NOVA GAMING,8475713.0,1.0
340421206,Htrd,Two Move,10136133.0,2.0
340920909,Xany,doggy style enjoyers,8944676.0,1.0
341031785,Rim,POVole slychaya,10150688.0,1.0
341057969,tupenko,Sesbian lex enjoyers,0.0,2.0
341433367,noNstop`,TEAM RAGEKIDS,6071125.0,1.0
341571686,LME,MANDI,0.0,2.0
341828973,смешнюнька,Cursed Souls,10135660.0,2.0
341874383,ALL EYEZ ON MY,x5 Gaming,0.0,2.0
342684139,microimbach,My little pony,9723574.0,2.0
342930073,PARADOKS,V-PRIME,9893475.0,2.0
342946047,burgir,4AndKebabMaker,9782794.0,1.0
342954056,CARAPACE,Ninja Team,10136341.0,0.0
343010420,Sqweeji,Imaginary Spirit,9784901.0,3.0
343084576,NARMAN,Team Nemesis,9691969.0,2.0
343909498,Hyuga,PuckChamp,10164236.0,2.0
344482432,k0iya,Spartas Legion,9664978.0,2.0
344528659,ryan,popochki228,10136625.0,3.0
345186963,Meriyown,ARM,9834674.0,2.0
345251670,SaymeSun,escape,0.0,1.0
345372059,Malice,Aurum,0.0,1.0
345410796,4edoom,LsK|Team,10138294.0,2.0
345509021,Lukas,Nemiga Gaming,5014799.0,0.0
345559807,[GGBT] GOOBaz,GG BroThers ,10143988.0,1.0
345803031,PlayHard-,DIREBORN,0.0,2.0
345859788,Leeko-,EGOISTS 2.0,10115425.0,2.0
345886263,L4NZHU,OG,5231667.0,1.0
345973908,DiSkuve,D1sabled,10144442.0,2.0
346029418,G@R@B@To,GALAXY ,8055315.0,1.0
346189297,arsenyabog,ZOMBIEBARZ,9834534.0,1.0
346412363,Ari,1w,10182357.0,2.0
346437398,ZJillT,Deep Ace Gaming,1240310.0,2.0
346554734,Forlight,Enforce Endless,4374604.0,3.0
346840921,†ZemakieL† ,TheNewBest,10150852.0,2.0
346902477,dirtybugsbunny,Crystallis ,10143705.0,1.0
347650668,Ksiaze_Bulba,Nivalis,8194465.0,1.0
347918747,Alexzoll,crystallis gang gang 52,10143907.0,2.0
348047119,demented,Bedolagi,0.0,1.0
348150441,Ethelayako,Pleaze Gaming,4086533.0,1.0
348476223,IMPACT,Sons of Agama,10150700.0,1.0
348703642,Bekzhan,UALEIKUMNIHAO,9019673.0,2.0
349198287,Jie,Team Synergy,5057924.0,3.0
349310876,MoOz,Zero Tenacity,0.0,2.0
349328964,W22,Crystallis Castles,10150715.0,1.0
349342480,Fer,x5 Gaming,0.0,0.0
349495318,Krish`-,Execration,8254145.0,4.0
349500145,happy,lacoc,9691766.0,3.0
349583807,go to sleep,Mage,9973045.0,2.0
350249947,3way,Squad SS Rank,10270933.0,1.0
350374163,Besiki on fire,,0.0,3.0
350571981,DEMON,Crystallis adepts,10144620.0,1.0
350637459,PEEPOO,Team Peach ,10157499.0,1.0
350698042,murmurmur<3,AnyRage,9872628.0,2.0
350752981,Silence,NewNew,10138332.0,2.0
350781567,keewaym神,СhaChaGaming,7579882.0,1.0
350885810,Junior Alex ,GIOR DOTA ,0.0,3.0
351065236,Rabetas,ganjubas thug,9691471.0,2.0
351482261,notrenuit,DotaFlow,10075914.0,2.0
351745631,Unstable,Infinite,4992625.0,2.0
351830612,SE7EN ® <,Stealth Team Gaming,9819592.0,1.0
351878414,Skureesh,Oclosses,8950346.0,2.0
352213802,tvnqkv,FEFU 2,10061298.0,1.0
352545711,DarkMago♥,PTime,10182309.0,1.0
352623024,頑張って,Amaru Gaming,10108655.0,3.0
352721262,Jukan-,Team  WOF,5129704.0,3.0
353479397,Grandi_Show,Team Spivom,0.0,2.0
353806420,LilaS,AG超会玩,9791479.0,0.0
354458412,m e m o r y,Gomosektorat Arsenia,9454096.0,1.0
354558800,Camot1to,Team Sideral 2.0 ,10142785.0,1.0
354573226,FerrazL,Agressiv Style,9572165.0,1.0
354760495,ScxrsAffection,Death of the Law,6952497.0,2.0
355026431,zolt,klavishi,10143885.0,1.0
355168766,Natsumi,OG,2586976.0,1.0
355252659,Bishkek,MIX Stak,7890937.0,2.0
355551673,Scaffizin,x5 Gaming,0.0,0.0
355635914,LovingOyster,Total 10K MMR,9157545.0,2.0
355953575,keyyy,333𝙥𝙡𝙖𝙣𝙚𝙩𝙥𝙡𝙖𝙣𝙚𝙩𝙥𝙡𝙖𝙣𝙚𝙩planet,9895517.0,1.0
356041732,我是电脑,从前有只小猪,10157769.0,0.0
356362870,jhosuwa,TheNewBest,10150852.0,2.0
356432081,rushapower,CRISTALIX,10157186.0,2.0
356521570, The_UnReal,Spacers Choice,7565664.0,1.0
357168914,MarshyyMarshyy,Kali and Friends,10136821.0,2.0
357406919,Nevikram,d3rb3nt,8737104.0,2.0
357696378,KandeKA,Turbo Warriors,9186669.0,1.0
358414016,Slavemba,SaltPower,0.0,2.0
358507879,Bastian,x5 Gaming,0.0,2.0
358778381,RUBIAZ,Chiriuchu gamer,10150766.0,2.0
358797591,shift,Total Control,10157915.0,2.0
358889405,Annor,Pandora Team,9580116.0,1.0
358927955,VibeWood,UROBOROS,10135949.0,2.0
358985234,Hibiku-Kohaku,TIANCI'S BROTHER,9594483.0,2.0
359047252,Billi,,0.0,3.0
359410055,Uter,Enigma Gaming,10169227.0,1.0
360128337,DuduUwU,Wintrader Enjoyers,0.0,1.0
360525062,STOLO,CRYSTANIGILATION,10150781.0,2.0
360621891,FolFol,TeamWind,10137364.0,1.0
360648679,Young PH,Yangon Galacticos,9546449.0,1.0
360768874,Thalia52,Infinite,4992625.0,2.0
360775932,Real OC,Team Boxgod and Her Friends,10136730.0,3.0
360837196,Pr1de lead3r,Meth squadron,8599700.0,1.0
361688848,dnm,4 Anchors + Ilmeria,0.0,1.0
361748943,Chola,Supernova,8943671.0,0.0
361833956,zatr1x-,Uncrowneds,9768185.0,1.0
362097391,TEMA LAL666,artness Esports,9379871.0,1.0
362155853,watmen,Sesbian lex enjoyers,10142726.0,2.0
362367000,dojdeat,SHKVARKI,10163726.0,1.0
362433020,Pogi,Egoists,9657657.0,3.0
362668319,3ombe,Team Warta,0.0,2.0
362702556,Croutledge,Mackems on Tour,7980699.0,2.0
362907198,ScarletYAlow,SaltPower,0.0,2.0
363029497,Runy❤❤,bilibili,9717978.0,2.0
363178741,历飞雨,ggboom,9866136.0,2.0
363424846,noki4ngel,322,0.0,1.0
363523703,Jyaproz <,Alpaka Liquid,5144527.0,1.0
363739653,alberkaaa,_PowerRangers,55.0,1.0
363758022,Wits,LGD Gaming,15.0,1.0
364023185,Rage,Team 12Rage58,0.0,1.0
364087999,Hitori,Rolling Mayhem,10001753.0,1.0
364129839,erased,Stell Titans,10094907.0,1.0
364494948,Boo,BeerBoom,10150858.0,1.0
364681029,Dima,OG,8290772.0,2.0
364699650,KotarouHayama,Gamers Masters,6140478.0,2.0
364927622,ǝɟᴉ⅂,Fairy Tale,9798606.0,2.0
365034311,Nya2DTyan,Makoto,10145397.0,2.0
365222858,nord,SaltPower,0.0,2.0
365794021,bamba,Dolbaeb Gaming ,8127928.0,1.0
365845175,BeniAya,North Latitude23,10261637.0,2.0
366040913,yelowwwsea,伍佰应援团,7798212.0,1.0
366401741,ヴァックさん,CRYSTALLIS XXL,10150681.0,1.0
366496640,Strixx,2131qeqwe,9927972.0,3.0
366614071,KYM,Team Sangre,10150275.0,0.0
367202862,Valex,BackTrackBoys,7654502.0,0.0
367300969,kotoamatsukami,Cloud9,8605863.0,1.0
367384894,bol1,CAKC,0.0,1.0
367471772,Bluetooth Mouse,Team Perloo,10163879.0,0.0
367534938,Moreno,CHANKAS BC,8803219.0,1.0
367540062,"</OR1UK3N>☼_""ƒ""",Golden Fire Riders,8780452.0,2.0
367563618,CC,EGOISTS 2.0,10115425.0,1.0
367586808,Muted,Поколение чудес,9833925.0,2.0
367621313,Carluto,Horda,4651234.0,2.0
367647343,mamorim,Avalanche eSports,0.0,1.0
367692292,yyy123,CyXaPuKu,9556290.0,1.0
367978879,mutedっ◞‸◟c,Teikō,9080797.0,1.0
368073459,Kengri,MEW,8864621.0,3.0
368080962,GORO,SMUDGE,5136616.0,2.0
368678136,Matehich,NARYKI,0.0,3.0
369199442,КУБАНОЙД,SaltPower,0.0,1.0
369268401,ТАБУРЕТ,ОСЛЫ,9041110.0,3.0
369296483,PROHer,V-PRIME,9893475.0,1.0
369342470,SoNNeikO,Team G,0.0,2.0
369410085,Raizel,Rune Eaters,0.0,2.0
369553861,Dimitriy,We are here,10137597.0,3.0
369586960,Nicken,NeverEnough,8725029.0,1.0
369727395,Old Age,Shaman King,2793685.0,3.0
369781543,Magus,ANOTHERS,7980668.0,2.0
370018060,d1oxyz,Fortis Legatum,6516187.0,1.0
370093422,DooYah,EVIL GUYS ,8622312.0,1.0
370382468,barahloo,OUTCAST,10200671.0,2.0
370475576,mbxxx,soslo,10135548.0,3.0
370600515,JP,NoLimitsGaming,9017672.0,1.0
370817018,wertuhai,3A_HAC_CEMEH_OH_C_CAMAPbI_OH_CbIH_MAPKA_TEAM_MOCKBA_54RUS,10170222.0,3.0
370930692,Arise,GENTE SIN FUTURO,10150933.0,2.0
370950726,Spike,The House Esports,0.0,2.0
371229722,dzheki,ROTANCHIK TEAM,9657268.0,4.0
371322877,Mazeh,University of Michigan,5063198.0,1.0
371374667,Frisk,Team Aster,6209166.0,2.0
371448052,Udav,k4ka,6188765.0,1.0
371495800,gbc,PuckChamp,10164236.0,0.0
372001700,Fly me to the moon,ZXCVODCHANE,9833627.0,1.0
372373816,Brahako,AFRO CALL,4138364.0,1.0
372631820,Y-Mfck,Polikarpicks,0.0,0.0
372801387,Shergarat (Vladimir),NoobitAS,9448884.0,1.0
372820322,fnd,SA,9208722.0,2.0
372845994,keryaurl,Apex Titans ,10151451.0,1.0
373179046,koloma,daite snesti,10150426.0,0.0
373667079,Yumeyume-,Cloud Rising,9886289.0,1.0
373728448,.,Without TikTok Team,0.0,2.0
373803484,( ͡° ͜ʖ ͡°)ʖ ͡°) ͡͡,,0.0,2.0
373985732,quaZar,Blaze Esports,10136917.0,1.0
374130957,Yakutzawa,Samurai,8351117.0,1.0
374229025, Z i p ,Malicious Molesters,10001862.0,3.0
374245888,Er0sha,Lucky Team,7405684.0,1.0
374389526,sohy,Sibe Team,9081007.0,2.0
374725176,A r i m a,4Zoomers,9819176.0,1.0
374755107,dyve-,Night Vision,10135782.0,4.0
374818694,egn,Zolak Gaming,0.0,0.0
374875067,MikSa`,Zero Tenacity,0.0,3.0
374985322,Сынок,VDK E-sports,8746405.0,1.0
375092276,HIKARI,Chiriuchu gamer,10150766.0,1.0
375254165,Piero-,SELVA GAMING,0.0,1.0
375507918,23savage,Xipto,10242397.0,1.0
375837992,сухой прайм,ГАЗМЯС 2 crystallis ,10150718.0,3.0
375952799,fl1nkq,200th team,9896155.0,1.0
376421854,Nvd-,Six Cats,0.0,0.0
376571133,влитый(не брать),Shizageddon,0.0,3.0
377594124,11,IHC,9005019.0,1.0
377651640,dalytonet,Team Bulba,10144150.0,2.0
377724939,Artemis,EARTH GAMING,0.0,2.0
377747872,dardRuss,Makoto,10145397.0,1.0
378343211,humbledog,,0.0,1.0
378576935,reging_dragon,Team Amplify,0.0,2.0
378605658,vaLpink,Infinity Queen,9615462.0,1.0
378853558,Verlin Raed,Egoists,9657657.0,2.0
379223498,SULU,СhaChaGaming,7579882.0,1.0
379229234,KONEBOYS,Seize the day,9600214.0,1.0
380475641,Счастье,smurf power,0.0,4.0
380759466,tonyS7ark,SEVERSTAL',9781541.0,1.0
380762874,Raffer,Palka,10150526.0,2.0
381939122,Zylardd者`A♥,Borick Gaming,9466630.0,1.0
383361785,miyaoo,VP.Prodigy,0.0,3.0
383396838,Wei♡︎,SaltPower,0.0,2.0
383401782,Shoole,,,
383554966,san9,Wild Winners,10157543.0,1.0
383788462,мистер мораль,enjoy,0.0,3.0
383867949,SLATEM$,Estar Backs,0.0,0.0
383991480,zenica,Sibe Team,9081007.0,1.0
384126813,Ughanda,Rage Team,0.0,2.0
384443468,siberian_ranger,OTHODOS,9679139.0,2.0
384456602,ripple,Demon Destroyer Commander Apparition Protector Boobs,0.0,1.0
384527806,omasodeso,Trofimov_Prime,9819446.0,1.0
384587225,nob0dy.,gattsu no yume,8549327.0,2.0
384854668,onLiTaL,PuckChamp,0.0,1.0
384915530,-Memph1s,The Simurgh,0.0,2.0
385095466,empty,mishki prime,0.0,1.0
385244793,zigg,Steelwolves Justice,5112047.0,1.0
385253955,-SayMuray,Chaihona,10054166.0,1.0
385825293,Austin,Hokori,7119077.0,2.0
385923662,oswencim,Ex-TBG,0.0,2.0
386082885, Ze_InVaLiD_Xc,,0.0,1.0
386175461,ayzi雨,123213,10272126.0,1.0
386349537,23,Tundra Academy,0.0,1.0
386589433,finsternis,easily,10170821.0,1.0
387500064,Pawapuz,DF YOUTH,9956150.0,3.0
387509118,Totoro-,CUM TO DISS,9776150.0,1.0
387836517,Zasa,GIOR DOTA,0.0,1.0
387892566,svinoporosenok,four brutals and one sladenkiy,8344521.0,2.0
388533116,AlkatrazzJR ,NEVERMISS,8793983.0,2.0
388607896,huenix666,Team Shattermind,9414358.0,1.0
388847297,skittlezjke,nocJle 3a6uBa B wkoJly,8926269.0,3.0
389022189,Palos,Aurora Gaming,9467224.0,1.0
389032489,Kuunnousu,Makoto,0.0,1.0
389033587,Straight Edge,DIREBORN,10150434.0,1.0
389340164,44ZIM(A),AllMighty,2942497.0,3.0
389735377,Unknown_,Ex-TBG,0.0,3.0
389891293,riot,KK.LD,0.0,1.0
390015464,egxrdemxn,Mentality Monsters,0.0,0.0
390861320,DEXXED,пту рогачев,9988312.0,2.0
391344666,Overrated-,RIP,7957752.0,2.0
391423488,TK,Team Resilience,5017210.0,2.0
391554636,hapka,Xtreme Gaming,10008230.0,1.0
391952042,Anaru`,Sunny Girls,0.0,1.0
392096339,Losocb,Team MUSHROOMS,0.0,2.0
392169957,sanctity,Team Bald,0.0,1.0
392338336,alexCock,SHOVEL,9586038.0,2.0
392385140,Genek,Amaru Gaming,10108655.0,2.0
392533294,sh1buya,TheBobers,8863456.0,3.0
392564968,🌌BLaiN,Team BeZZdari,10144778.0,3.0
392565237,JACKBOYS,Team Nemesis,9691969.0,1.0
392625759,itami,Avocados From Mexico,0.0,1.0
392849702,mak$putevskiy,samosval team,9531491.0,1.0
393842021,I not Kasper,Comeback,0.0,3.0
394052380,qaq,全才战队,10150609.0,1.0
394074332,N-thony,Korkino Lions,8419968.0,2.0
394171543,chierini,just win,9716266.0,2.0
394291601,akkey,4moshi team,7462113.0,2.0
394905914,levinheart.,SaltPower,0.0,2.0
395184738,futfet,Last Echo,0.0,0.0
395383838,Kaden,LA BANDA DEL CHOCLITO,9917586.0,1.0
395483413,SupIz7zalup,DolbyYebi Enterprise,9745853.0,0.0
395690381,Professor,,,
395770377,Asao,Hokori,10150267.0,2.0
396463048,Vikvikvik,strawberry milkshake,10137163.0,2.0
396642793,user0,THE MASK,10137912.0,2.0
396651757,ilmeria,4 Anchors + Ilmeria,0.0,1.0
396792504,N1ne,IGNITE,10144722.0,2.0
396798722,eori,alyonushka,10150892.0,1.0
396818600,moonlight,vetmo,10243417.0,0.0
396841901,monadic,NA Last Hope,10170556.0,1.0
396995934,Whyshs,4moshi team,7462113.0,3.0
397250058,Smoker,Qhali,8702318.0,2.0
397427980,is life all you wanted it to be?,Karla and Friends,8374883.0,1.0
397987084,6poH3oBuu_Ka6aH,,,
398155565,Remake,Crackers,8311182.0,2.0
398747760,SHEOL,GIOR DOTA,2885851.0,1.0
399804216,Serenada,VP.Prodigy,0.0,1.0
399862798,Shanks,Execration,8254145.0,2.0
399920568,PiPi,Amaru Gaming,10108655.0,1.0
400178410,sanity is gone,NA Last Hope,10170556.0,1.0
400235162,zoper,,0.0,1.0
400515968,azverin7,Free For All,9878749.0,1.0
400941157,CaspiaN,,0.0,3.0
401390465,CadePe__,KaosGaming,7554553.0,1.0
401653350,Ackerman,Flame Junior,0.0,1.0
401783259,def Hi: won this game,Dysphoria Reborn,0.0,2.0
401792574,Taiga,Wildcard,8606828.0,2.0
402066396,TweZZyy,s84,9964967.0,0.0
402583877,SSS,PARIVISION,9824702.0,1.0
402677765,Icarus,Total 10K MMR,9157545.0,2.0
402871441,Starboy,The Last Samurai,7058913.0,3.0
402918692,6ATOH,stable mental state,10150876.0,3.0
402976072,3k1te,KoKSakers,9813248.0,1.0
403143458,OLEGPOTROSHITEL,Pedro,10137451.0,1.0
403272480,Odal,kapustnye devochki,10260528.0,1.0
403288560,rk,白马河战舰,10143815.0,2.0
403819304,snow,Ecuador FC,10136098.0,1.0
403927706,gwendol1n3,Easy Gaming,0.0,2.0
403953082,Nacky,Makoto,10145397.0,1.0
404034152,BOT_1,,0.0,2.0
404455554,Je1IXxX,lacoc,9691766.0,1.0
404675115,KanogaVa,1Lose Team,10137635.0,2.0
405158217,low behavior,Gank Syndicate,10145457.0,1.0
405499625,mw,1pool2(3)mms,0.0,2.0
405942517,femboycrystallys,ZXC Crystallis Cult,10138016.0,2.0
406042308,Allison,United Unicorns,10001653.0,2.0
406044034,gomozek,Bespredel,10143796.0,2.0
406437618,DaruShi,MIRACLE OF THE MOUNTAIN,10143860.0,2.0
406992565,Golova Svinyi,Save this reality,10144727.0,1.0
407285373,MegaKaba4ok63,АЛЬТУШКИ,9063141.0,1.0
407321629,Devil,Lava Esports ,8737621.0,1.0
408008048,Josefumi,Солевая шахта,8197803.0,2.0
408089205,go`blin,динамо киев,9530064.0,3.0
408317502,sprunki,Khmelnitsky Gazovshiki,0.0,3.0
408455755,LAVANDINHO,alyonushka,10150892.0,3.0
408562539,MotyaRolla,Makoto,10145397.0,3.0
408729743,Sacred,BOOM Esports,7732977.0,1.0
408747610,J4rabit0,GENTE SIN FUTURO,10150933.0,1.0
408836654,Senbi,Xeno Genesis,6720199.0,1.0
408894941,slavenson,Team Aurochs,9256121.0,2.0
409007640,evilize,HUI,8206520.0,1.0
409250860,KitsuuuReirei,Pathetic.Shitters,10129232.0,2.0
409270278,Bobby,Team homework,10157393.0,2.0
410545876,rampage,RKN eSports,10170828.0,0.0
410707457,Fantassy,Zetta Games,9600331.0,0.0
410916466,He_TBOE_delo,TeamDubrovo,10136967.0,1.0
411591372,advisedly,ywio,10170503.0,1.0
411596849,鱼王,The goal of all life is death,9315393.0,2.0
411636718,FreCat,Talents Spirit,9092084.0,2.0
411672194,Ar1ma,Поцілуйко Team,6239015.0,1.0
412268209,Himuro,Aurora Lunae,10041717.0,1.0
412413765,StoneBank,Rest Farmers,9368468.0,1.0
412840956,RR.1'mMo'RR'Ta1,Red Raiders,9425776.0,1.0
413067144,жизнь без секса ,Навальный.Team,0.0,1.0
413098661,FolZXC,RussianKubik,10171696.0,1.0
413338883,Re9rm,Korkino Lions,8419968.0,1.0
413916878,Liqvalen,White Ash Team,9905499.0,1.0
414277780,16thShade-,OG,9988445.0,1.0
414282288,Golubets,Team India,10241576.0,2.0
414557813,djMalahov,BARBER CHOP TEAM,8784629.0,1.0
415350964,neviglas,Pig squad,9439049.0,2.0
415372243,tuponikitos,LL Team,0.0,2.0
415802902,WhatsernameSt,Soul Shatter,10137887.0,3.0
415819966,Zigmorz,FREEDOM$$KIE,9989851.0,2.0
416474101,CrRonaldo,CRYSTALLENA,10170106.0,1.0
416896113,ever1aster,,0.0,1.0
417235485,prblms,MODUS,0.0,2.0
417512732,Feeling♥< ,GIOR DOTA,2885851.0,2.0
417992732,Y79asfb,Polikarpicks,9717128.0,1.0
418112221,Psychoo~,Spectrum Maruaders,7599594.0,1.0
418118847,SneyderSav,TheNewBest,10150852.0,2.0
418370539,froker,D1sabled,10144442.0,1.0
418427214,Artza,tspirit,0.0,1.0
418749303,Gabimaru,WW team,9839713.0,3.0
418891385,GYR0bass,Team Dodiks,10136254.0,2.0
418942836,rincyq,Pipsqueak + 4,10150633.0,1.0
419399987,NoFair17,ECLIPCE,10150496.0,2.0
419592875,GinRC,Lava Girls,0.0,2.0
419948853,nyw,Lindorfitos,10150568.0,3.0
420012344,YaWaR,Howl,9148987.0,1.0
420873186,Cristalliz,Lugina E-Sport,7438286.0,2.0
420985767,812,Artyk New Generation,8661536.0,2.0
421043146,seraphita,SaltPower,0.0,3.0
421047734,Ta|ha,Rs,0.0,3.0
421515107,Rio estilo,Pibbles Corp.,10208608.0,3.0
421968236,Zajka,JaabaFamily,7407145.0,1.0
422089909,Dealbreaker,Made in Philippines,8736661.0,0.0
422354953,Dizzy,Team Pulsar,0.0,3.0
422748003,Gold Ship,D Family,10157986.0,1.0
423672157,sowave,Tirana Tigers,9718707.0,1.0
423674961,Melfikx,30fps,8262548.0,2.0
424655357,kyro,Team Spivom🍺🍺,0.0,1.0
424661031,hina`,HYDRA,8588969.0,4.0
425075046,iSonic ,Avalanche eSports,0.0,2.0
425156068,PurpleBreaker,DF YOUTH,0.0,2.0
425188555,KysokMyaska,Team Necessary,10137538.0,2.0
425192321,qwqe,SaltPower,0.0,3.0
425195009,DON,Lil Baws,9808427.0,3.0
425588742,payk,Estar Backs,0.0,1.0
425966402,Ghost-FrNkGL,Golden Fire Riders,8780452.0,1.0
426104869,npoxop12,QCLDS,10060791.0,1.0
426561576,Hasan,Putin Team,7819250.0,1.0
426671610,Putlong,Rechel Buddies,10033854.0,3.0
426822335,Sychka_ya,smurf power,0.0,2.0
427154961,Sixty9blade,Team 1qually,9599401.0,1.0
427321993,aroirken^,mayonnaise on an escalator,9815148.0,2.0
427453609,Paradox,Team Burst,9657682.0,3.0
429179831,brick1ng5654,CRYSTALLENA,10170106.0,1.0
429275710,Inteseyro,Inspiration,6030748.0,1.0
430259207,Topsonbek,GuArDiAn FiVe +_=,9578717.0,1.0
430331848,Black,psychokids,10101506.0,1.0
430683814,G0dnez,Sons of Anarchy,9317020.0,2.0
431265345,Annapurna,Team OPG,8819848.0,3.0
431280976,Azumi,Mad Kings Esports,8740097.0,1.0
431770905,TORONTOTOKYO,OG,0.0,1.0
431780974,unluckxd,SOPRANO,10138196.0,1.0
432737214,Insubstantial,Team Rhinos,0.0,1.0
432822143,AMD,BLACK STARS,9309429.0,1.0
433208170,hilz0r,Very Important Persons,0.0,3.0
433280308,iincarnate,5troubles team,10135567.0,1.0
433280853,Mentor-,Team Dark Side,7402298.0,1.0
435139370,ani-san,Rune Eaters,0.0,2.0
435460860,根,Thriving,9885928.0,3.0
435660964,Рассел Хоббс<,SanGermanRejectsYoung,8412345.0,2.0
435982032,DIfiz,PIVNUE MONSTRU,10130348.0,1.0
436035373,tsukirava,espada,9579845.0,1.0
436060144,takehiro,Let we die,8170043.0,1.0
436448152,Abad_YB♥,Team Warrior,0.0,0.0
436955631,Артемчик,КОТИКИ,9887378.0,2.0
437026302,Sagun,REVENGE GAMING,0.0,2.0
437039815,papugg,arizona mesa,9717396.0,1.0
437052058,Feliks,Bibinto Squad,0.0,1.0
437157143,JanklodDodep,DolbyYebi Enterprise,9745853.0,2.0
437595980,PAxMaHuHoB`,Zenit Saint Petersburg,8086067.0,1.0
437728461,I not Issa,Villains,8690990.0,1.0
439138832,JK,白马河战舰,10143815.0,2.0
439175846,daquqe,Team MUSHROOMS,9808521.0,1.0
439272967,,,,
439286729,ESHKERE,PATRIOTbl,10137260.0,2.0
439433055,escalatik,Wicked,0.0,1.0
439896119,Suki,MAG.Yolo,9075558.0,0.0
441278671,ty0_,D1CKPEEK,10137004.0,1.0
441735183,Yokota,Team Serpens,9971859.0,2.0
442910405,Kaz-Mircale-,EHOME,0.0,0.0
443245579,HaixeL,Modo Serio,0.0,1.0
443533550,我是一个,Blasfemy,9563061.0,0.0
443534346,k1ngsman,Cartel de Idjot,8605482.0,1.0
444107136,Awanamiバカ,Five Percent,8836642.0,2.0
444301916,I r e z u m i < ,irezumi,0.0,1.0
444515743,ХАНАХАКИ ,Pavaga Gaming BY,8421741.0,3.0
444542530,Nedlog,DF RISING,0.0,2.0
444562853,Molecular,For Groot,10137676.0,1.0
445056457,Ice_in_roM,Feeders Anonymous,9471706.0,1.0
445271475,depressive peep,Billy's Boys,8488841.0,0.0
445291085,спортик,Team Jazz,0.0,1.0
445646028,bsK-,Estar Backs,0.0,3.0
446720453,baltodxd,iWILLPOWER,10164272.0,1.0
446737104,冬,Supernova,8943671.0,0.0
446835610,k0stich,Team Verpus,9907937.0,3.0
447215706,At0m,Raven Squad,8835556.0,3.0
447346406,P1ZDABALL,Only Chen,0.0,1.0
447542795,sweetiesssugar,Velvet Moon,9807380.0,1.0
447861625,Andrei shark,YAICA,9477218.0,1.0
447934921,LittleATC,TEAM STILLERS,8725175.0,1.0
448972597,risottee,$yηořy,8507361.0,1.0
449251770,hehehe,DEMONDESTROYERCOMMANDERAPPARACIONPROTECTOR,7871205.0,1.0
449539192,ang333l,samosval team,9531491.0,2.0
450454900,Kiseki`,Team Spirit Academy,9948367.0,1.0
450690203,iRtDPC,ESPORT SQUAD,5078257.0,2.0
451204586,aikko,Emptiness Depletion,0.0,1.0
451575277,fanaticsm333,WORLD BARBIE,9866912.0,3.0
451594356,s1rota,Aikas Team,10137968.0,3.0
451615151,hitori,Ruiners,9555851.0,2.0
451730937,VETERINAR,DDWDD,10144615.0,3.0
453021567,EGOD,UZBAGOISYA,10150642.0,1.0
453062644,Chappy,Enrage Gaming ,9381133.0,3.0
453219699,Ihlem,Krasnoyarskie,10143752.0,1.0
453448229,FrosT<3SomeOne,The First Dance ,10144122.0,2.0
453891890,ODISEO,The First Dance ,10144122.0,2.0
453997943,恐惧,LFG,9182316.0,1.0
454404716,moon-a,Team Toxin,10137832.0,1.0
454989197,DenMayster,StatTrak™ Team,10251296.0,2.0
455141138,ABGM.LES,Too Talented,9055812.0,1.0
455204409,JR,,,
455661222,Snowyray,Тараканы,9330496.0,2.0
455784411,VedRon,Apex Titans ,10151451.0,2.0
456115709,Newt,ZдраVствуйте,9033164.0,1.0
456264722,Drift N Drill,,,
456592219,Narmer,Proximity Gaming,9791271.0,2.0
457090235,nordefeM,ACOUSTIC DOTA CLUB,8813826.0,3.0
457827215,ayar,ОСЛЫ,9041110.0,1.0
458191763,RTB.,AKUMAS,8434779.0,1.0
458287006,423,Klim Sani4,0.0,1.0
458576799,None,Team Summer,9256580.0,1.0
459356979,AWAWA,BEYOND!,9449146.0,3.0
459859475,Pretender,Xeno Genesis,0.0,2.0
460356164,mmm,Antarctic Penguins,6209804.0,4.0
460406856,emobrood,BroodMafia,10136877.0,1.0
460468421,aquazor,aquazor,9980995.0,0.0
460717344,scvrxcrxw,bitbox pizdoi,10249678.0,3.0
460885423,zxyc,PARIVISION,8063463.0,1.0
461405753,Baragoolka,ННГУ,0.0,1.0
461453642,Biney,The Pibbles,10137871.0,1.0
461870716,Slayer™,Silent Gaming,5869278.0,1.0
462461989,Jenya,NoJenya,8597346.0,1.0
462933730,Moonlight,Nuist Ctrl,6950773.0,2.0
464399898,Limbo,BNB,9532164.0,1.0
465366018,Dem1,Cult,9736571.0,2.0
465818970,Sooyaa,SELVA GAMING,10135653.0,2.0
466093373,11,Chiriuchu gamer,0.0,0.0
466441822,500TKLoss,Team 200,0.0,3.0
466626326,☠︎плевать на все,d3rb3nt,8737104.0,2.0
467031044,Yarage,Los Chapocitos,8975291.0,2.0
467317786,Петя Грiффiн,Team ~Fashon~,0.0,1.0
467332789,Rvval,WW Team,0.0,0.0
468062456,alfredo,Team Spirt,10048136.0,1.0
469184999,Dota2蛋挞,bilibili,9717978.0,3.0
469203725,BANGS.69.Bu$$yD3STROY3R,Tiongson Arcade Eatery,10135775.0,1.0
470794988,fraist,diving team,8855602.0,2.0
470869417,La mort,Lunaris,9895361.0,1.0
471059022,main,Team Ensnare,9886363.0,1.0
471065417,kijeyka,kijeyka,10108268.0,3.0
472025864,AD IMPERATOR,,0.0,2.0
472380049,dilanx<,EVA♥,10047643.0,1.0
472962064,lRenatto Landerosl™,TheNewBest,10150852.0,3.0
473956353,qweghoul,,0.0,2.0
474775455,ritashi最強,ritashidog,9408618.0,1.0
475073810,Mimeka,Argentum,8643666.0,2.0
475528003,cmitani,Team Spirt,10048136.0,3.0
475624715,SONIC,Apostles game,9419664.0,2.0
477070996,mavis,Seize the day,9600214.0,2.0
477264465,Sneyder Sav,,0.0,2.0
478908355,loniamha,БОЖИМ.team,9814117.0,1.0
479511474,Abs0lut_v_potoke,Burmalda,10150701.0,3.0
480026067,danone,Without TikTok Team,10157613.0,1.0
480127737,viaelectric,Sunny Girls,9916928.0,2.0
480256504,absolut,smurf power,0.0,1.0
480412663,gpk~,BetBoom Team,0.0,4.0
481007174,asuwxnt,студенты,10136812.0,3.0
481330632,fertoon,DF JUNIOR,0.0,2.0
481640843,chapman,Killstreak,9758115.0,1.0
482124425,BR Arcan,The Pibbles,10137871.0,1.0
482364904,kyford,Team Spirit Academy,9948367.0,0.0
483391142,rize,madkids,9716034.0,1.0
483449779,umeri,D1sabled,10144442.0,0.0
483863687,KID-,Perros Angryy,9731241.0,1.0
484759837,Broken,,,
486750894,PhoeniXSun_NR,TiTyan,9760604.0,1.0
486914436,shuutaru,EnterGuys,10115658.0,3.0
487285196,humblegod,Stormbreakers,9413983.0,1.0
488195600,smuckers,Cosvantin,10137156.0,1.0
489259641,psychovert <,P9,9948247.0,1.0
489618280,aiko涙,Emo fluttershy team,9819938.0,1.0
489696354,Han,Supernova,8943671.0,0.0
489797479,OYANARO,ritashidog,9408618.0,1.0
490157939,pain,,,
490501370,rosa nekeʼelk chaq saʼ jun li ,BABYJONS,10137637.0,1.0
490745968,restricted,royalpuppeys,8415922.0,1.0
491569640,DEMERITO,GENTE SIN FUTURO,10150933.0,2.0
491707476,aura,catch cats,9181272.0,2.0
491846216,everygirlhateme,Bulling Machine ,7817599.0,1.0
492362017,Shizzik,Team PivBov,10122051.0,3.0
492832866,Captain Raveman,P9,9948247.0,0.0
492874271,Determination,Old School,0.0,1.0
493491188,sachigawa,Team Amplify,9373898.0,2.0
493967542,Demon,NoPing Esports,2672298.0,2.0
556002794,Yasudo戰神,不輸,10088626.0,1.0
692938950,nertin,Sky,10225800.0,1.0
711554122,Alpaka,Team India,10241576.0,3.0
711909349,viva la snow,KOPZINKA.UZ,10026802.0,1.0
719531247,Mathew,MKJN,10186923.0,1.0
720282519,heavenly,heaven,10233833.0,1.0
744123582,王忻辰 ,Red Panda,10144393.0,1.0
746996297,Zet,Team metamorphosis,10137569.0,1.0
748737168,666,Антейку,10136682.0,1.0
749565501,z3wr1,Sky,10250735.0,3.0
750008012,holy,natch,10014711.0,3.0
750970898,ritennui,disbandtommorow,10212413.0,1.0
752926528,(6pos),Flow,10225079.0,1.0
754520732,zyk,Team Maybe,10135785.0,1.0
756253968,rarits,Moonlight2,0.0,3.0
763203901,od1nok?,Fastiv Spirit,9518040.0,1.0
763888567,shishpon,tuckovospirit,10136354.0,1.0
769328419,backfromparadise,PARADiSE,0.0,1.0
770128787,GLINALICHEO,manassas,9224886.0,1.0
770134837,trippleR,Team Nyx,10136664.0,1.0
770330834,zxcLens,TEAM SPIRIT 2.0,0.0,1.0
771014719,suffery,Team BKG,9849799.0,1.0
771641093,Воздухан,THE_MAKSIM_KYXAR_PRO,10144863.0,3.0
772894849,PELMESH,Ergo Proxy,10143912.0,2.0
773579052,xeshkaa,,0.0,1.0
773908914,regretful,broodckoe,10136233.0,1.0
773932264,PTU,viva la,10207523.0,1.0
773972928,n0ober_,shtangencirkul cristallisa,10150884.0,1.0
774189164,Labirint,KOPTILNYA,9885760.0,1.0
775605147,d1gikale,LS Buffalos,10143675.0,0.0
776732022,temniy drun,team chokoboy,10136597.0,1.0
776924185,knyaz,TeamRus',9834538.0,1.0
777151754,Shiro,Team Wave,9698852.0,1.0
777291524,kalawduty,KalashTeam,10177720.0,1.0
777869026,BoB4ik,Team India,0.0,2.0
778289638,РАВАХА,Team India,10241576.0,1.0
779479694,W1lltrex,AimBot,0.0,1.0
780202692,sober,TeamWind,0.0,1.0
781564267,UNDYING,Dota 2 Enjoyers,0.0,1.0
781659635,Syrikat,NoBrain,10136829.0,1.0
783336293,alkin,67 team,10136871.0,2.0
783652684,Akame,TeamRakuzan,10107454.0,0.0
784476590,DeathKiller84,Dota Sensei,10137563.0,0.0
784822896,kidasy,Elite Eclipse,10040599.0,2.0
785498083,Петух,THE_MAKSIM_KYXAR_PRO,10144863.0,0.0
786068057,ZloyPro,diving team,0.0,3.0
786151469,universe,flowers team,10136208.0,1.0
786629331,Hitomi,BIG,10033562.0,1.0
786774686,blessed ,Joll Team,9538594.0,2.0
789002245,Lel,ATB Team,10150650.0,1.0
789942957,xasa,,,
790301697,relok8,GLACK TEAMS,10136867.0,3.0
790952490,fowark_kk,Solar system,0.0,2.0
791273284,ashtears`,Team Lowkey,10115684.0,0.0
791515931,Overkill,AimBot,0.0,1.0
791623560,l,,,
791738411,tigran,obyvnaya ,10137972.0,1.0
792023048,Senryu~en,Battle Cats Team,10233193.0,1.0
794292331,azaQ,Team Necessary,10137538.0,1.0
794503922,Kaolin,Team Pulsar,10040845.0,2.0
794704185,PATOPIM038,Cursed Souls,10135660.0,3.0
794930182,fagot123,,0.0,0.0
795115155,pops228,Team Spirt,10138246.0,1.0
797087135,ШИЗ,ArseNAL,0.0,1.0
797294784,rampuzek,GOMOSQUAD,10144774.0,2.0
797535848,#КорольФинансов,Arlekin 40000 Team,10186379.0,1.0
797851713,Dr.Pigeon,,0.0,3.0
798111003,Vex,King legion,10048248.0,3.0
799268747,XTAMOS,WORLD BARBIE,9866912.0,2.0
799588166,Jasper,Team teiko,0.0,3.0
800488712,kilnyx,softside,10075800.0,1.0
800565215,Skadi-,Nova,10225908.0,2.0
801989722,Wh1tNey,PLEmya,10129390.0,3.0
803684216,Nepsiq,SIx Seven team,10136623.0,1.0
804066003,raze,fdr3ams.,10136755.0,1.0
804092733,rezo,Solar system,10135830.0,2.0
804530263,lulu<3,Heavy Suite,10081550.0,2.0
804884405,valpink,United Unicorns,10001653.0,1.0
804997927,iceic0,грибоманы,0.0,1.0
805671023,GURU,feed,10101763.0,1.0
806486410,Shlang,Last Chance,10150366.0,2.0
806837813,TuTu,Old Chickens,9973922.0,1.0
808724781,scaryteacher,Dota Sensei,10137563.0,3.0
808770632,MELLSTROY,воздушные войска ,0.0,2.0
809220931,Yasuke,Team Steel,10151170.0,1.0
809497878,KRDshik,KOPTILNYA,9885760.0,2.0
812034959,L0W C0RT1S0L,Поцілуйко Team,6239015.0,3.0
812165809,rain',#2016,10135813.0,1.0
812459916,M|n,Dodo team,10144492.0,1.0
812628601,Suilor,BNR,9209553.0,1.0
813003650,fanex,moonlight,10150387.0,2.0
814417830,EBB,Team Vultures,10136977.0,1.0
814853393,Hooi,,,
814939388,lzxtyro,Geden,10074410.0,1.0
816508536,Mayoj,,,
817047780,sadf0okadfiojg0o9refa,,0.0,0.0
817265922,Boomi4,zagorsk team,10136791.0,0.0
817342120,Ferkur,Aether Surge,9710099.0,3.0
817350111,BLACK MANAGER,Meant 2 Be,10170736.0,1.0
817380042,fallgoth,67 VSEM SVOIM,0.0,3.0
817650875,Juno,Team Ribbon,9927775.0,1.0
818238667,Nabral,skibidi team,10137172.0,2.0
818542712,xNova,,0.0,0.0
819076824,br1zzz,GOMOSQUAD,10144774.0,1.0
819548637,dy,Luck or Suck,4009517.0,1.0
819774367,9mirkovatel.,SotF,10162603.0,1.0
820142149,9Yara,,0.0,2.0
820155635,Charl1,,,
820352070,icememory<3,Gates of Olympus,10171658.0,3.0
820409716,ryota,soundcloud,9965725.0,0.0
822061247,Archive23,emo cult,10144306.0,1.0
822222516,husrobot,sakeen team,10135845.0,1.0
822519940,mirage ,wrong team,10101794.0,1.0
822564544,Tokaa,Geden,10074410.0,1.0
823335392,tyrbodizel,PETUSHKI,10170649.0,2.0
825303403,btlefry,TeamLancer,0.0,2.0
826338914,No,,,
826955404,Morgause,,0.0,0.0
827903878,minimalazer,,0.0,0.0
827906760,Shadow ,NoTidehunter,10137231.0,1.0
829933083,prayfo,TEAM DEMONICK,10225445.0,1.0
830041774,Nanase,Fleet Snowfluff,10242627.0,1.0
830365555,F,dota_new_player false,9872190.0,1.0
831348872,fafafa,,0.0,0.0
831352071,kira,,0.0,1.0
831354271,aciq,Bukovyna Esports,0.0,1.0
832096984,risseeq,Team Eclipse,10208590.0,1.0
832870704,Godkid被选中的人,subhuman kids,9866691.0,1.0
833597214,madone,Sky,10225800.0,0.0
834309023,Snaka,67 VSEM SVOIM,10163699.0,2.0
834476987,666,EWQEQW,10034973.0,1.0
834521506,lucheknimamy,psychokids,0.0,2.0
834617489,jinpachi,LFT1,10041444.0,1.0
834753275,叶萧,我想吃肉,10144129.0,3.0
835366914,tv/capusta233,Burmald1mTeam,0.0,3.0
835676420,Eren,Team Disillusion,8582076.0,2.0
835864135,pma,Natus Vincere,36.0,1.0
836021236,ArT-,Desire Lake,9249292.0,1.0
836199904,Joga bonito,,0.0,2.0
836305870,hope,CyberLAB SSTU,9607829.0,1.0
836644455,woah~,BallCock Civilization ESports,4980706.0,1.0
836838288,kagtav1y,хомяки,0.0,1.0
837037101,blacklist,,0.0,0.0
837129090,FreezyRipper,团团圆圆,0.0,2.0
837301260,Natrix,,0.0,3.0
838067940,Ghost_Dead,Thunder Affliction,8827318.0,2.0
838121862,Rayden,,0.0,1.0
838129170,Ysera,死んでください,7721735.0,1.0
838500244,Mugetsu,Pro100*,7566041.0,2.0
838547248,armageddon,Dandelions,0.0,2.0
839631904,Eyesless essence,ADSClown | 183,8986955.0,1.0
839804196,美波Classy,Modo Serio,9223541.0,3.0
840016252,HollyWooD,Beta Esports,0.0,1.0
840076681,wellplaYed `,Teikō,9080797.0,3.0
840093440,Nutot,Razum Ulya,10142734.0,3.0
840342138,director,UZBAGOISYA,10150642.0,1.0
840421698,Moscovium,EVIL MANCOS,9927772.0,1.0
840424604,Dark~,Team LEVIATHAN ,9447922.0,1.0
840533252,Senpai,DCE,8555320.0,2.0
840646308,польска криминал,Excrement Gaming,9895088.0,3.0
840838718,TiTan,EQUIS SOMOS CHAVOS,0.0,0.0
841110226,irlandsky777,Team Bella,9885572.0,1.0
841303237,Yasei波,White Ash Team,9905499.0,1.0
841371093,Sh4y,/\,7268502.0,1.0
841732033,Djorji_Feno,Free For All,0.0,0.0
841766240,Yatoro,God Hand,9781350.0,1.0
842180426,чмище,,0.0,1.0
842371323,fyz1k,Team Zhir1t,10033925.0,3.0
843131770,K1rYh666,Bobrik Band,10242616.0,2.0
843495355,EnwitXD,Pickupers,9744649.0,1.0
843505716,Drochester,DEMONDESTROYERCOMMANDERAPPARACIONPROTECTOR,7871205.0,2.0
843637107,bullf1nch,SaltPower,0.0,2.0
843713863,chrleezxc,helpme,0.0,1.0
844110500,J4RV3N,322 Official,9895972.0,0.0
844206520,шашлык,SaltPower,10136306.0,1.0
844326278,falowey,EARTH GAMING,0.0,2.0
845144981,Mercury,UAKChempiki,0.0,2.0
846140686,удача это миф,92km squad,8879067.0,0.0
846205950,darkyy,Roflans.Forever Young,9466369.0,1.0
846681718,Tonny,ZXCCCP,9449222.0,1.0
846693590,MarAnto,DEVIL MAY CRY,9426482.0,1.0
847005030,13NZ,Very Important Persons,9884045.0,1.0
847565596,rue,Team Spirit,7119388.0,2.0
847851833,raregods,VP.Prodigy,0.0,2.0
847951599,Kuntisma <,brave dota 2,6092440.0,0.0
848115107,som,LL Team,0.0,2.0
848433195,KiLLion,Team light,0.0,0.0
848612123,Schegol,CYBSUTIS,10270518.0,2.0
849614883,Flymoon,Team Dodiks,10136254.0,2.0
850098476,MeRL10n- ,Team Lions,8755813.0,2.0
850309212,Lie,IGNITE,10144722.0,3.0
850345091,Dionis,ites,9949856.0,2.0
850569434,hatred,hatred,9813996.0,1.0
850857142,kedekin,5 KORO4EK,8836478.0,3.0
851181107,firefly,alkozavry,10170626.0,3.0
851254656,qyx,Red`Submarine,9651424.0,1.0
851600648,LiNi,Team light,0.0,1.0
851842306,Seiro,SKYReaCH,10170753.0,1.0
852440504,muver,LOSHPEDI TEAM,10144555.0,1.0
853221951,Aswers愛,Bobrik Band,10242616.0,2.0
853473390,bbrebyata,Korkino Lions,8419968.0,2.0
854077300,M50B20,E34,10143904.0,2.0
854671154,XM,疯狂星期五,0.0,1.0
855013379,rnr72,purposeful,7126659.0,1.0
855020549,Whydisire,Team Ejiki,8607907.0,1.0
855091934,Hailrake,ProDotaGaming,9518801.0,1.0
855106707,Пайк,Team Aurochs,0.0,2.0
855211895,NicheQQ,GAYSHITIMPACTPLAYERS,8600666.0,1.0
855300499,4erka,Team Wipers,0.0,2.0
855557466,Kaiser,Asuno雨,9884803.0,1.0
855611008,Cabo 15 Y.O,The Bros,9866035.0,1.0
856526684,chn1d,Ashed Five,9948162.0,1.0
856603564,ЫЫы,KK.LD,0.0,3.0
857864423,Eternal,Гильдия Хохлов,10137724.0,3.0
858106446,kiyotaka,Aurora Gaming,0.0,0.0
858200619,AFGANISTAN,bon voyage,9790888.0,2.0
859505832,setuna,Cloud Rising,0.0,2.0
859746757,Griz1i,smurf power,0.0,2.0
859782441,KypChak,GEN MIRACLE,10136722.0,2.0
860145568,Rain,Yellow Submarine,2576071.0,1.0
860218545,sky9nde,lineyka,7714071.0,1.0
860264647,emptiness死,Team Synapse,10212329.0,3.0
860537002,honto,XOXOTYNCHIKI,0.0,2.0
860552595,FALLINI,AKEDIAROT,9691568.0,1.0
860770912,Купец-Бакалейщик,КалЫваН,10138251.0,2.0
860814988,easymoneysniper-,Ravage Gaming,8698577.0,1.0
860895578,wWw,Oirats,8993086.0,1.0
861077936,Fayyle,psychokids,10101506.0,3.0
861335657,HUR7LOCKER,Ashborn,0.0,1.0
861414087,lewis,InterActive Philippines,7917893.0,1.0
861533835,носок спермы,Young Eagle,9877394.0,3.0
862991049,tw1zzR,popochki228,10136625.0,1.0
863072482,医者wasted,,6318715.0,1.0
863168323,p1xiedustt_,LPC GAMING,9866196.0,1.0
863251068,SadRyk,arisenawa,9782247.0,2.0
863918756,zveruga,ГОБЛИНЫ,9615546.0,2.0
864984379,qv,Pedro,10137451.0,3.0
865075084,kww,porvalo,9796498.0,2.0
865192314,idddkkkk,MONGRELINI,10136762.0,2.0
865295996,Uppers1de_,PodviGGayemsya,10144009.0,2.0
866334946,22,Legion_Llama,9080625.0,1.0
867945499,Dan,Team Crystallis,10150760.0,2.0
868030993,vampi,SOLUTIONS.PROFESSIONAL,8174444.0,1.0
868116169,Nonece-,EZENGUI TOOSGO SQUAD,8814842.0,1.0
868303311,Twi,PSG.LGD.,10234441.0,1.0
868670696,daque,Team MUSHROOMS,0.0,1.0
868807677,Alina,TeamSpirt,10164353.0,3.0
869042695,Costa,Ay mi madre el Bicho!,8524549.0,1.0
869064610,Carassio,royalpuppeys,8415922.0,2.0
869438725,HaSeEb,H1GH-F1VE,7388197.0,1.0
869700354,Migray,PCCC,9905616.0,2.0
870749509,123,,,
871718649,sosalka,soslo,10135548.0,3.0
872046859,M3liodaS,The House Esports,10122515.0,2.0
872243408,Korka,,0.0,2.0
872437743,boxer,We are here,0.0,2.0
872580992,stacy,Roflans.Forever Young,9466369.0,2.0
872617483,pr1me,debusters,9939206.0,1.0
872682801,kintuki,Night veil,10088052.0,1.0
872925228,41kNight,CrystalliZation,10150599.0,1.0
872976424,BolotoInBlood,Obosrallis,10150627.0,2.0
873114870,Enrico,Wookies,9555909.0,1.0
873175607,YoYoYo,Total Control,10157915.0,1.0
873205934,sadness,,0.0,2.0
873271045,Larp_mladshiy,SaltPower,0.0,2.0
873319145,rei,PONOS Racing,9380931.0,1.0
873759360,King,SaltPower,0.0,1.0
874057003,REkosq,BuybackBoys,10151036.0,1.0
874115527,Tenafilchick,BANANASQD,9927975.0,1.0
874192385,Chame,Ashed Five,9948162.0,0.0
874290567,alonso,4 gatos ,10079432.0,1.0
874489683,Mereana,ZXCVODCHANE,9833627.0,1.0
874735136,pota2,DIREBORN,10150434.0,1.0
874981361,Bowser Jr,Zetta Games,9600331.0,1.0
875490808,xflowww_,Rainwide Team,9074948.0,1.0
875555315,Aza,Night`s Edge,10138253.0,1.0
875584484,"911, call me sometime",Team Kremlin,10169949.0,2.0
875805452,boller,URAL,9879871.0,2.0
876147162,drwnwme,Aether Surge,9710099.0,2.0
876301420,Aristokrat,Geden,0.0,1.0
876337251,Avangard,AnyRage,9872628.0,2.0
876384685,Houir,manassas,9224886.0,1.0
876906359,大贤,Twice,8105770.0,1.0
876941356,blockeddamage,crystallis gang gang 52,10143907.0,3.0
876967799,kyara,soslo,9947620.0,1.0
877815436,Amikx,Team Slavyane,10157182.0,2.0
877861163,anissueni,DotaFlow,10075914.0,1.0
877961728,xfedyakun,mellstroy_team,10135751.0,1.0
877992927,pepyk,SaltPower,0.0,3.0
878020615,R a z o r,TEAM VORTEX,6543464.0,1.0
878165885,Spard4a,Majin,9744480.0,3.0
878375250,ForzeQ,grossgaymeisters,9958010.0,3.0
878613736,Ikigai鷹,Team Tough,8980714.0,4.0
878647165,RedDamask,九域Wings,8789095.0,4.0
878650267,bvckshxt17,17,9488317.0,1.0
879017980,"Darklord,,`",Rune Eaters,9895247.0,1.0
879131770,Sp4rk,RedRows,10129210.0,1.0
879245444,WinterG,KINGS,9545342.0,2.0
879391630,Sixzcxz,Cursed Souls,10135660.0,2.0
880097183,ra1n,Ninja Team,10136341.0,1.0
880309727,Smasssh,Bars United,10144787.0,3.0
880397480,A9,,,
880634727,Hryzleff,felt,8261882.0,1.0
880757765,dysphoria,We are here,0.0,1.0
881155636,Franz,Winter Squadron,0.0,1.0
881650539,Prow1ne,Hauns,9523674.0,2.0
882631232,Destiny,,0.0,1.0
882910500,lebrodoto,GORRILA,8717863.0,1.0
883120221,visionlordxrd,Vikings,10271853.0,1.0
883342881,Akimitsu英,mellstroy_team,10135751.0,2.0
883412707,rohigo,Janku prime,0.0,1.0
883711263,Tangyuan,AncientLizards,0.0,0.0
884186564,Afiks,Mocean,9938131.0,1.0
884209964,Pow3r,PWR Studios,9743559.0,1.0
884555786,KSHMRQ,Team Eclipse,10208590.0,3.0
884555855,Griffith,odium rejects ,8691705.0,1.0
885347502,icecoldsmoke,bagmet,9752978.0,1.0
885354254,billieuserr1,standoff4ek),9838602.0,1.0
885361706,RewyYyn,Energy,9716514.0,2.0
885630143,godsyndrome空,Drislo team,10135585.0,3.0
885658659,youngG,popochki228,10136625.0,2.0
885854437,Repka,OMSKIY GAZMYAS,9887234.0,3.0
886116228,123,Dream water,8778339.0,2.0
886140999,zxc4an,Bedolagi,9729879.0,1.0
886384158,Sur'e,Epoch,7010865.0,1.0
886469493,senseles,spirit,9011769.0,1.0
886742476,FortuneSoul,Team Tough,8980714.0,1.0
886822977,GENA,Team Daxao,10143491.0,1.0
887155126,donation9,Virtus Pro,7782079.0,1.0
887191954,EmsonPi,苍海云崖,9745073.0,1.0
887298937,che,SUPERZLODEI,0.0,1.0
887345269,pickme,mishki prime,0.0,2.0
887798011,iPadK1d,SanyaBabrouEsports67,10170751.0,2.0
887871509,祈,祈,10122596.0,1.0
888226676,Mitsu,KristalisBOOM,10150883.0,1.0
888366089,ARTEM_THE_F,mishki prime,0.0,3.0
888506745,Gray,Team Denis,10136108.0,2.0
888529762,rxgenearth,royalpuppeys,8415922.0,2.0
888579513,sushitrash,stable mental state,10150876.0,1.0
888607288,ecwi,ywio,10170503.0,2.0
888989832,Samsa,Family.sQad,0.0,1.0
889052539,lupsione,Matreshka,8838314.0,2.0
889219581,DesoLate-,Team Laxy,0.0,1.0
889314423,VeyLL,HIPPOMEN,9735337.0,2.0
889805767,Rain.,HYDRA,8588969.0,1.0
890139684,PIXTA,ESHKERESHKI,10144516.0,1.0
890446605,VaRKeR32,Last Chance,10150366.0,3.0
890928937,布道.BruceWayne,Trash,8862410.0,3.0
891106738,Slavw,Kobald Zigadir,8656734.0,1.0
891154650,PERDAN4IK,Shizageddon,0.0,2.0
891413986,psionic,DotaFlow,10075914.0,0.0
891753793,sinfulgod,CrimePie,8644193.0,2.0
891997306,seicex,ya sosal,9781937.0,1.0
892061504,Mefisto,Umbral Tide,10182294.0,2.0
892477646,ZPPPK1D,Crystallizirovanii Napitki,10169214.0,1.0
892486081,kae,Team Spirit Academy,9948367.0,0.0
892935483,Lachowski,The First Dance ,10144122.0,1.0
893229478,tedecti,Aghanims Team,9717532.0,2.0
893398159,Sweaded,Kobald Zigadir,8656734.0,1.0
895362843,goodgame,6-7 Team,10170407.0,2.0
895667686,soul5,Ashed Five,9948162.0,0.0
895726549,папочка,smurf power,0.0,2.0
895971060,oSS,To Be Decided,5085245.0,1.0
896099364,falconsa,CSDX,9444675.0,3.0
896149175,ygar,le team karasiky,10157708.0,1.0
896591182,Rikudō疼痛,X3,8421850.0,1.0
896634528,pipirka,грибоманы,0.0,1.0
896831948,yeschapskii,BETBOOM,9814233.0,1.0
897003083,LImbo,SaltPower,0.0,2.0
897016704,Lakom4anskiy,Motostrelki,10252260.0,1.0
897229085,AvToR77,XSDI,10138125.0,2.0
897243941,draxx,NoJenya,8597346.0,1.0
897255635,ulibaytes,BARELLE TEAM,10232558.0,1.0
897649636,Аниме псих,Team Orchid,10135965.0,1.0
898439886,SGDN,AVE BALABOL,9710075.0,2.0
898455820,Malr1ne,Team Falcons,9247354.0,0.0
898754153,Ame,Xtreme Gaming,8261500.0,1.0
899059195,MOJO,白马河战舰,10143815.0,2.0
899442191,xikaqq,The Mighty Midas,0.0,2.0
899495504,V,InterActive Philippines,0.0,3.0
899936658,kreeky666,lft,0.0,0.0
900331902,El_Saladar,MishaMaltsevNeGay,10233151.0,1.0
900760505,Vadimati,Pathetic Team,9623323.0,0.0
900846690,Tr3lol,Without TikTok Team,10157613.0,1.0
901040912,butterfly_22,FizMatiks,0.0,1.0
901892978,feitar,Papaya Team,10186531.0,2.0
902057449,Overdoz,Who is the best?,9396476.0,1.0
902389059,KRooZi,Mango tree,9345380.0,1.0
902391487,Comic,DDOS,10158029.0,2.0
902610453,Lich,Shadow Esports,8910506.0,1.0
902808020,4real,Invictus,9996274.0,1.0
903012084,xcanter,Xeon E5 2670,9886103.0,1.0
903184860,项羽,Yakutou Brothers,0.0,0.0
903510049,sutemi,Team Burst,0.0,1.0
903812037,fre1r,6FEET,8463994.0,1.0
903874826,pathetic mortal,SaltPower,0.0,2.0
904131336,Munkushi~,Team G,0.0,1.0
904595113,K1nous,Double Ellimination,9966325.0,4.0
904616563,Muraveu666,wrld,10060317.0,3.0
904891550,Гарольд from Rovio,CRYSTALLIS PRIME,10138141.0,2.0
905372755,evansvl,SoulEater,9705087.0,1.0
905497542,hakudzo,Team Warta,0.0,2.0
905567563,Pashtq,SISKI GAMING,9608273.0,3.0
906359938,stayback,HuLIGANiTeam,10262062.0,1.0
906567127,ntainy,War of Attrition,9926467.0,0.0
906977339,Makota,Mesquite,8246000.0,2.0
907044872,Linglai,,0.0,1.0
907158874,eva,,0.0,1.0
907342163,shindieplz,Team Fate,9004344.0,1.0
907433809,Z3r0,Ensanity,0.0,0.0
907501434,V1teckS,Crystallis.Academy,9885157.0,3.0
907507204,TCK,Team Denis,10136108.0,2.0
907562741,else ,BARBER CHOP TEAM,8784629.0,2.0
907696188,Giann,GoD SecreT,2240271.0,1.0
908254231,hairo~~,1pool2(3)mms,10150821.0,1.0
908519589,NoSleepTillTokyo,Cult_Crypt,9834342.0,2.0
908587991,TooEasy-,Modo Serio,9223541.0,2.0
908940454,Kari,TeamDk,9799036.0,0.0
908973177,zagvozdka,UUJlRna,10150695.0,1.0
909053315,sorryan,The Mighty Midas,9156565.0,1.0
909244002,Dejavu,Integrity Gaming,8605692.0,1.0
909254690,babsghost,The First Dance ,10144122.0,1.0
909374383,yakisugi,Burmald Team,10137076.0,1.0
910023324,Jessie,,0.0,2.0
910251724,twink.死在里面,psychokids,10101506.0,2.0
910266532,野生zero4GT メ,Mineski,9948613.0,1.0
910438201,katyskii,Bad Boys Team,8951846.0,1.0
910638871,mr. hard,Gank Syndicate,10145457.0,2.0
910686327,-l1nkxX,Village of Hidden Pool,10144767.0,1.0
911020188,Tanto,soslo,10135548.0,1.0
911326948,Kronest,Team Immersion,9783231.0,1.0
911366842,zVEGA,6Six,8668898.0,1.0
911659859,Ch1kat1l0,Circus of Freaks,10150666.0,1.0
911987457,globyce,vlasok,10150721.0,2.0
912019628,hanabika,BLUER ©,0.0,0.0
912274188,CytxN,MOUZ_TEAM,10150722.0,1.0
912309335,saee,podGAZAN TEAM,6613748.0,2.0
912373527,dii33peaer,EMMAGOD,9915602.0,1.0
912412841,Nana3Banana,I Hate Women,9834639.0,2.0
912975873,Holodil,Danyal 67,10170467.0,2.0
913096500,Evoquee,ChillZone,10163766.0,2.0
913140037,чихлюп,DF YOUTH,0.0,2.0
913265596,MORE,6R1G4DA,10144496.0,1.0
913331229,BarkGruy,CREEP,10136622.0,1.0
913443484,iseedeadpeople,рарочки,9027389.0,1.0
913639125,LQXD,Deep Ace Gaming,1240310.0,1.0
914037134,Marshalll,322 Official,9895972.0,3.0
914093625,bebebbebebeeb,Koroli Doti,9773344.0,2.0
914218561,MEGAPONI,Espada,0.0,2.0
914221413,lalatroni,Pibbles Corp.,10208608.0,1.0
914297108,gollandski,CRYSTALLENA,10170106.0,3.0
914357199,sanzh,Roquefort,10001819.0,1.0
914384807,ltt,Ghost Specialist,9271820.0,1.0
914387280,Puxliash,Rarcon,10137331.0,1.0
914621432,xBlades,500PTSTEAM,10144236.0,1.0
914679206,HOLOGRAMFUNERAL,DЬIMOK,10143623.0,1.0
914820553,masiqqe,mentissssss squad,9162693.0,1.0
914947233,Бурчик,The Boys,10135907.0,1.0
915412037,YaphetS,,,
915711073,Пусилизатор,Crystallis Prime,10143760.0,2.0
915930347,Tabo,Team Sideral 2.0 ,10142785.0,2.0
915931887,Emoboyfeechka2017,Chernobrivci,10137199.0,1.0
916036713,Helfier,PCCC,9905616.0,3.0
916319073,grpx1 <01,x5 Gaming,8971308.0,2.0
916457105,Disaster,d3rb3nt,8737104.0,1.0
916584599,keul,curseds,0.0,3.0
917164766,Mikey,Team Synapse,0.0,1.0
917353242,C1Dni,RageQuitTeam,10122527.0,2.0
917355272,БЕМБАС,ChillZone,10163766.0,1.0
917439062,V1n1ty,Fat Team,9981650.0,2.0
917497424,Grovii,,0.0,0.0
917640863,ama,TeamPiskers,10042106.0,2.0
918133533,Ivy,Xine5 Esports,9716640.0,3.0
919310236,Dontow,Chrome Sports,9867554.0,2.0
919393554,RedHolms,Kukanskie Kazachki,9879278.0,2.0
919492744,dpc,Ryodan,9332157.0,1.0
919640162,scaban,CRYSTALLIS PRIME,10138141.0,1.0
919735867,daze,Natus Vincere,36.0,2.0
920007383,rozendie.,sDP,0.0,2.0
920491011,higgs_03,Obosrallis,10150627.0,3.0
920621294,KROL,ПЯТКИ,10224969.0,3.0
921121711,xoxo,TeamSpirt,10164353.0,2.0
921254284,TESHEIRA,smurf power,0.0,2.0
921492059,Watereks,Komaru,8300620.0,1.0
921589598,Asdesu,RTZ TEAM,10233131.0,1.0
921773257,frostmourne,Viktor & Co,10144589.0,1.0
921787937,qrenqq,Team Corvus,9861712.0,1.0
922481045,LSM>,Hokori,7119077.0,1.0
922489017,WbitoCrud0,Perros Angryy,0.0,0.0
922525097,amethystov,Pokasov Team,9698410.0,2.0
922579451,Nin9.VP,SadmE,8069976.0,3.0
922610948,lusalita,Shadowborn,9691283.0,1.0
922956003,NeChel12,Теория Большого Гейминга,10150822.0,1.0
923360555,[GGBT]ElPaketeEstremezcas,GG BroThers ,10143988.0,1.0
924395854,Kompot_IK,Joll Team,9538594.0,2.0
924944185,Shaka,Moon Army,8075808.0,2.0
925015061,ДЫМОК,poprigunchiki,6711008.0,1.0
925132279,amanexx,BlockOfCheese,9539698.0,1.0
925407683,Licht 神,felt,8261882.0,1.0
925427242,Mana,Krasyliv Team,10157357.0,1.0
925699094,9991Z3R,1win,9784053.0,1.0
925741352,yvps,OMSKIY GAZMYAS,9887234.0,1.0
926046492,dgzr,Team Verpus,9907937.0,2.0
927398959,REALCHIKLAPA,Makoto,10145397.0,2.0
927417983,Yatoro,Tspirit,9879343.0,1.0
927476816,Demi_Ds,DTM TEAM,9442785.0,1.0
927874278,exaelion,100of100 times,8496389.0,1.0
927983732,h1mba,Looking For Team,10233132.0,2.0
928042369,Kamat27,Aura eSports,9885460.0,0.0
928134961,taperap,Team Chrono,9401685.0,1.0
928326833,RDN,Just Team,8810327.0,1.0
928415026,GameCap,D1sabled,10144442.0,1.0
928708768,romance13,Haters,10115699.0,1.0
928747327,fuxudueh,aye basota,9494173.0,1.0
929007363,amaoto,corpse,0.0,1.0
929094944,RAIJIN,Tverskoy metrotram,10136085.0,2.0
929513018,Pierrot,Twilight Guardians,9537038.0,2.0
929658484,Voznya63,CRYSTALLIS PRIME,10138141.0,2.0
929818345,Hunrize,Fallen Angels ,9699355.0,1.0
931028859,Zoko,ggOutside,10137109.0,3.0
932196078,сhpx`,Greed Is Good,0.0,1.0
932292974,Dikisvin,YAICA,9477218.0,1.0
932472979,-praised,Team Ana1,0.0,1.0
932890522,InfinityHope,School suicides,7389426.0,1.0
933027395,cvrtxd,hapanyli,9665415.0,0.0
933412030,egoist,smurf power,0.0,2.0
933464791,MOLFAR,DOTA RANGERS,10136492.0,0.0
934516701,Yokkoso,Emo fluttershy team,0.0,1.0
934523175,AV1r,War of Attrition,9926467.0,1.0
934890493,yerushte,Code Geass,9956260.0,1.0
935123931,Паханчик,BANDA LITVINA,9751228.0,0.0
937885300,ZENTA,LsK|Team,10138294.0,1.0
938573014,TRAHATELSUKZXC2014,Team SPIRT,0.0,1.0
942056702,диман-нефильтров,DrynSpirit,10157704.0,3.0
942416332,SHVABAUER,Bedolagi,9729879.0,0.0
943664594,tygos,team kefteme,9409428.0,1.0
944514450,despair,qAkasha kids,10060882.0,1.0
944861811,mördare,DESWIN,0.0,2.0
946368848,2POI,Crystallis Castles,10150715.0,1.0
946596277,dudinok,PAKRAMATY,10137272.0,2.0
946705971,CHACA | 99,KAKERO,9068895.0,1.0
949686503,deadneyk,pixie SQUAD,9948623.0,1.0
951198422,Dio,Masked Fools,10137837.0,3.0
951846068,boobie,,,
953253200,GlebKiller,AKEDIAROT,9691568.0,3.0
954132362,dontdie,HOBOB9TKA,10243445.0,1.0
954784260,trapaholic,wildcard b.l,9652215.0,1.0
956237674,MOYANESA,ONLY CAGONES,10020160.0,2.0
956371971,HonerZs,THUNDER AWAKEN,9078956.0,1.0
957204049,gotthejuice,Natus Vincere,36.0,1.0
957267716,andezyy,BANANASQD,9927975.0,1.0
958389409,flightman,Balikbayan Kings,10054884.0,2.0
959029042,Sonic上帝,dead denasty ,0.0,0.0
960932533,a,Pirimoga Team,10136127.0,3.0
961327329,Hugh1442,Big brain,7356881.0,0.0
964095383,220368153,Asuno雨,9884803.0,2.0
964459225,Xani~,Losers,10251050.0,3.0
965695925,DEMON,ПИПКА CRYSTALLIS'а,10135937.0,1.0
965993145,Graf Fkula,Б@БУW]{@_YM1R@ET,10138217.0,1.0
966682946,Оливер,Yacu Gaming,10136599.0,0.0
967850011,ASEEPHASEOFREQUIEM,ParaDoxy,9839042.0,1.0
967941345,killyabla,WW  team,10135608.0,1.0
967957614,meowbahh,ПА,10115872.0,2.0
967998544,stay me alone,Team EBB,10163703.0,1.0
968305198,dunno,Asuno雨,0.0,1.0
968439810,BIG,Denis Spermolinko,0.0,2.0
968545762,rubikon155,Inner Circle x Insanity,10251974.0,1.0
968725767,SWEET ROOT,DEMONDESTROYERCOMMANDERAPPARACIONPROTECTOR,7871205.0,1.0
969140784,CAWAPS,TI14 WINNERS ,9775935.0,0.0
969244166,Sigmaman2008,Team MUSHROOMS,0.0,0.0
969332071,BlaDoSeK,サタン,8508340.0,0.0
969374676,Rinkore,DF YOUTH,0.0,2.0
970042348,yurme,BigBalls,9426807.0,1.0
970094946,AYT67,AYT67 DIVISION,10135623.0,2.0
970172405,Gr1ffy,Vorpal Swordz,9705734.0,3.0
971406657,Locky,Team MUSHROOMS,9808521.0,2.0
971473796,Apparation,Crystallis adepts,10144620.0,2.0
972338359,GeorgeSlavicLeader,Giga Creeps,10144196.0,1.0
972452777,Strongeo,locked ,9684076.0,1.0
975355552,lil кирилл,pivo adepts,10157846.0,1.0
977021086,Evaru,UP The Down,8661304.0,1.0
979257006,Wazes,SOSIBAKA,8532777.0,2.0
979378112,rehab1337,foid party,10137002.0,1.0
980696476,MYASO,UROBOROS,10135949.0,1.0
981209556,Russ,MonTaNa,7917681.0,1.0
981701727,DEVYATINA,Malchiki Spalchiki,0.0,2.0
982795861,galland,,0.0,1.0
983204307,yurodivyy,Dregochilo,10151557.0,2.0
983653799,manya_,FluxTeam,0.0,1.0
985002982,.mitrof,Team Pivo,10136956.0,1.0
985878237,SonnyBoy,desepticon team,10137257.0,1.0
985920017,Обэмэ,Murda Teams,9723954.0,2.0
989048209,KRICO,MakeevkaTeam,0.0,3.0
989204238,TRENTOR,МК УрГУПС,10041636.0,1.0
989375417,TanZ,PIVNUE MONSTRU,10130348.0,1.0
990339983,tw1Nse,smurf power,10242456.0,1.0
990545863,TomPoid,Blood Directive,10027527.0,3.0
990638304,Matseri1,Reprieve,9879363.0,1.0
990684094,Yoo,Apex Predator,9905442.0,3.0
991065018,Jesse,Team ASY,9074804.0,0.0
993002344,Vika,АЛЬТУШКИ,9063141.0,2.0
993824087,OTTO,DOGSENT,9824381.0,2.0
994624030,dextxmido,SaltPower,10136306.0,4.0
994849448,芷薰 李,DC,9775101.0,0.0
995234333,Субо,BANDA LITVINA,9751228.0,1.0
995832606,misosolo,НОВЫЕ ПИРАТЫ,0.0,0.0
996117726,rUsty,We are here,0.0,1.0
996170963,Mr. Lens,Last Echo,0.0,1.0
996824386,Denis,Team Denis,10136108.0,1.0
996912992,KostyaBaik,Babachai Team,9964994.0,1.0
996994242,sae',4svkid,0.0,2.0
997663631,Higtmar,Team India,10241576.0,4.0
997707451,рука в попе,ProstoServak Team,9995944.0,0.0
997958795,k33mmy,DF JUNIOR,0.0,2.0
998149861,Стасян,PANTERA,10241662.0,0.0
998818674,Jimba,Survive Something to Avenge,9996851.0,1.0
999308626,Kyurt,Geden,0.0,3.0
999373795,kxkxkx,Sunny Girls,9916928.0,1.0
999490337,yunk,,0.0,0.0
999547488,G1F,LsK|Team,10138294.0,3.0
999820615,Rom0noN,BandaSL,10107439.0,2.0
1001140601,justkaba,,0.0,2.0
1001155617,adlik2033,Ensanity,9055431.0,1.0
1001714951,krol9ash),PuckChamp,10164236.0,3.0
1002097208,yerscale,Polzovateli prime,9741299.0,1.0
1002233786,Lintis,Circus of Freaks,0.0,1.0
1002861486,niXDan,Super Susliki,10144323.0,1.0
1003002065,S4mii,Patapeños,9062172.0,1.0
1003161867,username,Team Recruit,9838964.0,2.0
1003247310,AndyMagE-,EYESCREAM,8798765.0,1.0
1003447463,StaPL,Team BeZZdari,10144778.0,2.0
1003940797,faqke dprepressionnn,DRAKONI,9872583.0,2.0
1004014354,Kolpaxe,Fractal,9782744.0,1.0
1004072099,Xq,Antares,10171095.0,1.0
1004098799,fol1sh,ECLIPCE,10150496.0,1.0
1004134894,MuXaMoR,Aurora Lunae,10041717.0,2.0
1004461938,kiokidx,UnderBeerGaming,9785635.0,3.0
1004659077,Kopirka,MakeevkaTeam,9467264.0,1.0
1004869752,Сlaymore,RillStuff.team,9782030.0,0.0
1005439256,Kwerdu,Cristalli(na)s,10143725.0,1.0
1005819324,Crimz,Murda Teams,9723954.0,2.0
1005856920,начальник,BARBER CHOP TEAM,0.0,1.0
1005929836,Sizuky,Double Ellimination,9966325.0,1.0
1006230938,Ant1nomia,LsK|Team,10138294.0,1.0
1006311343,qrxzt,CRISTALLIS PRIME,10143945.0,3.0
1006320906,k1n,Noctua Gang,8857590.0,1.0
1006683794,rai,w,10074485.0,1.0
1006838172,hitfink,RAKUZAN.SPACE,0.0,2.0
1006865612,Yurnero,Shadow Hunter,8736508.0,1.0
1006875730,blacklocked,Team TRR,0.0,3.0
1007081992,Chapman!,Killstreak,9758115.0,1.0
1007207973,aethereaL,airstrike,9792067.0,0.0
1007649797,shinkoshoto,Почти победители мажора,0.0,1.0
1007664665,dog house,,,
1008246603,Kel,smurf power,0.0,1.0
1008309709,ereino'asy,wrld,10060317.0,1.0
1008735515,AntiVitamin,cyberdingzhen,0.0,2.0
1009135753,curable,psychoforce,9400924.0,1.0
1009324460,bloody doubts,skidroW,10101983.0,0.0
1009469018,Dr. Strangelove,ggboom,9866136.0,2.0
1009520704,Nanami,Ashed Five,9948162.0,1.0
1009629823,onlypositive,92km squad,9553465.0,3.0
1009844824,mr svin,TEAM SPIRIT 2.0,10130312.0,1.0
1010317414,naxsu,DeusEx,9137815.0,3.0
1010638802,Владимир 67,crystallis gang gang 52,10143907.0,1.0
1010986253,RomanYa,turbo mode hater's,10041047.0,2.0
1011413017,Eurus♪,River,9421419.0,1.0
1011851297,IiqPlayer ,CYBSUTIS,10270518.0,1.0
1012061568,StjN,Team Cobra,10250936.0,2.0
1012594725,Kuuhaku,Arbuz Team,9622235.0,1.0
1013788217,scripy,Crystallis Supremacy,10150833.0,2.0
1014251398,Whimzhy,Big Throws,7734431.0,1.0
1014850731,Minisvin,Bobrik Band,10242616.0,2.0
1015171789,^^,SaltPower,0.0,3.0
1015757877,2rabl,Быдло Ебаное,10135985.0,1.0
1015964250,ianshii,Eternal Solitude Squad,9167631.0,1.0
1015968981,mollycoddle,Team Unique,9980938.0,1.0
1016021782,Merv1nQ,Aura eSports,9885460.0,3.0
1016382762,Faperr`,Shizuku Team,10108728.0,1.0
1016730588,HedUs,Yatagarasu,8414466.0,2.0
1016841071,lumilly><,Escitaloprami,0.0,2.0
1017161218,Cordoog,Krasnoyarskie,10143752.0,2.0
1017254040,Rezinka,Avocados From Mexico,9850167.0,1.0
1017306592,Lepug4,MOPSYARKI,0.0,1.0
1017443733,d1kusha,Team *Nicolay Bascov*,0.0,1.0
1017574054,Chesign,Inquisitor's,10176841.0,2.0
1017816033,ycu,FSG,10157566.0,3.0
1018381567,Chaos,Yellow Submarine,9455253.0,1.0
1018622226,  Madrid,TEAM TTOPOX,9131643.0,1.0
1018967767,xynestar,50Bucks,8810736.0,1.0
1019021467,Petrovi44,USA,9078989.0,1.0
1019454861,lifeilive,SaltPower,0.0,2.0
1019539665,tokyo,Team Anteiko,10242790.0,1.0
1019588647,crysrtallis,crystallis family,10150682.0,1.0
1019721177,Tokaya,Lucky Bird,8740972.0,2.0
1019778325,mirt03,SIx Seven team,0.0,2.0
1020803176,GRUER,ites,9949856.0,3.0
1021170181,vaLpink,TEAM VAL,9753707.0,1.0
1021448653,Horion,Divine The Dreams,9878781.0,1.0
1021633943,HULU_MULU,BanW0rd_,9390325.0,3.0
1021689073,fallen,Ave Finashka,9783944.0,1.0
1021905528,美陈Cheeeezzz`,Team Play,0.0,4.0
1022236968,Mariori,Mad Kings Esports,8740097.0,2.0
1023238160,Chmoha,PZU,10150376.0,1.0
1023369115,GuliGuli,FizMatiks,10150653.0,1.0
1023464910,pale kid,Bastard München,9710491.0,1.0
1023666038,killa62,China Players,9487276.0,1.0
1023732503,илюшка,Jerks Klub,9916747.0,3.0
1024082578,Quentin Tarantino,Excrement Gaming,9895088.0,1.0
1024274929,sharingan,ГАЙСЫ,0.0,2.0
1024353232,shzko',ГОБЛИНЫ,9615546.0,1.0
1024634815,Yaku,TeamTuff,9885793.0,3.0
1025124982,Streak,Trofimov_Prime,9819446.0,1.0
1025134938,Bywixe,The Silents Scouts,0.0,1.0
1025393115,mi,smurf power,0.0,4.0
1025519164,Insomnia,ЗАО,10060357.0,1.0
1025658623,mansore,Pokasov Team,9698410.0,0.0
1025699559,d1m0n12345,,0.0,2.0
1025765558,mirari^^,Lead7,10067736.0,2.0
1025788336,NEONIC,White Ash Team,9905499.0,1.0
1025864579,kozlodoy,crystallis gang gang 52,10143907.0,1.0
1026006418,Kkurred,Warpath Legion,10157648.0,1.0
1026183292,niatwelve,SaltPower,0.0,2.0
1026260898,嘉然今天ban猛犸,RZ gaming,5174702.0,1.0
1026264087,MaybeS,Iron Vortex,10101669.0,2.0
1026275140,yio,AG超会玩,9791479.0,0.0
1026518005,sabi),Red`Submarine,0.0,2.0
1026674614,beyfix,SaltPower,0.0,3.0
1026694469,TaiLung,LGD Gaming,0.0,0.0
1027134851,SevenS,DOTA RANGERS,10136492.0,0.0
1027553502, Eones,Last Echo,10170971.0,1.0
1027603748,sunwu,Save this reality,10144727.0,1.0
1027738356,xKezz,Energy,9716514.0,3.0
1028012361,H2Owned,Siege Creep,8643834.0,1.0
1028154894,Arkan,FEFU 2,10061298.0,2.0
1028273163,Kurama_sdy,Люксембургия,9759069.0,1.0
1028351327, fantazytx,TaxiAshot,9929892.0,2.0
1028490655,Innokentiy,LESH TEAM,10157538.0,2.0
1028748116,SOYA,diving team,8855602.0,2.0
1029278444,autosport,NO BF,9775747.0,1.0
1029355404,real1ty,PIVNUE MONSTRU,10130348.0,1.0
1029810085,BK1D,CCK,9338882.0,1.0
1029839494,voltz,Ryodan,9332157.0,2.0
1030216723,Кайн,,,
1030453960,Rakuzan,Raven Squad,0.0,1.0
1030656059,Qwizzii,SaltPower,0.0,1.0
1030726020,PROTECTOR,ПИПКА CRYSTALLIS'а,10135937.0,2.0
1030788075,Piligrim,ForFeed,9790966.0,2.0
1030992817,DJaker,DDWDD,10144615.0,1.0
1031194105,Ray,XOXOTYNCHIKI,0.0,1.0
1031303060,Nickbolder,MutantGaming,9409246.0,2.0
1031464031,Lirusha,Team Peach ,10157499.0,2.0
1031476754,MooN,Literium Team,9255845.0,0.0
1031547092,Elmisho,PlayTime,10207983.0,2.0
1031593272,W1wda,Vadim,10137843.0,2.0
1031619984,MadFox,MONGRELINI,10136762.0,1.0
1031696537,`éLisZ- <3,Rectify,8538804.0,2.0
1031779071,underoath`,collegium of alacrity,10191725.0,1.0
1031790480,visi,meow,9783076.0,1.0
1031795047,Aceloration,Noctua Gang,8857590.0,1.0
1031799162,FixV,ProstoServak Team,9995944.0,1.0
1031926323,kenstgg,,0.0,1.0
1031966703,mb_dr7sd,soslo,10135548.0,1.0
1032115597,sssss,,,
1032145993,zhanglang,Vira-Lata Caramelo,9285486.0,1.0
1032254517,Kamparus,Crystallisтическое безумие,10138722.0,3.0
1032265239,MasterShiffu,Asuno雨,9884803.0,3.0
1032402441,Raxname,OLD,8106988.0,1.0
1032490875,fôrən,Esper+ Gaming,8638904.0,2.0
1032721568,Darklord,Rakuzan,9861636.0,3.0
1032813159,danya_tryhard,СИЛЫ СВЕТА,9697879.0,3.0
1032845278,mental,GANGBANG TEAM,10144579.0,1.0
1032854030,avtozaz,neformamont,10142752.0,0.0
1032975664,Entropy,Dispersion,8961815.0,3.0
1033068019,МЕГАОТЕЦ,SQUIRTUS.PRO,10144604.0,0.0
1033290045,alefill,Team Slavyane,10157182.0,3.0
1033479348,AlexIS_77(Иньеста),Rochdale,9886065.0,1.0
1033639187,dumgret,Team Zumer,10150895.0,1.0
1033657995,WARNING_GG,INSANE,9814356.0,1.0
1033691824,Dworm,GazMyas,10137098.0,4.0
1033827084,6yPeBecTHuK,DEMONDESTROYERCOMMANDERAPPARACIONPROTECTOR,7871205.0,2.0
1034009904,reverie,branches,10100886.0,1.0
1034038663,kaworu~,ННГУ,0.0,2.0
1034183573,King,Hate,8843367.0,1.0
1034822588,Gizem,Team Owens,8737636.0,1.0
1034960070,Yalahant,CYBSUTIS,10270518.0,2.0
1034993441,Kitler,D1CKPEEK,10137004.0,1.0
1035225714,Qvazar,Team *Nicolay Bascov*,0.0,2.0
1035227653,Shiz1y,Bring back the old tinker,10135810.0,1.0
1035463525,pingvin,Team KZD,10150905.0,1.0
1035679990,abuse~,Team Most,9239741.0,1.0
1035695265,Sakeenkok,sakeen team,10135845.0,1.0
1036008228,Kengama,ritashidog,9408618.0,1.0
1036046982,Firefly,SHADOW GOVERNMENT,9928877.0,3.0
1036108905,YuSa,Team Xback,8705777.0,1.0
1036114213,NL41,JolliBlant,8794612.0,1.0
1036315166,Мастер,LESH TEAM,10157538.0,1.0
1036826076,~109,Yaicastan,9866253.0,1.0
1036828391,goblin,Total Snitches D34th,10196367.0,3.0
1036962934,supp1,NASRALIS,9329193.0,2.0
1037214784,SlaVuT1cH,Team Mentality,10138138.0,3.0
1037725612,aqqwerd,Save this reality,10144727.0,2.0
1037953030,Nayte Mano,TSM.FTX,9938823.0,1.0
1038073445,DyadyaSEM,Люксембургия,9759069.0,2.0
1038240272,BlvdeOfTears,Team Unlimited,9593354.0,1.0
1038461422,DaRk1cH,Seizer,10250736.0,1.0
1038706115,Freyjik,TripleLLL Team,0.0,2.0
1038876842,принц прибыл,,0.0,1.0
1039073121,BRLVツDarki,Team Discipline,10136073.0,3.0
1039194302,Cap1warras,PAPA DONER,10087959.0,2.0
1039271996,Nikaple,Ara Agency,10136035.0,1.0
1039403647,сосняк,KK.LD,0.0,0.0
1039516993,yoji,ExTeam,9767822.0,1.0
1039612840,妖刀心渡丶,Ashed Five,9948162.0,1.0
1039652268,Wifestealer,Crystallis Harem,10157930.0,2.0
1039694535,yungz0r,sk9,8158842.0,2.0
1039806830,yltra,DF JUNIOR,0.0,2.0
1039874983,rpksoa,Joll Team,9538594.0,1.0
1039987494,Sh,Feeders Anonymous,9471706.0,1.0
1040375822,raskol,SISKI GAMING,9608273.0,2.0
1040513332,TesLi,Maldives,9885051.0,1.0
1040698036,wae,KINGS,0.0,2.0
1040818243,Zer1on,Novosib Wolfs,9511353.0,2.0
1040820193,Amano,kiro,9766820.0,1.0
1040823428,cepes'j,MeJluTonoJlbcKa9 6aHDA,0.0,0.0
1040919357,Surfs Up,Twin Gate Tourists ,10144871.0,0.0
1040975423,333planet,Gear Gaming,7997062.0,2.0
1041200230,pyspeir,Without TikTok Team,10157613.0,2.0
1041276674,selfhate,Nemiga Gaming,0.0,1.0
1041665924,pla,Team Spirt,0.0,1.0
1041735622,TV/underrated_001,Divine Intervention,10143522.0,1.0
1041764096,Li,VegetableAWS,9698072.0,1.0
1041811781,kasta,Hive,0.0,1.0
1042131221,Fellangera,X3DE_Extreme,9402937.0,2.0
1042205781,Dipeendep,Danyal 67,10170467.0,1.0
1042365929,mega crazy,,0.0,3.0
1042755294,incredible shit,Big Black Knur,0.0,1.0
1043130802,Odyssey獨奏,Aomine,9414970.0,1.0
1044002267,Satanic,TEAM VISION,9572001.0,1.0
1044044936,KV,Velociteam,8590531.0,1.0
1044337965,VUDI,OTHODOS,9679139.0,1.0
1044406539,PIPIPUPU,Korkino Lions,8419968.0,1.0
1044686008,Toshnota,Pulse Team,10118479.0,2.0
1044752318,MChild,CHICH Team,10157893.0,1.0
1045307081,[GGBT]SPAMER,GG BroThers ,0.0,2.0
1045425606,Leto,четкий район ,0.0,2.0
1045979511,UZBEKISTAN,Akatsuki,0.0,1.0
1046017404,pashnarik,98squad,9383049.0,3.0
1046176214,бешеный арбуз,Pukan Team,10138792.0,2.0
1046335559,VASOCK,П0ДПИВАСЫ,9744697.0,2.0
1046633224,abbc,gamesense,10102046.0,0.0
1046848501,Ахмед ,Кристалкинс турбо,10150770.0,3.0
1047174933,nowaytoohigh,Team Daxao,0.0,1.0
1047324363,socuteeee,soslo,10135548.0,1.0
1047449717,ganzila,6-7 Team,10170407.0,3.0
1048306571,Kotovey,balyzekteam,10136869.0,1.0
1048617659,kreker,Team Lynx,9928636.0,2.0
1048638651,Desemdeer,98squad,9383049.0,2.0
1049578653,rednote,Team Gamble,10116052.0,1.0
1049859064,LEV_V_KUCTAX,TEAM STICK,10144801.0,2.0
1050572873,Ezmeister,CSDX,9790179.0,1.0
1050665618,rilicc,Team Zhir1t,10033925.0,4.0
1051276252,Xamswell,SaltPower,0.0,0.0
1051764466,Ethereal,Bedlam academy,10225913.0,1.0
1051809550,VeNdettA,Feed4Life,9672014.0,2.0
1051995548,Gumbusss,FEDING SPRINT TEAM,10242624.0,1.0
1052044366,Ev1lB0b,Luboye Nazvaniye,9698280.0,2.0
1052119122,Evande ツ,kiss me?,9095679.0,1.0
1052162558,mognus,Мы,10014638.0,3.0
1052171140,haha,CCG,9783017.0,1.0
1052561562,dead idol,Nazvanie,8372259.0,3.0
1052632852,xxof,ПЯТКИ,10224969.0,1.0
1053083483,екрот ,Luboye Nazvaniye,9698280.0,2.0
1053130959,BatLuk,Ultimate Hunters,9917110.0,1.0
1053306917,Riseiya卿,AIR DEVOURER,0.0,0.0
1053643829,TPRBSS,HF,8724829.0,0.0
1053680782,akasai,GUCCI,0.0,1.0
1053701107,tvisted,BlazeTeam,0.0,1.0
1054113464,whiteriver,Big Cheese,8784551.0,2.0
1054125687,sam_carrot,AVE BALABOL,9710075.0,2.0
1054209690,Esphirion,Ensanity,9055431.0,2.0
1054544076,jEster,CRYSTALIS #1,10143928.0,2.0
1054564189,Deles,Flame Esports,0.0,1.0
1054566251,GYXURO,ZXC_TATAPbI,10137070.0,1.0
1054614786,ZXCЧЕРВЬ,Team Spilis,10157461.0,1.0
1054634508,AILTW,VANGA TEAM,10144101.0,1.0
1054813032,hexada,noMercy,9830191.0,1.0
1054936816,Egx,VP.Prodigy,0.0,1.0
1055145754,sin,QCOLD TEAM,10163432.0,2.0
1055242159,☠⁶🤷‍⁷HAMSTERKOMBAT☠,Feed end Win,8976858.0,1.0
1055512128,Killect65,TEAM HERALD,9144353.0,0.0
1055562089,frmarooot ,smurf power,0.0,2.0
1055608751,demonedge,ABSOLUTE ,9522813.0,1.0
1055690792,awoopa,Tverskoy metrotram,10136085.0,1.0
1056224592,Пупсич,Volar Bebe,10144008.0,1.0
1056239553,gurebu,Tier IV Mafia,9988900.0,1.0
1056278694,Jinn,Phenomenon,0.0,0.0
1056508670,krak251,Бэкменята имершн,10137126.0,1.0
1056567349,Turstarkury812,Aogiri Tree,9402570.0,1.0
1056694380,Бу испугалься?,Young Eagle,9877394.0,1.0
1056761168,wokyk,XOXOTYNCHIKI,0.0,1.0
1056856154,NeverLY,BandaSL,10107439.0,2.0
1056861521,Krio,2Pizza Team,10121900.0,1.0
1057028689,Drachyyn,Golden Eagle,10001772.0,3.0
1057080783,SUNPAGA,PIVNUE MONSTRU,10130348.0,0.0
1057096010,</tatsumi>,Bad Bees,0.0,2.0
1057097828,haku,Weak Warriors,10138047.0,0.0
1057323186,CHIZICKS,чижики,10136666.0,3.0
1057606055,1zukee,Fat Team,9981650.0,3.0
1057690274,ZVKanekiKen67,d3rb3nt,8737104.0,1.0
1057791604,ветмо,Burmaldance,10136838.0,2.0
1057981960,Cold,Gatitos Persas,0.0,3.0
1058363631,Shined,Burning Fire Academy,8320028.0,1.0
1058410628,BUAA BUAAAA,GG BroThers ,0.0,0.0
1059334599,ShlepaneX,Team Yandex Young Stars,0.0,1.0
1059380451,enderlit,NEWMETA,9530447.0,1.0
1059423177,psxw-,bweb team,9048412.0,1.0
1059449163,pivo destroyer,Yahroma,10170308.0,0.0
1059927305,VAJE,999,8993271.0,2.0
1060476251,Linarc,CRYSTALIS #1,10143928.0,1.0
1060764384,noNstop`,Team Cent Gang,9524256.0,1.0
1060886736,Plato,Village of Hidden Pool,10144767.0,2.0
1060971821,хуй,,0.0,0.0
1061194331,saynoyolo,Team DH,8391532.0,1.0
1061590198,hopMISS,LESH TEAM,10157538.0,3.0
1061689646,透明桥,Fairy Tale,9798606.0,3.0
1061741195,Kira,MONGRELINI,10136762.0,2.0
1061938183,Doxee,Sons of Anarchy,9317020.0,0.0
1062089256,FoKBa,MAGMA,0.0,2.0
1062336450,Ursaal,Wonderland,8746831.0,1.0
1062572329,skr1lzyy,SaltPower,0.0,1.0
1062613024,grass ☠,smurf power,0.0,1.0
1062882100,yet1,cyberdingzhen,0.0,1.0
1063167392,Prokrastinatyr,ForFeed,9790966.0,2.0
1063236073,LOST,TUF GAMING,9389169.0,1.0
1063357551,кафельная плитка,tiktokplayers1337,10136948.0,1.0
1063631533,Harmony,MAGMA,9753186.0,1.0
1063684159,ништяк,Divine Intervention,10143522.0,1.0
1063916972,Nemo,Demon Gaming,9774107.0,2.0
1064040037,sianphem,SUPERGYMN ESPORTS,8809324.0,0.0
1064448386,loclanceew,VAZELINOVOE DRISLO,9793479.0,1.0
1064529535,SkullVarp,Noctua Gang,8857590.0,2.0
1064699077, ashyra,LND.Esports,9303225.0,1.0
1064725346,Seppuku,Bobrik Band,0.0,3.0
1064926618,votememe,Пенисологи,9835081.0,1.0
1064985086,kyrtizanka,fut job,10137195.0,1.0
1065102959,GODMODE,Гимназия №3 (А),9981253.0,1.0
1065357710,ZeFiR,Mango Green Elephants (MGE),10144255.0,1.0
1065435341,makenchikk,DEBELUTICKS pokolenie,0.0,1.0
1065522999,teperreji,RedRows,10129210.0,2.0
1065529250,kindness315,VIPKOZAHI666 team,9767481.0,2.0
1065541210,Pudding,SaltPower,0.0,1.0
1065589238,maxtalk,RRTeam,10157430.0,3.0
1065640205,RomanPro,,0.0,3.0
1065882283,Ria1m,создатели хайпа,9996126.0,1.0
1067490453,Merc1ch,Team Jin Tao ,10164548.0,2.0
1067768863,Arigato 修,turbo mode hater's,10041047.0,1.0
1067949664,mxlar,TeamLancer,0.0,1.0
1068254253,lack,SaltPower,10241943.0,3.0
1068894615,SkOrlUpkA,ites,9949856.0,1.0
1069618283,Nothing Alive,Team Lonely,8606028.0,1.0
1070254002,CYBA,Temryk28,10137055.0,2.0
1070398451,pokywhy,BGO,10152034.0,1.0
1070480349,Perfect,грибоманы,8849616.0,2.0
1070577085,Order66,ProstoServak Team,9995944.0,2.0
1070669491,pussydestroer,CRYSTALLIS PRIME,10138141.0,0.0
1070787348,Danilex,Aikas Team,10137968.0,1.0
1070815031,yopi,Team stray,9018987.0,1.0
1070879948,Коржик,Sons of Anarchy,9317020.0,1.0
1070974157,1nka2ssator,четкий район ,10144313.0,3.0
1071172694,Turoch0k,Team Burmalda,10149575.0,2.0
1071319099,Example,IMMORTAL,9556828.0,2.0
1071332616,bgod,The Cut,8205424.0,2.0
1071470843,Nonsens,NEWMETA,9530447.0,1.0
1071569637,Øðiñ,Team Gr1ga,9614932.0,1.0
1071670670,icno,СПбГМТУ,0.0,2.0
1071804587,Yuzu,"NA, we'd win",10163791.0,2.0
1071995629,wozye,СЧАСТЛИВЫЕ РОДИТЕЛИ,10269962.0,2.0
1072025211,Fayde,Linkens Sphere Esports,9887340.0,1.0
1072224883,Radiance,1кПТС,10102769.0,1.0
1072439912,tenz1k,POVole slychaya,10150688.0,0.0
1072967109,coolk1d,demonkids yatoro+niku subhuman,10000477.0,1.0
1073007830,nelimen,standoff4ek),9838602.0,2.0
1073195972,Mazzzzutc1,Power Cogs,10252022.0,1.0
1073540083,L0nexz,Team XENO,9830099.0,3.0
1075268008,Gr1d,crystallis forever,10170837.0,2.0
1076024580,Eqrew,team broods,10135999.0,1.0
1076244465,strange,Melowness Team,9973379.0,1.0
1076245325,mindstorm,G1venchy,10144349.0,3.0
1076509191,JOHNNY,Bobrik Band,10242616.0,3.0
1076542048,emotions ?,Team Lotus,8770624.0,2.0
1076623204,YLM,GuArDiAn FiVe +_=,9578717.0,1.0
1076790087,F32REAK,Teikō,9807593.0,1.0
1077041109,Kre1d,DTM TEAM,9442785.0,1.0
1077261143,slychainost,Cherep Aura🧑,0.0,2.0
1077333986,Frankie Four Fingers,DEAR COMRADES,9938088.0,2.0
1077434340,r1p!rt,SaltPower,0.0,2.0
1077459743,Arthas,,0.0,1.0
1077488886,Bakh,Team little Pony,10150774.0,1.0
1077594858,L1AR,DRAKONI,9872583.0,3.0
1077626994,bozmat,Last Chance,10150366.0,1.0
1077912688,carex,Night`s Edge,0.0,1.0
1078871749,75%,TMQ,8680373.0,3.0
1078987708,A renown,achieve renown,10158062.0,1.0
1079135332,ganiaks,veternik,0.0,1.0
1079226241,Yisus,Zetta Games,9600331.0,2.0
1079327663,dxsalination,RageLegion,8540482.0,1.0
1079367665,jbeezy,kentiks,9799135.0,0.0
1079510152,<3,Absolute PRIME,10272028.0,1.0
1079690340,ASH,SaltPower,0.0,1.0
1079923091,tv/maloydotos,EzPz,9374340.0,3.0
1080116539,Xmyrai,LUDIKI,9885192.0,3.0
1080133892,RyZe,Bonjour Team,0.0,1.0
1080166862,jambo,LGD.FOREVER YOUNG,9775405.0,1.0
1080183790,Sasha,SaltPower,0.0,1.0
1080223845,EBABELONE,,0.0,2.0
1080526042,,,,
1080686527,mmrbd,Pencil of Kristallis,10144326.0,1.0
1080755870,Tishinsky,Novosib Wolfs,9511353.0,3.0
1081009545,paranoia,ХУЕБЕС,10055256.0,0.0
1081028480,BRM,potroshki_gaming,10212355.0,1.0
1081396104,LЁN41K,Team Raccoons,0.0,1.0
1081407848,Suu1sKa,pTushn1kI,10136272.0,1.0
1081497896,51,Vivad09,9813939.0,3.0
1082142974,Liperka,,0.0,3.0
1082276574,leroy kid,Team Jin Tao ,10164548.0,1.0
1082347372,Ellis,VIRTUAL TEAM,8709940.0,0.0
1082563901,KabanieVimya,DolbyYebi Enterprise,9745853.0,0.0
1082638263,snpky,pivo adepts,10157846.0,2.0
1082694558,date with cannibal,,0.0,0.0
1083404126,confidence,Team Confidence,10137386.0,1.0
1084270596,toozy,Mopsyan Squad,10136300.0,3.0
1084588267,Exzo_r0,Without TikTok Team,10157613.0,3.0
1084642475,Sumer,Avalanche eSports,0.0,1.0
1085114094,собачий кайф,BABASOS TEAM,9861243.0,1.0
1085356124,L1pton46,четкий район ,10144313.0,1.0
1085384347,CrashSystem,chap team,0.0,1.0
1085701691,ApF~,//,0.0,2.0
1086559676,WAFLE.IRON,YAICA,9477218.0,2.0
1086927861,DIVAN4IC,Team Domashnie,10150672.0,1.0
1086983425,LOL;....;Q,BorcuhaTeam,10233027.0,3.0
1086988446,WhySK,LOST,10136164.0,1.0
1087355288,zxchemodanchikk,5troubles team,10135567.0,3.0
1087502411,KeshA,Team Бомжи,8622513.0,1.0
1087555747,PAPANEPROSHAET,Akatsuki,0.0,3.0
1087606973,fucksociety,Khmelnitsky Gazovshiki,9797692.0,1.0
1087770305,Ariurn,UDC,0.0,2.0
1087845182,fiiist,VALERUNS,10136481.0,0.0
1088062484,Kyberdrochila,Mocean,9938131.0,1.0
1088089419,Shinigami魂 ,KillmanSquad,9872153.0,1.0
1088253352,Sant1,ites,9949856.0,1.0
1088256428,ezloss,RRTeam,10157430.0,0.0
1088362710,xxg,IGNITE,10144722.0,2.0
1088634850,Chup[ik],burger,10026727.0,1.0
1088737655,SapitoTucherazo,LA BANDA DEL CHOCLITO,0.0,2.0
1088742332,an6elichrzn,Feed4Life,9672014.0,1.0
1088839120,Abyss,MIT Esports,10170830.0,1.0
1089109205,ART SEIL,PZU,10150376.0,2.0
1089402937,jhaypol,stupid,8495981.0,1.0
1089559516,rice,TEAM GBLK,8673799.0,1.0
1089748729,Cherkes,UUJlRna,10150695.0,2.0
1090921351,rond,Team Ibans,10272130.0,1.0
1091083845,анимешник67,,0.0,1.0
1091540758,ICO9,Alt,0.0,0.0
1091664031,Hurtful,,0.0,1.0
1091999140,KosyakPM,Team Rayden,9824894.0,1.0
1092010005,Liberty,kidsnappers team,0.0,1.0
1092058901,yokay,ProstoServak Team,9995944.0,2.0
1092267175,WoE,Two Move,10136133.0,1.0
1092723129,Megumin,Crystallis ,10143705.0,2.0
1092779166,nerokoma,Svintus Pro,10101905.0,1.0
1092910975,prada666,грибоманы,8849616.0,1.0
1092918473,Karappo,LeatRboom,0.0,2.0
1093080858,Дедуган,FizMatiks,10150653.0,3.0
1093175616,M3,Team Pivo,10136956.0,2.0
1093543843,cApY,DEMONDESTROYERCOMMANDERAPPARACIONPROTECTOR,7871205.0,3.0
1093981271,ChrisLuck❤,Noob Gaming,0.0,1.0
1094359971,StyFler.妮可24-,Insidious Domain Knight,8975785.0,1.0
1094838468,gar,Arcane Rune,0.0,2.0
1095157609,暖心,,,
1095222651,m0rez,Team Verpus,9907937.0,1.0
1095844941,Job,ZombeQ,10157711.0,1.0
1095862876,wawa,Harakiri Team,9886022.0,1.0
1095981879,movelast,KISHENEV TEAM,9939142.0,1.0
1096122416,Nagebator ,Fastiv Spirit,9518040.0,1.0
1096157819,шашлычеплик(prime),Домашние,10088402.0,1.0
1096358837,zxcplayer,Guardians of Hearts,9940267.0,1.0
1096515344,Lemon,BuybackBoys,0.0,2.0
1096796120,sukadyl,Novus,10019848.0,0.0
1097359764,bezdar,Burmald1mTeam,10144869.0,1.0
1097568931,Amidel,Gaming Tryhard,8326644.0,1.0
1097833688,fere,Team Spirit,0.0,0.0
1097934237,vetmo,paris x gen,0.0,1.0
1098179497,wrasqew,cocs,9824901.0,1.0
1098340325,4undu,catexplode,9016299.0,1.0
1098621893,bladee67,Blaze Esports,10136917.0,2.0
1098822005,Exorcism,Ouroboros Team,9439482.0,1.0
1098976977,chebyrek8765,raki v atake,10136759.0,1.0
1099322986,willestonee,Gaming Guardians,8090028.0,1.0
1099407101,4atigue,psychokids,10101506.0,1.0
1099477673,LLIyT,Masked Fools,10137837.0,1.0
1100079084,wedevitor,MAGMA,9753186.0,1.0
1100130307,OTONIX,67 squad,10137095.0,3.0
1100232482,VLS,Blood Reavers,10137706.0,3.0
1100273461,dnmrzv,BANANASQD,0.0,1.0
1100380463,iNztic,Lucky Executer,8662002.0,1.0
1100725173,hagen,arizona mesa,9717396.0,3.0
1100741841,insignia,МАНИЯ,10137622.0,3.0
1100868583,EvilKvazaR,Колпак-тян и её 4 ученика,10196258.0,1.0
1100926737,nesco,le team karasiky,10157708.0,0.0
1100977546,esayory,divine,10136765.0,1.0
1101640444,NO MERCY,SEVERSTAL',0.0,2.0
1101670724,oma,Team Navalny,10148806.0,1.0
1101839188,WarDen4k,2republic.by,10137319.0,2.0
1101855381,Kismet,Roar,9885310.0,1.0
1102019106,)),BandaSL,10107439.0,1.0
1102332747,sisiapisia,BroodMafia,10136877.0,2.0
1102579149,pma,aura,0.0,1.0
1102616193,swdevyyy1,Roshan.Pro,9973235.0,2.0
1102635141,stryghor,Knout1k,8864860.0,0.0
1102790573,Juice,Team Wave,0.0,1.0
1102874900,$m3gler y@yek67,NoBrain,10136829.0,2.0
1102901482,silhouette,strawberry milkshake,10137163.0,1.0
1102985598,yalotos,IQnegative,9791515.0,1.0
1103086916,Лиза ЭЩКЕРЕЕЕ,Ensanity,9055431.0,1.0
1103144942,Gosai,Yuno Team,9844295.0,0.0
1103199664,Kalash1k,DTM TEAM,9442785.0,2.0
1103212680,Петушара ебливая,Бэкменята имершн,10137126.0,1.0
1103239107,Nekiy,Team Burmalda,10149575.0,1.0
1103319418,kangel,aqwazor Team,0.0,1.0
1103350616,arizonatearss,Village of Hidden Pool,10144767.0,1.0
1103384054,elmontro,Bars United,10144787.0,1.0
1103940406,yosh1ro,Egoisto Team,10087913.0,3.0
1104114221,bokal,SWAGA,10136975.0,2.0
1104430006,Banana2,Sons of Anarchy,9317020.0,2.0
1104452397,tm,Chrome Sports,9867554.0,2.0
1104576488,diffus,REALiTy Squad,0.0,1.0
1104613415,mortalW,Burmalda,10163667.0,1.0
1104631576,ceo,Asuno雨,9884803.0,2.0
1104805307,DENZZ,RedRows,10129210.0,1.0
1104864478,dmc,nelo angelo,9651811.0,2.0
1104985620,тазик,святая русь ,9018220.0,3.0
1105082323,5dec,Eternal Academy,9717032.0,1.0
1105090014,-iHM,Team MoZGovaya Kogochka,10137623.0,3.0
1105126022,Пибюля,Volar Bebe,10144008.0,1.0
1105598963,V,Team BeZZdari,10144778.0,2.0
1106449550,aleeop,Elegi Team,9895334.0,2.0
1106576457,啥么,Vitalik family,9939411.0,1.0
1106672827,IV_RMDN,BriGGAda228,9818990.0,1.0
1106891683,infinityactivity,gothic CULT2011,10000260.0,1.0
1106962984,kksk,ZombeQ,10157711.0,1.0
1107292614,Wasya_Walera,Torn Team,9545686.0,1.0
1107323116,POKORNIY,Team Shattermind,9414358.0,1.0
1107497674,PALESTENKO,МЪЭЛКИЕ УБЛЮДКИ,10136083.0,1.0
1107673848,howfrie,BuyBack Mafia,10136296.0,1.0
1107954967,johnpron,zxcinovya shlux,8667246.0,1.0
1108090811,bornaya kislota,,0.0,0.0
1108324608,Hustle愛,Moretti,0.0,1.0
1108432300,eventy,ESHKERESHKI,10144516.0,1.0
1108647493,WINGS,DAISYGOD,9744498.0,2.0
1109045118,Tobues,Sons of Crystallis,10151017.0,1.0
1109154269,kimura,Gangsters Team,9665528.0,3.0
1109260700,GAZ,REQUIEM OF CRYSTALLIS,10088608.0,2.0
1109937652,skylack,Team Immersion,9783231.0,3.0
1110010437,aqvyx,Astra Esports,10136173.0,1.0
1110089243,X,rti,0.0,2.0
1110152099,Egor,Moneymakers,8598633.0,4.0
1110424288,startys_,VIPKOZAHI666 team,9767481.0,2.0
1110547093,bahi l,BANANASQD,9927975.0,2.0
1110632019,Toxik,SaltPower,0.0,2.0
1110678395,Rejuz,IGNITE,0.0,1.0
1110842784,Parlament,BandaSL,10107439.0,1.0
1110975044,fimozik2012,DavidGoodway,9017306.0,1.0
1110977437,Yamaro,DC gaming,10108691.0,1.0
1111106412,FID,DC gaming,10108691.0,2.0
1111172053,Panty Hunter,Crystallis Harem,10157930.0,2.0
1111228598,dude,ЗАО,10060357.0,1.0
1111272604,chebyrashka,TripleLLL Team,10150744.0,1.0
1111342326,vpkgod,DEBELUTICKS pokolenie,9768117.0,1.0
1111488217,DPRM,NEWMETA,9530447.0,2.0
1111712113,nbr,Team Eclipse,10208590.0,2.0
1111950657,Takizawa,BNB,9532164.0,3.0
1111953457,alr1ght,Shaman King,2793685.0,1.0
1111981131,eaases,SIBERIAN BEARS,10041100.0,1.0
1111991256,EagleStyle,Anti Smurfs.,0.0,3.0
1112292049,DaRk1cH,Reapers From The Moon,9426411.0,1.0
1112430704,~(fashion)~,Team ~Fashon~,9572295.0,1.0
1112608645,quzzip,burger,10026727.0,1.0
1112638226,Nathan,Low Priority Kings,0.0,1.0
1112664127,kasane,Team Aurochs,0.0,3.0
1112797393,999,Team Bright,9018664.0,0.0
1112801514,Paco-,LA BANDA DEL CHOCLITO,9917586.0,3.0
1112830560,#d3,CHICH Team,10157893.0,2.0
1113112621,solder,KUPITMAN TEAM,9896075.0,2.0
1113155761,H4SPEL,RAZORBILL,8975537.0,1.0
1113322586,Свинопас,,0.0,2.0
1113380053,mechanoslark,PlayerOk Team,9512265.0,1.0
1113451842,yuls,Team Spirt,10135995.0,2.0
1113694431,GhOsTFaCe,Team Wave,9698852.0,2.0
1113742624,Marblexx,Team Verpus,9907937.0,1.0
1113861893,rishan,Matyashiki,10206448.0,1.0
1113947800,panama0braz,War of Attrition,9926467.0,2.0
1114001205,Yamato,team мacaн,0.0,2.0
1114399349,Dobri,fut job,10137195.0,2.0
1114565516,Blue_neko71,Arbuz Team,9622235.0,2.0
1114731831,Debs,THE MASK,10137912.0,2.0
1114840583,ximiro,Kobald Zigadir,8656734.0,3.0
1114882457,deadhooper,Aikas Team,10137968.0,1.0
1115096573,zhuzha,Realniy Biven,10144707.0,1.0
1115216489,GNEBEN,DOGSENT,9824381.0,2.0
1115403905,neoncheRRy,Warpath Legion,0.0,1.0
1115427366,gulyonysh,Feed4Life,9672014.0,1.0
1115430818,kaicenatWW,Cyberia eSports,9781732.0,1.0
1115512968,vacillate,Бобовые Кукушки,10135970.0,2.0
1115566853,Elgranmaya,,0.0,2.0
1116046632,matxev,AKEDIAROT,9691568.0,2.0
1116267715,SAIZEN,CRYSTALLIS_KAKASHKI,10150888.0,1.0
1116586295,[GGBT]Azjol_Nerub,GG BroThers ,0.0,2.0
1116602063,famikibk,avice666fanat,0.0,1.0
1116773427,zerokiryuu,Night veil,10088052.0,1.0
1116781365,ChiefKysPls,Dota Sensei,10137563.0,1.0
1116890683,ninetofivee,SaltPower,0.0,3.0
1116915549,the crippler,Team SuperNova,0.0,1.0
1116998581,123.,Team Brainrot,10138111.0,3.0
1117036113,ukasi,soslo,10135548.0,2.0
1117227601,delllusion,UDM MireS,10207499.0,1.0
1117303394,Sosalo1337,qoolon,9155857.0,1.0
1117459362,ihrRoS,SHIPI,9396214.0,1.0
1117815328,Sixth Arrancar,КВАЗАРОВОЕ,9988767.0,2.0
1118496070,Manee,Just Webing,8696219.0,1.0
1118646774,ApleJ,MlPSQUAD,9254361.0,2.0
1118669091,石丽,Crystallis Castles,10150715.0,2.0
1118673622,sompil,OSIPGANGBANG,0.0,1.0
1118938289,AVG999,9Tangos,0.0,1.0
1119046789,RED RANGER,DOTA RANGERS,10136492.0,0.0
1119172098,Markitos,PurpleKings.,9068956.0,2.0
1119552254,Chicago,VOZDUH,10138122.0,3.0
1119654386,chempick,igger,9503700.0,1.0
1119806627,LGB,PETUSHKI,10170649.0,0.0
1119879087,sunder,DAEDALUS(CRYSTALIS PRIME),10129593.0,1.0
1119986880,BEZMAM,BEZMAM,10015087.0,1.0
1119987854,kael,BezdaRes,9878847.0,2.0
1120282801,Ostrea,CRNA-ABOI,10122477.0,1.0
1121445517,impaler,oleksandrivka gladiators,10163581.0,1.0
1121645414,Can9,MONGRELINI,10136762.0,1.0
1122082757,FroDbi,team oblivion,9872196.0,1.0
1122102673,YERIK,DF ASCENT,10008466.0,0.0
1122349548,kkos,RAKUZAN.SPACE,0.0,1.0
1122724160,^^,園崎 ,9255807.0,1.0
1122733591,D1sabled,,0.0,2.0
1122926742,СловилБелочку,CrystalliZation,10150599.0,1.0
1123037391,P4elobub,Pedro,10137451.0,1.0
1123378716,frosty,ZE SHIMSK TEAM,9996466.0,1.0
1123702946,Neprotezzz,rti,10142799.0,1.0
1123796438,Askeladd,rti,10142799.0,3.0
1124102410,bobik,mayonnaise on an escalator,9815148.0,1.0
1124116038,velikiy`gatsby,TeamDisabled,3515900.0,1.0
1124199329,xpectin,воздушные войска ,10150611.0,1.0
1124300403,vopicuss,MAGMA,9753186.0,2.0
1124310100,ESSE,Drystallis Esports,0.0,3.0
1124346883,Globrindes,CYBSUTIS,10270518.0,1.0
1124710342,prev1atti,sAtANagEm󠀡,0.0,0.0
1124777036,V!ST,Murda Teams,9723954.0,1.0
1125008784,AKIYAMAKAGAMI,TIANCI'S BROTHER,9594483.0,1.0
1125036030,Рикки БУББИ,desepticon team,10137257.0,2.0
1125041849,SaVangeRR,Team Core,10136139.0,1.0
1125113043,username,le team karasiky,10157708.0,2.0
1125296112,Ksh,Yangon Galacticos,9546449.0,1.0
1125403542,Olego-Sergeesh,Excrement Gaming,0.0,2.0
1125411132,Дилдаус,REQUIEM OF CRYSTALLIS,10088608.0,1.0
1125657558,nemezida,ESHKERESHKI,0.0,1.0
1126008766,Kolhoznik,PZU,10150376.0,3.0
1126806665,Fantom,Night Order,9938512.0,1.0
1127382340,shizushizu,Burmald Team,0.0,0.0
1127413070,kogarashi,4moshi team,7462113.0,1.0
1127667615,Sizzzzrp,perfect world,0.0,1.0
1127783572,teplovkyy,TaxiAshot,9929892.0,3.0
1127786362,Shined,LFT,9854913.0,1.0
1127885618,eskapst,GOMOSQUAD,10144774.0,3.0
1128075257,UnlifeUnluck,Team Core,10136139.0,3.0
1128081008,vech1k,Golden Cavaliers,10136929.0,1.0
1128107156,baksbI,ГАЙСЫ,10137347.0,3.0
1128253510,SayoNaraッ,paqoe team,0.0,1.0
1128595465,CollapseMini,DF ASCENT,10008466.0,3.0
1129118044,MOMO,Yangon Galacticos,9546449.0,1.0
1129395952,Antonio,CHICH Team,10157893.0,1.0
1129403658,memphisx3d,SaltPower,0.0,2.0
1129411600,hamshik,BallCock Civilization ESports,0.0,2.0
1129850545,Liecht,,0.0,1.0
1129867075,ZetWay,BUANG,0.0,1.0
1129978666,nayassse,Морские гомики,9238338.0,1.0
1130044610,мипарик,Crystallis ,0.0,1.0
1131254801,Taeron,EternaL,8725550.0,1.0
1131362409,silent,Cu5 Team,9907940.0,2.0
1131601207,pijak,FEMBOY FUTA HOUSE,10150546.0,3.0
1131665504,Ñengo,x5 Gaming,8971308.0,4.0
1132153747,razus,Team Nyx,9838611.0,1.0
1132656332,dj goooovno,3A_HAC_CEMEH_OH_C_CAMAPbI_OH_CbIH_MAPKA_TEAM_MOCKBA_54RUS,10170222.0,1.0
1132957407,pas de vie,333𝙥𝙡𝙖𝙣𝙚𝙩𝙥𝙡𝙖𝙣𝙚𝙩𝙥𝙡𝙖𝙣𝙚𝙩planet,9895517.0,1.0
1133349881,xby,1st rota ,9432840.0,2.0
1133388674,Sneaky,Türkiye,0.0,2.0
1133471138,meow,Victory Vortex,9580274.0,3.0
1133636221,Ucvkq,BICI GAMING,10232456.0,1.0
1134316860,slimreaper,mason's furry squad,9894398.0,1.0
1135148206,ssswag,DF RISING,9956140.0,1.0
1135387591,BYSMYLAH,Bysmylah Allah,9895286.0,3.0
1135672420,sorrOw,,0.0,0.0
1135771561,kxfear,KRICA TEAM,9692721.0,1.0
1135814542,97,KRICA TEAM,9692721.0,1.0
1136143407,g0t0ebaka-_-,Circus of Freaks,10150666.0,3.0
1136148072,GhostKostya2007,Kebab Slayers,10150694.0,0.0
1136380909,Eno,Sovereignty Gaming,8412764.0,1.0
1136384980,Shnicel,PiPiTeam,9388811.0,1.0
1136776836,KARMATE,Пенисологи,0.0,1.0
1137146653,Nikitas,VIRTUAL TEAM,8709940.0,0.0
1137221155,bbz,bald racers,10033625.0,2.0
1137701850,ZIRNIJ 2007,4ivasPrime,0.0,0.0
1138623651,panicattacks,SaltPower,0.0,2.0
1138623771,DeeLane,Быдло Ебаное,10135985.0,2.0
1138756056,rqft,Roquefort,10001819.0,3.0
1138837233,royall.,Team Burmalda,0.0,3.0
1138974461,ASDLORE,Kiseki no Sedai,10061434.0,2.0
1139168766,CSUM,We are here,0.0,2.0
1139608275,obezyanin,Team Grebenn,9773328.0,1.0
1139633889,Robocock,POVole slychaya,10150688.0,3.0
1139696311,-mlre-,Monstry lp,10027079.0,1.0
1139834611,Kimaika Bolk,Team_Amigos,10136249.0,2.0
1140134683,smertin,Twin team,0.0,2.0
1140618795,hakushiro,SaltPower,0.0,1.0
1140920775,кирилл1337228,новиков_team,0.0,1.0
1141081031,HadesGod,Very Important Persons,9884045.0,1.0
1141178500,SZN,tim squirit,10135774.0,1.0
1141232492,SunLank,KK.LD,0.0,1.0
1141794762,diecut3,KAIZEN,9114516.0,1.0
1141873383,Lin7,ЧЕКУШКА МАФИЯ,10163631.0,1.0
1142127505,Самолёты-поезда,Crystallis Supremacy,10150833.0,1.0
1142251683,goragoro,CRYSTALIS #1,10143928.0,1.0
1142351295,8cla88nitca,PRIMAL DANCE,0.0,0.0
1142415683,Radiance,Burmald Team,10136789.0,1.0
1142528034,Anver,Team Yatagarasu,9419601.0,2.0
1142594789,qu1l,Team Bravery,10135773.0,2.0
1142599335,badchaos,SiGMA eSports,10115513.0,2.0
1142852800,Kakyzu,ЖирSpirit,9866305.0,2.0
1143067618,YA,Malchiki Spalchiki,0.0,0.0
1143150192,ema,Nomadic Hunters,10144027.0,1.0
1143236426,Rekrut,Team Navalny,10148806.0,2.0
1143275789,angelofvexbtw,Papaya Team,10186531.0,1.0
1143460429,jerdik16,Melowness Team,9973379.0,2.0
1143468231,ayatoki666,Team teiko,10251148.0,1.0
1143662285,oideas,Bedolagi,9729879.0,3.0
1143757980,kokojambo,Monstry lp,10027079.0,0.0
1143898912,obession,TaGanRog,10150668.0,1.0
1144056096,sprkl,VoVanCHik_TEAM,10137228.0,0.0
1144209840,22,RedRows,10129210.0,2.0
1144214248,Waneda,APFS,10067732.0,1.0
1144281051,LizziX,Ensanity,9055431.0,0.0
1144303924,BuBlik,BUANG,0.0,1.0
1144472530,新的鸿沟,Nexus Team,9947953.0,1.0
1145210756,RADIANCE,taganka,10135582.0,1.0
1145388451,ULTRAKILL,BraDki,9814711.0,1.0
1145561875,sad,BroodMafia,10136877.0,1.0
1145892095,Apur1,6_abs0suti_7,10144363.0,2.0
1146102054,haha,Save this reality,10144727.0,1.0
1146249681,Dirt avocado,Team Judik,10136252.0,1.0
1146357499,Dvad0s,Avocados From Mexico,9850167.0,1.0
1146408396,dr3am,SaltPower,0.0,3.0
1146431902,h0vrrr,ПЯТКИ,10224969.0,2.0
1147816325,SunXUIVCHAI,FizMatiks,0.0,0.0
1147869003,robbi_kors,KOPTILNYA,0.0,3.0
1148282738,remus,Team Dodiks,10136254.0,1.0
1148456658,azln3n,хомяки,10143607.0,2.0
1148569071,G_zondo,,0.0,1.0
1148570797,router_305,Team Metamorphosis,0.0,2.0
1148930028,RihortSoo,Team Sadge,9150341.0,2.0
1149054908,Nythranel,Suckin Plaza,9614042.0,2.0
1149157664,Рогатый крикун,NoBrain,10136829.0,2.0
1149444046,convoitise,SaltPower,0.0,2.0
1149698176,$a$HbIU^^,DAEDALUS(CRYSTALIS PRIME),10129593.0,2.0
1149736479,Cinaps,Normalino,9337929.0,2.0
1150066336,Skybee,Team Brainrot,10138111.0,2.0
1151097707,HUESOS,67 squad,10137095.0,2.0
1151452666,Mayple,Inspired Team,9672477.0,3.0
1151455305,kugoram1,Warpath Legion,10157648.0,1.0
1151523308,Hanset,ForFeed,9790966.0,1.0
1151779991,Psko,TeamDubrovo,10136967.0,1.0
1151801614,sinner,,0.0,1.0
1151862459,Don Corleone,strawberry milkshake,10137163.0,1.0
1151966677,Kissel,Team Negative,10212230.0,1.0
1152281024,Sank,Burmald Team,0.0,1.0
1152294112,Olimpus,BARBER CHOP TEAM,8784629.0,3.0
1152341854,shedowbludok,67 team,10136871.0,2.0
1152490741,SXTA,Beluga_Hunters,8726519.0,1.0
1152833543,xesh,xent,10207406.0,1.0
1152948930,d1man41g,BALU TEAM,10101793.0,1.0
1152956348,dankeetg,VEYONI,0.0,1.0
1153084632,karma,alyonushka,10150892.0,1.0
1153147287,podnebesnbIi,2republic.by,10137319.0,1.0
1153498267,MilkyWay,The quantum leap of time,10241675.0,2.0
1153547442,sekairotten,kingdom come deliverance,10233008.0,1.0
1153798101,Ethereal,Rune Eaters,0.0,1.0
1153836138,Hifronya,Mopsyarki,9237024.0,1.0
1154081018,XieZ,Team AfterMoon,9886225.0,1.0
1154823978,b0taN,DF JUNIOR,0.0,3.0
1154857176,Kleers,PATTERN,0.0,1.0
1155119132,kai,SaltPower,0.0,4.0
1155476411,casper,SaltPower,0.0,3.0
1155950030,astrlx,Team Bulba,10144150.0,1.0
1155973240,Dalvrt,Epstein Academy,0.0,3.0
1156286699,49,Vanguard OG,9878301.0,2.0
1156322299,yungworker,,0.0,1.0
1156716649,kice,grossgaymeisters,9958010.0,0.0
1157048562,bob,THE_MAKSIM_KYXAR_PRO,10144863.0,1.0
1157079030,Egoriway,Pig squad,9439049.0,2.0
1157161627,Dioksid, Belikchane,10144059.0,1.0
1157314350,YourLover,Team Squirt,9949875.0,1.0
1157399000,isvntnk,VoVanCHik_TEAM,10137228.0,0.0
1157946788,原子力,Team BeZZdari,10144778.0,1.0
1158043806,Pahvamp,Ninja Team,10136341.0,2.0
1158309843,Zompex,UAKChempiki,0.0,1.0
1158435317,Shadowcast,Tverskoy metrotram,10136085.0,2.0
1158617132,Morty0_o,Team Discipline,10136073.0,1.0
1159471218,Fav0rit,irreplaceable,10115418.0,1.0
1159737709,fiftyswag,Team SixSeven,10136800.0,1.0
1159819322,Velanee,Tverskoy metrotram,10136085.0,3.0
1160288332,ЕХТЕRNАL,Team Spirit,0.0,0.0
1160499304,Páris,Marc Perú,8262451.0,1.0
1161318365,wysb,OMSKIY GAZMYAS,9887234.0,2.0
1162403435,iNSairy,SiGMA eSports,10115513.0,2.0
1162867197,HUlIGANIIK333,,0.0,1.0
1163054143,zxcMOSTER(0_0),CRYSTALLIS_KAKASHKI,0.0,2.0
1163382273,afatsy,psychokidok,9742390.0,1.0
1163407020,Erti,Masked Fools,10137837.0,2.0
1163809987,DarkMana,DF JUNIOR,0.0,2.0
1163900206,PUG,Noctua Gang,8857590.0,2.0
1163924790,SQu1RReLyy,Большие размеры,10102861.0,2.0
1163933236,freb4ik_,Гаврики,9973043.0,1.0
1164201126,sedyaQ,Minon.gang,10137035.0,2.0
1164354590,freezmeow,MDT,10101284.0,3.0
1164528682,бестолковый ,potroshki_gaming,10212355.0,2.0
1164774939,Zumuvik,TOXICGHOUL,9286190.0,1.0
1165106462,kolbasa,Aether Surge,9710099.0,1.0
1165787823,desttt,Vitalik family,9939411.0,1.0
1166160702,zxczcxzcxzc,SaltPower,10241943.0,1.0
1166408040,Anora,Denis Spermolinko,10035047.0,1.0
1166602884,Yatoro,TeamSpirit,9823534.0,1.0
1166680342,ext3ns,Born War,9711257.0,2.0
1166937427,budmuun8GOD,Denis Spermolinko,10035047.0,1.0
1167197697,УvaR04ka,Team Aurochs,0.0,3.0
1167749561,Sinner,Crystallizirovanii Napitki,10169214.0,3.0
1168103948,Mashiro`,RRTeam,10157430.0,1.0
1168469986,ATSW,Ferrum teams,10138110.0,1.0
1168589612, Yoda,Uglyki,10135982.0,3.0
1168699067,sany,WildberiZZ,9247676.0,1.0
1168897418,sphyx,Team kazahpeek,0.0,1.0
1169079623,potokya,Pukan Team,10138792.0,2.0
1169304801,Svork,Eshkerestan,10137755.0,2.0
1169379706,whyshefich,FizMatiks,10150653.0,1.0
1169402249,v4u57,RedRows,10129210.0,0.0
1169494980,xside,DF JUNIOR,0.0,0.0
1169664587,Blame,Headache,10170687.0,1.0
1169738364,xdisable~,artness Esports,9379871.0,2.0
1169972688,Fallen King,Absolut sigma team,9671264.0,1.0
1170004178,BENIHANA,GE,9641851.0,1.0
1170063513,mishanyablackhole,ГАЙСЫ,10137347.0,1.0
1170133662,RevivalLife25,Dota Sensei,10137563.0,2.0
1170628937,Zaur1x,zauritos.banditos,10137824.0,1.0
1170897979,Kompotuj,Burmald Team,0.0,3.0
1171019512,сперма,alyonushka,10150892.0,2.0
1171109254,Esla,MDT,10101284.0,2.0
1171243748,ɹǝʞɹɐd⚔️,Team Cobra,10250936.0,1.0
1171627497,UfalingChmir//,Team Chmir,9995963.0,0.0
1171877280,项羽,Team Bright,9018664.0,1.0
1172224234,ZRB,Orbital Squad,10136065.0,0.0
1172289550,qcold,DOTA RANGERS,10136492.0,1.0
1172575293,gadik,Team Okak,10170815.0,2.0
1172719712,Fernans,Inner Circle x Insanity,10251974.0,2.0
1172952751,P1ram1x,Volar Bebe,10144008.0,3.0
1172980630,Zomv1,Arbyzni Sok,9443921.0,2.0
1172991375,traktorist,UZBAGOISYA,10150642.0,3.0
1173104506,KuciK,paradise,9823949.0,2.0
1173117432,Syahlnl,Burmald Team,10137076.0,2.0
1174089923,степан,НОВЫЕ ПИРАТЫ,0.0,2.0
1174208682,you_been_pwn3d,Blackout squad,9902973.0,2.0
1174448621,Tvinker,[PeaDoors],10081404.0,2.0
1174621879,emo,TeamSpirt,10164353.0,1.0
1174627555,KillmanBorn,KillmanSquad,9872153.0,3.0
1174892499,Blondie° ,ICE FROST,8936328.0,2.0
1174933851,str0ke,s1mptom team,10136333.0,1.0
1175085117,плохоезрение,Victoria et Cetera,0.0,2.0
1175157341,vtltr,VIPKOZAHI666 team,9767481.0,1.0
1175794859,GALaxaNdR,Bonjour Team,0.0,1.0
1175878035,Jorve777,Chiriuchu gamer,10150766.0,2.0
1175968386,haisen,fallen team,9143216.0,2.0
1176080719,m1bz,Village of Hidden Pool,10144767.0,2.0
1176109238,pro100ded,DDWDD,10144615.0,1.0
1177048648,Toster,6oici Roshen,10137043.0,2.0
1177198264,bychez,RazeInFace,8878902.0,1.0
1177491584,Asterisk,IQnegative,0.0,2.0
1177702504,MarF,Fruit team,0.0,0.0
1177825566,kawaiiangel123,Novosib Wolfs,9511353.0,1.0
1177835121,gothicatalkwithme,SaltPower,0.0,0.0
1178010092,Aqua_ <,Born For This,8926011.0,1.0
1178362388,Avelc,PuffSpark,9345002.0,0.0
1178451669,mayday,Last Echo,0.0,2.0
1178966118,PnPie,MlPSQUAD,0.0,1.0
1179445576,Lov4y,Five Percent,8836642.0,1.0
1179625241,Coldyy,ПЯТКИ,10224969.0,1.0
1180164660,Redstone,Team feed,10033423.0,1.0
1180215495,Lal Dareツ,Feed4Life,0.0,2.0
1180282091,neregen,ANTEIKU,0.0,4.0
1180304062,Quizlusssqm,,9750524.0,1.0
1180740290,REAQUI,The Pibbles,10137871.0,3.0
1180747407,Sen1$,ACOUSTIC DOTA CLUB,8813826.0,1.0
1181194081,v_rot_berunchik,67WARRIORS,10138797.0,3.0
1181288592,Dr. Jazzard,Gank Syndicate,10145457.0,2.0
1181768694,ukiotaki 凛,Asakura Dynasty,10047873.0,1.0
1181830847,Hope,kijeyka,10108268.0,2.0
1182064955,L1nzer,Team Yatagarasu,0.0,0.0
1182407834,wwtorrent,The Fox Maids ,9947671.0,1.0
1183222344,виноградик,War of Attrition,9926467.0,2.0
1183382649,Funt1k,all cash,10143791.0,1.0
1183392483,enabledlifer74,Dota Sensei,0.0,3.0
1183531668,msp69,Milkyway Team,10136267.0,3.0
1184104082,ZZINAKX,Seirin,0.0,3.0
1184144685,HELPER67,lacoc,9691766.0,1.0
1184235100,grindcore,bez luzov squad,10144889.0,1.0
1184684111,Dafuqqq?,DF JUNIOR,9823905.0,2.0
1184910207,YTY,Conse Quence,9009889.0,2.0
1185187770,Baibas,Big Tasty Team,10157600.0,1.0
1185313746,Absession,SaS,10020405.0,1.0
1185343839,kofestxz,RRTeam,10157430.0,1.0
1185359658,DruN,Team Karmens,9467337.0,1.0
1185474176,beeebebebebe,Cats rule the world,9723256.0,2.0
1185840162,Jujik,Crystallis Prime,10143760.0,1.0
1186318436,crystalis idol freak,Freak five,9345958.0,1.0
1186412945,diorka,Team Necessary,10137538.0,1.0
1186828393,Guilty,shame,10138134.0,1.0
1187767607,IJWTD,E-blanTM,10123461.0,1.0
1187785564,summerlove swag,cursedswagclan,0.0,1.0
1187806629,Frierr,TeamAkter,10136813.0,2.0
1187859680,MavinML,BABYJONS,10137637.0,2.0
1188063427,meowth,PATTERN,10115634.0,1.0
1188260276,Chaos,TRIES,0.0,2.0
1188514711,Difiz,бавария team,9760666.0,1.0
1188578142,Feyk,KRUSTY KRUBS,9137630.0,3.0
1188736045,no talent`,Experience Gaming,9949096.0,1.0
1189164896,bruklin,DeadKid,10170058.0,1.0
1189698317,33,,0.0,1.0
1189836618,prettystreet,Blaze Esports,10136917.0,1.0
1189914657,toru,хомяки,10143607.0,1.0
1190096723,skykayya,SHADOW GOVERNMENT,0.0,1.0
1190137167,KiYoSh1,IGNITE,0.0,2.0
1190795906,alpha pvp,Illusions,10129817.0,2.0
1190866457,Asterg,Cult of Aquatic,0.0,1.0
1191030200,Тимур,517 TEAM,10138562.0,2.0
1191037965,drayMAFIA,67,10271082.0,1.0
1191047877,MerzaveЦ,Arbuz Team,9622235.0,3.0
1191203537,NSB,felicity team,10109768.0,3.0
1191379731,Я ВЫБЛЯДОК,Vodka team,9918711.0,0.0
1191422102,prophunt,MisoloTeam,10169985.0,1.0
1191590317,minon obsession,Team 52minonsgang,0.0,2.0
1192090051,allindel,bc.game,9174269.0,1.0
1192244532,Pasternak,Burmald Team,10137076.0,1.0
1192706012,Талант,TEAM CRYSSTALKINS,10136571.0,3.0
1192939395,Xkix,Xset,9965814.0,1.0
1193056816,тимофии,POLYANA,9866048.0,1.0
1193176731,AlwaysTired,Runaway,9956592.0,1.0
1193249466,M0rmyshka,Brewmaster's Children,9819723.0,2.0
1193527330,rxs,Team Shattermind,9414358.0,3.0
1193687710,w1n0ff,sours,10034048.0,2.0
1193786653,Snowy-_-,KMA TEAM,0.0,1.0
1194044921,aura,PZU,10150376.0,1.0
1194179544,KiaSuka,Kristalno Chistie,10170227.0,2.0
1194320791,bipolar,Village of Hidden Pool,10144767.0,3.0
1194346113,pon,xc,8936999.0,1.0
1194725623,Djorji_Dodgi,Free For All,9878749.0,2.0
1194877811,M1teD,Nova,10225908.0,3.0
1195181771,pr1shestvie,DF JUNIOR,0.0,1.0
1195206755,kertezza,dispensary,10082111.0,1.0
1195315502,Dekur,Mopsyarki,9237024.0,3.0
1196487613,ecgklymat,ReDaN Squad,0.0,1.0
1196553852,BOZR,KOPTILNYA,0.0,2.0
1196955551,Knz,Raven Squad,0.0,1.0
1196975906,sheyan,UUJlRna,10150695.0,2.0
1197406952,zenkaitenshi,аНиМеФфНиКи,9856311.0,2.0
1197590124,Ktshgw,Visiere affilate,9741975.0,1.0
1197591859,blessed,Super Susliki,10144323.0,3.0
1197668545,M1nST_,UDM MireS,10207499.0,2.0
1198038088,versolom,BNNB,9793390.0,1.0
1198965678,Skodnik1301,DRAKONI,9872583.0,2.0
1199208054,harte,Denis Spermolinko,10035047.0,1.0
1199282202,B3BK2_V_K2D4H,LESH TEAM,10157538.0,1.0
1199462132,вовчик148,Team Spirt,0.0,1.0
1199609690,yonk,Haunted dauns,0.0,1.0
1199883046,baton431,Pudge Corparation,9237144.0,1.0
1200123595,160 tango,Guardians of Hearts,9940267.0,2.0
1200124064,Uniqlo,NoTechies,9555624.0,1.0
1200190289,CyXaPuK,DOTA RANGERS,10136492.0,3.0
1200961433,Mauro,Umbral Tide,10182294.0,1.0
1201526302,Zarastrass,Mellstroy Team,9938134.0,1.0
1201626203,slynchikya,Burmald Team,10137076.0,3.0
1201736257,morfin,easily,10170821.0,2.0
1201927095,aq,UD VESSUWAN,8572181.0,1.0
1202001315,stresspresso,Wildcard,9651185.0,0.0
1202218441,Wasser雨,Team BKG,9849799.0,1.0
1202267677,aik,Pipsqueak + 4,10150633.0,2.0
1202703920,smstb,Mocean,9938131.0,1.0
1203053875,serenity,Blade of Tears,10067688.0,4.0
1203340274,Aimidrol,Tempest,0.0,1.0
1203794128,владлуксмаксер,BetBoom,0.0,1.0
1203829701,Miracle~,Yelling Shrek,9965299.0,1.0
1203872681,Pań,Team Armada ,0.0,2.0
1204017187,Dexter,FEMBOY FUTA HOUSE,10150546.0,2.0
1204447186,blednyStanislav,Crystallis Harem,10157930.0,1.0
1204557382,mlekopitayuschee,tripplesix666gods,9833513.0,2.0
1204618797,Y_Laska,s69,9493094.0,0.0
1204623088,noworry`,Selo Petushki,10261664.0,1.0
1204635852,P4nzvr,Cribal Legion,9829481.0,2.0
1204689434,Z1ro,Dota 2 Enjoyers,10135557.0,1.0
1205183198,CHULO,AKatsuki team,9807005.0,1.0
1205295601,crystal amadate yagami,Sollar,10088242.0,1.0
1205548759,huesosik,Team Mentality,10138138.0,2.0
1205648132,panga-,3GOPERCI,10080999.0,3.0
1205733347,DRISTATEL,shame,10138134.0,3.0
1205808612,Pよni,DRIMTEAM,10115322.0,2.0
1206207653,gr1ney,PETUSHKI,10170649.0,1.0
1206545996,30zeros,Sunny Girls,9916928.0,2.0
1206649601,s1x_n1ne,Matyashiki,10206448.0,2.0
1206935251,Omol1x,D1CKPEEK,10137004.0,1.0
1207209008,Wekky,SiGMA eSports,10115513.0,1.0
1207501647,xypaqqe,.,0.0,1.0
1207961660,alex666,QCLDS,10060791.0,2.0
1208213610,Pxl$Dop3,Jun,9753279.0,1.0
1208413290,16lines,,0.0,1.0
1209199029,Pancake,SashiMi,10042151.0,2.0
1209342286,TERROR1ZE,BROODSKIE TEAM,10136319.0,3.0
1209526558,HORuLena,Roshan.Pro,9973235.0,3.0
1209924386,NICE2SEEYOU,LYCANZ,10137588.0,1.0
1210235104,ExWhyZet,CRYSTALLIS XXL,10150681.0,2.0
1210426140,crocodildo,ЖирSpirit,9866305.0,1.0
1211011071,TuszaOwO,Invincible Timmir,10054312.0,2.0
1211223131,kesemdi,kesemdi faction,9487946.0,1.0
1211286111,42PALOX67,BuyBack Mafia,10136296.0,2.0
1212043003,CAt_Fly,TeamRus',9834538.0,2.0
1212103687,Napster△,КИМЛОРОД,9905837.0,2.0
1212178317,x1fps,Young Team,10014128.0,1.0
1212204437,anbka,Monstry lp,10027079.0,2.0
1212217995,twixxi,Team Opёnok,9725128.0,1.0
1212439789,zOnk ,Team Rakuzan,0.0,3.0
1212560106,SYRUPSKII,GOTH SNUS RECORDS,8710785.0,1.0
1212612554,Open Дверь,DAEDALUS(CRYSTALIS PRIME),10129593.0,0.0
1212620522,ruikawa死 ,VIPKOZAHI666 team,9767481.0,1.0
1213065582,Snezok,Team Metamorphosis,9996109.0,1.0
1213244392,TopStopGays,Cristalkins,10163960.0,2.0
1213395209,Ultron,Umbral Tide,0.0,1.0
1213500800,Milky,DF JUNIOR,9823905.0,2.0
1213519168,roxyd,Babachai Team,9964994.0,2.0
1213586783,idrochu,Ferrum teams,10138110.0,1.0
1213802866,Taid3v,Crowned Raven,8579813.0,1.0
1213849004,ляля,Burmaldance,10136838.0,1.0
1213942365,The_kyron,TEAM GH,10137184.0,1.0
1213984082,doz0rportal,team spivom,10137056.0,1.0
1214026545,Maliros,Team Summer,9256580.0,2.0
1214294750,sinister,SaltPower,0.0,2.0
1214420929,KUTUZ0V,3A_HAC_CEMEH_OH_C_CAMAPbI_OH_CbIH_MAPKA_TEAM_MOCKBA_54RUS,10170222.0,1.0
1214964203,qqqwert,SaltPower,10241943.0,1.0
1215232311,zxcw,cl12,10144852.0,1.0
1215549664,why not,Team Spirt,10048136.0,2.0
1215883925,skYrasGD,Tempest,9897115.0,2.0
1216482944,Nekroos ,BLACK STARS,9309429.0,1.0
1216602098,confuse~,Team Amplify,9373898.0,1.0
1216730937,Дукса,Pukan Team,10138792.0,3.0
1216850854,sentryえ,HyperDog,9823974.0,1.0
1217061603,sfg,DF ASCENT,10008466.0,1.0
1217323224,GGenius,KOPTILNYA,9885760.0,1.0
1217822303,RBD,NARYKI,0.0,1.0
1217842801,Сан Фаянс,thirtyNine,10135552.0,1.0
1218097624,qute,BALU TEAM,10101793.0,2.0
1218227978,S6em7om,s1mptom team,10136333.0,3.0
1218783836,MilBBlan,Team SuperNova,10008546.0,2.0
1218846140,SexyeVodka,THE HIDDEN TAVERN,9906528.0,2.0
1219355376,kirano,abrocos,10136286.0,2.0
1219559079,Nezro,TEAM HERALD,9144353.0,3.0
1219567983,Akudjia,Навальный.Team,0.0,2.0
1219607443,Heller6k,Lunatic`s,0.0,1.0
1219736309,лысыйхуй1337,Team Daxao,10143491.0,2.0
1220070288,Mooncheck,Team Warta,0.0,2.0
1220163781,AVIVA,HyperDog,0.0,2.0
1220450470,sasynchenko,#savetrueghouls,10114408.0,1.0
1220554312,chpokatel,Pedro,10137451.0,0.0
1220629559,neverlose,студенты,10136812.0,1.0
1220705637,timekick,Nepridumali,0.0,2.0
1220993352,byun,Hive,0.0,1.0
1221800242,san,,0.0,0.0
1222017725,Parte Cholos <,Pegando Creeps,9091295.0,1.0
1222043939,theme,Team *Nicolay Bascov*,0.0,1.0
1222143340,PRIDE,Double Ellimination,9966325.0,2.0
1222303162,ysatik,67 team,10136871.0,1.0
1222395683,sgarthih,CHICH Team,10157893.0,1.0
1222480078,shao,manassas,9224886.0,2.0
1222987653,odyyvan,Team India,10241576.0,1.0
1223170063,Romedau,FaiLung Esports,10234394.0,2.0
1223675253,qwerty,Бэкменята имершн,10137126.0,0.0
1223781321,4tune,Team Okak,10170815.0,2.0
1224036561,Orsted,B-Komachi Fan Club,9068969.0,1.0
1224102316,chapt1,standoff4ek),9838602.0,1.0
1224372205,Pinkie pie,KMA TEAM,9905624.0,1.0
1224655226,Katomine,Headache,10170687.0,1.0
1224830198,wildoff1337,Rinehart,10156944.0,1.0
1225263123,NeZoX,rti,0.0,1.0
1225409365,Radiant,Team Volga,10136902.0,1.0
1225482370,$igmaB0lls,b00bs,9579602.0,1.0
1225791332,paparazzi,DemonDestroyers,10145396.0,1.0
1225883884,эй,big кто плеер?,10101475.0,3.0
1226318731,Zaha,Ragnarök,9824508.0,2.0
1226579086,kuronawasted〞,Blood Directive,10027527.0,1.0
1226828851,krakun,Team Anteiko,10242790.0,3.0
1226957506,Jango,,,
1226972698,hatsu,TEAM LARP,10224982.0,1.0
1227189575,Tomokaya,Team Recruit,9838964.0,1.0
1227272911,Nortfux,Gavaiskiy Runs,9073962.0,2.0
1227326288,JustFun,zauritos.banditos,10137824.0,1.0
1227363796,YABEZTRUSIKOV,,0.0,1.0
1227532723,ss8sun8k,Poper Team,9917081.0,0.0
1227697887,dark fear,DF RISING,9956140.0,1.0
1227790301,Legion Eu Offlaner,SaltPower,0.0,3.0
1228191691,Mario,ZombeQ,10157711.0,2.0
1228266506,Pablo de los backyardigans,The Pibbles,10137871.0,2.0
1228342761,MANR,Pokasov Team,9698410.0,1.0
1228396721,consiuosite,bastard,9717967.0,1.0
1228617013,Uptemis,Team Brainrot,10138111.0,2.0
1228831618,2224,Team BLITZ est,9797315.0,2.0
1229143838,xd^,Trogaem,9905458.0,1.0
1229155921,Kh7io,Enrage Gaming ,9381133.0,2.0
1230126531,Machan,五条惊世大区,10150761.0,1.0
1230773574,happy,IQnegative,9791515.0,0.0
1231171589,Xeers_,Guardians of Hearts,9940267.0,2.0
1231705505,GGmix1337,Team Spirit,0.0,2.0
1231881587,Silent as The Grave,soslo team,10136150.0,3.0
1232190690,walser,SSSAG322,10137176.0,2.0
1232208526,Tpaxan,Dota 2 Enjoyers,0.0,2.0
1232488644,Lavandovv,White Ash Team,9905499.0,2.0
1232871972,Jo Paosla,MAGMA,0.0,1.0
1233925919,Yaflase,Royal Ancient,10260095.0,2.0
1233952197,Ansaldi,Roquefort,10001819.0,2.0
1234047817,Printer,SaltPower,0.0,2.0
1234546799,L1RiK,SaltPower,0.0,3.0
1234583217,memento,Harmony,0.0,2.0
1234661553,el matador,Roflans.Forever Young,9466369.0,1.0
1234671814,лиза,truesssghouls,9768315.0,1.0
1234800745,apu,KISHENEV TEAM,9939142.0,1.0
1234830279,copx,YEPx,9797210.0,1.0
1235106504,663ofcy,HurricanWave,9572011.0,3.0
1235276207,Scurry,ites,9949856.0,2.0
1235531944,arkadey,Team Burmalda,0.0,3.0
1236478053,Raiti,Team Navalny,10148806.0,2.0
1237431202,mjolnire,RUSBEL TEAM,10233331.0,1.0
1237539355,old chicken,疯氚箱子导致长崎速逝,10129742.0,1.0
1238094963,weqned,ganjubas thug,9691471.0,1.0
1238117534,MasterBaiter,Averiour,10144048.0,2.0
1238319126,Ohegaos,neformamont,10142752.0,2.0
1238464810,painlesskid666,BezdaRes,9878847.0,1.0
1238637265,3banytui,Team Spirt,0.0,1.0
1238657264,真の淑女の恋人,strawberry milkshake,10137163.0,1.0
1238807232,qqqw1y,SaltPower,0.0,3.0
1238853468,꧁♣☠ℑØ₭ɆⱤ☠♣꧂,Akatsuki,0.0,2.0
1238936121,Falsh,Sunny Girls,0.0,2.0
1238996724,sssr,TEAM YK,10136775.0,3.0
1239212707,UglIchild,s1mptom team,0.0,1.0
1239923606,Snegavik,moonlight,10150387.0,2.0
1240289403,LpS,Speed,9866581.0,2.0
1240661525,mizu,0 win 0 girls 7 HQD,9636152.0,1.0
1240682555,Gesslor,TaxiAshot,9929892.0,1.0
1240769263,quota,Generation of Miracles,10261286.0,4.0
1240781294,blank,Team Boss,9530886.0,1.0
1240907382,Mirai,Team Twone,9664810.0,1.0
1240943792,Blydiblade08,SquadBastards.ONYX,10150755.0,2.0
1240962573,kioqq,Angetsu,9989081.0,2.0
1241065962,YAPHETS,WORLD BARBIE,9866912.0,1.0
1241118548,SpikeFurry,KMA TEAM,9905624.0,2.0
1241430520,latar,OSIPGANGBANG,0.0,1.0
1241633993,KILLKILLON,Bonjour Team,9894911.0,2.0
1241651513,zales,Nomadic Hunters,10144027.0,2.0
1241719672,time to say goodbye,LL Team,0.0,1.0
1241731000,K1iiit,Energy Blast,9351891.0,1.0
1241853694,deolaro,твига пор вида,9887488.0,1.0
1242438844,Quita,DC gaming,10108691.0,0.0
1242633448,chypz,PAL LAICH,0.0,1.0
1242801938,blum,paradise,9823949.0,3.0
1242855750,spricc,Poper Team,9917081.0,2.0
1243419791,menhera,mishki prime,0.0,1.0
1243849318,Hashiro,Energy Blast,9351891.0,2.0
1244246958,ソシオパス,creepwave,10213803.0,2.0
1244435864,JIowl,Pobrydim,9972735.0,1.0
1244940346,ASADDEX,Night Order,9938512.0,1.0
1245096289,ntxra,Feed4Life,9672014.0,1.0
1245223837,DiQY,Team Immersion,9783231.0,1.0
1245397606,phenomenon,G1venchy,10144349.0,1.0
1246343562,Siqwire,Team Aurochs,9256121.0,1.0
1246367018,Ataraxia,BetBoom,0.0,1.0
1246509739,absolute,Sons of Sparda,9546987.0,1.0
1246739349,Pico,Vira-Lata Caramelo,0.0,2.0
1246745300,mitkazik,Team Tempest,9885708.0,1.0
1246892589,Disable,SaltPower,0.0,1.0
1246958982,sbr,Team Spirt,9556962.0,3.0
1246971456,H2Olazzz,IQnegative,9791515.0,2.0
1246978154,sinyak,PETUSHKI,0.0,0.0
1247139573,V1lichaishy,KMA TEAM,9905624.0,3.0
1247390900,сперма бак,MEGA_Barsiki,10137707.0,3.0
1247464326,Giga_Floppa,Cristalissimo,10143609.0,3.0
1247474634,mishaboevoi23,BARBER CHOP TEAM,8784629.0,1.0
1247817115,lv,Celestial Veil,9885503.0,1.0
1247850354,Dragonoid,Millenaire,10115586.0,1.0
1248009846,JKL,DF YOUTH,9956150.0,1.0
1248411864,Seva,fenixaut,8992236.0,3.0
1248651003,_kotweexqoree,LondonNights,10136271.0,1.0
1248723540,@CaioGordo_,x5 Gaming,8971308.0,1.0
1249411189,hant3r,Team SPIRT,9454912.0,2.0
1249449431,Kise Ryota,ZA GUL`SKOE,10196281.0,4.0
1250072106,julavaa1,Cats rule the world,9723256.0,2.0
1250288110,Dregochi,Dregochilo,10151557.0,2.0
1250549009,кирюхаБОСС,grossgaymeisters,9958010.0,2.0
1250588716,дрочка,,0.0,1.0
1251179286,вупсень,SIGMA GALAXY,9403766.0,2.0
1251199426,Tartarus,Case Battle Team,9752545.0,2.0
1251408522,misiiik,Bobrik Band,10242616.0,2.0
1251755786,Kosiposha,Team_Amigos,10136249.0,2.0
1252089177,sap/fye,//////////,9316397.0,2.0
1252171770,ren~,Team Ponedilok,9126483.0,3.0
1252317259,Hayato,SaltPower,0.0,3.0
1252451843,WSirnik,Team Spirt,10135995.0,2.0
1252862213,deja mort,bez luzov squad,10144889.0,1.0
1252967992,edg,#RADI'NEЁ,10102202.0,0.0
1253313818,mesto smerti,DESWIN,0.0,1.0
1253380110,PeaceDuke,RKN eSports,10170828.0,2.0
1253487641,Tman,Team PivBov,10122051.0,2.0
1253546307,Radahn,Team4Tune,9536258.0,3.0
1253845452,Tyma,Murda Teams,9723954.0,1.0
1253908159,celestial,0 win 0 girls 7 HQD,9636152.0,1.0
1253987927,Shtuchkich,Torn Team,9545686.0,2.0
1254288973,drim,Pulse Team,10118479.0,2.0
1254518991,rasez,suicidesquad,9834577.0,1.0
1254653811,Ritsu`,Team Prodigy,0.0,1.0
1254829817,dverkyt,Excrement Gaming,0.0,4.0
1255066427,Enobaka,The Fox Maids ,9947671.0,2.0
1255296395,positive,2Beers,10109345.0,0.0
1255505146,w1lfychyo,Averiour,10144048.0,1.0
1255967482,dominator777,Nomadic Hunters,10144027.0,1.0
1256041387,Lifeless,Funpay,10095221.0,1.0
1256063417,tsunderemisha,MEGA_Barsiki,10137707.0,1.0
1256096609,.,BuRmaLda_squad,10040753.0,3.0
1256399073,robicoiop,Team BKG,9849799.0,1.0
1256403859,saky,XOXOTYNCHIKI,9545992.0,3.0
1256457782,sakman,67 VSEM SVOIM,10163699.0,3.0
1256546046,klyuceff,FaiLung Esports,10234394.0,3.0
1256819072,Kir1t0,Team Chmir,9995963.0,1.0
1256872610,Maratikz,Mangust,9623165.0,2.0
1256876053,EV1L,TEAM GH,10137184.0,2.0
1257091591,K.L.i.K.E.R,Team Slavyane,10157182.0,2.0
1257123154,mydachyo,kiss me?,9095679.0,2.0
1257306457,pnevmaal,студенты,10136812.0,1.0
1257316688,Nelz,andreyimmersionsolo,9731181.0,2.0
1257775569,PoPusk,Team zxceblan,10144822.0,2.0
1258002556,ydzi,balabob_team,9710595.0,3.0
1258333217,xed~,Cats Team,9818978.0,1.0
1258538554,Eavymi,FallenRose,9316262.0,2.0
1258600087,betami,PiPiTeam,9388811.0,2.0
1258773415,mepos,Zajigalka team,10232373.0,1.0
1258827445,altokar,alyonushka,10150892.0,2.0
1259278340,Kolpachok,BANANASQD,9927975.0,3.0
1259349942,armour,doublerr,9531420.0,1.0
1259374563,Lumine,bilibili,9717978.0,1.0
1259383361,Over_XD,TEAM YK,10136775.0,1.0
1259542216,r3ignGG,Asuno雨,9884803.0,1.0
1259578428,quizor,шi3ot9н clique,10136777.0,1.0
1259584841,KiLkA,Last Chance,10068474.0,1.0
1259716801,Gonzyak,CrystallisOtsosallis,9824790.0,1.0
1259809159,WHIJKE,Bibinto Squad,10137577.0,1.0
1259842855,Malamakin,Monstry lp,10027079.0,2.0
1260085302,DLUIP,TEAM TAVDA GAMING,9564802.0,2.0
1260266550,spyshonka,creepwave,10213803.0,1.0
1260294662,k0raL,Yahroma,10170308.0,1.0
1260380939,Cupsett,Team Spirt,0.0,0.0
1260535882,arthasgodd,KRIVBASSgang,9782766.0,1.0
1260737963,suzuyacry,The Simurgh,0.0,0.0
1260797641,SausageOnParty,REQUIEM OF CRYSTALLIS,10088608.0,2.0
1260855491,Ars2701,ArseNAL,10136940.0,1.0
1260908851,mirael,П0ДПИВАСЫ,9744697.0,1.0
1260961735,Re_Sea1k,Anteiku,10219651.0,1.0
1261039418,Вадим,Vadim,10137843.0,1.0
1261114369,icaid42,DDWDD,10144615.0,1.0
1261124460,Sayori,Hive_Mind,0.0,3.0
1261519711,dolkipopki,BONKERS,8962440.0,2.0
1261618333,RZK,Torn Team,9545686.0,1.0
1261725479,hate.cry,Team Prodigy,0.0,2.0
1261770002,lanoer,XG Team,10122040.0,1.0
1261902461,rxcvrsxd,rxcvrsxd,9980894.0,1.0
1262184081,steelrevenant,Weak Warriors,10138047.0,1.0
1262204118,Nemesis,Team Blur,10150604.0,2.0
1262366408,hitogami,LFT1,10041096.0,1.0
1262608887,EL_SaladaR,,0.0,1.0
1262629867,Skafizm,глистопад,8655098.0,1.0
1262844884,aks,Wild Tsunami,10261719.0,2.0
1263096885,Evo,NewNew,10138332.0,1.0
1263458592,ASVPKD,Быдло Ебаное,10135985.0,2.0
1263696902,mirai,The Fox Maids ,9947671.0,1.0
1264006247,SpOoOiLeR,Wolf Warriors †,0.0,2.0
1264144357,-fy,ряльно,10095677.0,1.0
1264303075,imf0ine,Bespredel,10143796.0,3.0
1264511219,gotaaro,Maldivy,0.0,1.0
1264847704,fine,ESHKERE MAIN ,10136527.0,2.0
1264853180,TESAK,3A_HAC_CEMEH_OH_C_CAMAPbI_OH_CbIH_MAPKA_TEAM_MOCKBA_54RUS,10170222.0,2.0
1264967907,spausuan,Team Nova,9907127.0,3.0
1265150338,Mcboss,NIkitateam,10157998.0,1.0
1265194220,I'M NOT SMURF,杨武韬,8696319.0,1.0
1265276232,QZ,,9344866.0,1.0
1265404308,Kang Sun-Da,REMAKE,8638815.0,2.0
1265411335,MopMammon,Team_Amigos,10136249.0,1.0
1265557732,bdk.shpk,BUDKA,10143572.0,0.0
1265632597,GreedForHell,Team Potato,10137932.0,3.0
1265709788,Centurion,BNR,9209553.0,3.0
1265897589,rexer,Team PivBov,10122051.0,1.0
1266124083,нищий,Сhipsiki,8746127.0,2.0
1266354461,Yn4ik,CristallSUS,10150738.0,2.0
1266510856,Sanya,GoonTeam,0.0,2.0
1266684666,Dilnagor,Team Burst,9657682.0,2.0
1266723541,N1k0r,Team Unlimited,9593354.0,2.0
1266724845,se??uence ,burmal Team,10137394.0,3.0
1267176259,quque,Team Jin Tao ,10164548.0,1.0
1267219091,sah4rok0_0,1st rota ,9432840.0,3.0
1267303290,ken kaneki,Nuts,10122098.0,3.0
1267773196,stupenki,ANARCHIA TEAM,9665149.0,2.0
1267847654,屌丝Mamoto,Rocket Barrage,9195881.0,1.0
1267862549,n1kt0,Team Core,10136139.0,0.0
1267909308,Arigato,turbo mode hater's,10041047.0,0.0
1268172047,Wasted,Team Bella,0.0,3.0
1268314778,k,SISKI GAMING,9608273.0,1.0
1268345841,rei,eterualzero,9742137.0,3.0
1268486780,nevdaha,balabob_team,9710595.0,1.0
1268937248,CarnalitY,Shadowrazeki,8880782.0,1.0
1269002928,make bara great again,SargarasTeam,10137475.0,1.0
1269183123,Raut,anteiku cafe,9546322.0,1.0
1269336877,zxxxcherv,Poper Team,9917081.0,2.0
1270097845,Pen1s04ek,CRYSTALLIS_KAKASHKI,10150888.0,1.0
1270242119,Druid,Team Nakurilis,10136414.0,3.0
1270519257,VTSS,Team baykall,9292611.0,1.0
1270738563,DyrkavTemke,Black Pensils,9571427.0,1.0
1270780795,Flayz,VodolaZZZ TEAM,10137390.0,1.0
1270830003,Noisy_Boy,Team Cinco Midas,9790017.0,0.0
1270946154,inputlagCEO,грибоманы,8849616.0,1.0
1271045600,meoww,Team XENO,9830099.0,1.0
1271259147,noksss,VIPKOZAHI666 team,9767481.0,1.0
1271317541,Netery,all cash,10143791.0,1.0
1271442265,Volodya Noviy Bog,Lysiy Guzetc Team,10150829.0,3.0
1271469778,Zitraks,Team Unique,9980938.0,1.0
1271577710,trying to,balabob_team,0.0,2.0
1271824644,Serina,UzbekTeam,10034229.0,1.0
1271901755,necro,THE_MAKSIM_KYXAR_PRO,10144863.0,2.0
1272050859,KrutoiGleb02,PiPiTeam,9388811.0,2.0
1272244908,Yatorogod,TeamRus',9834538.0,3.0
1272248829,4ipi4i__,THE_MAKSIM_KYXAR_PRO,10144863.0,2.0
1272444202,落星雨,暑假上统帅,10143652.0,3.0
1272484340,Krampus,Team Wave,9698852.0,1.0
1272529553,wavefrm666,b00bs,0.0,1.0
1272608652,ARC-chan,ALCO TEAM,10137560.0,1.0
1272611668,throw down your tears,godtearz,9988669.0,1.0
1272681179,lvl.999,,0.0,3.0
1272807074,Voskresenskii Prime,CGS_МОНСТРЫ,9628519.0,1.0
1272823249,Milana ♥♥♥♥♥♥,Team Burst,9657682.0,2.0
1273038930,astraled,Temryk28,10137055.0,1.0
1273220267,Chumazi,Excrement Gaming,9895088.0,2.0
1273221696,"Уважаемый,",REQUIEM OF CRYSTALLIS,10088608.0,3.0
1273313966,r3fusee,mylittlepony,9420371.0,1.0
1273493130,verbludachyo,ShockWaveZ,10232637.0,2.0
1273649795,dr3am1x,PubTera,10232248.0,2.0
1273915678,vowtet,Veil Walkers,10261951.0,1.0
1274135491,Kan1raa,solitaire princess,10088172.0,1.0
1274322899,Бджола,Smurfiki78,9834082.0,2.0
1274413927,долбоеб,,0.0,1.0
1274461440,Verision,BNNB,9793390.0,2.0
1274888803,Wiskedo,Team Unique,9980938.0,1.0
1275212767,Sarld,MakeevkaTeam,9467264.0,1.0
1275286632,Nevskyi,Ribka,10177706.0,3.0
1275325190,yourbetrayal,DOTA RANGERS,10136492.0,3.0
1275525322,Jho[one],PubTera,10232248.0,1.0
1275620466,nun1toy,Team BeZZdari,10144778.0,1.0
1275864362,Deizyq,BEAST TEAM,10135802.0,1.0
1275952440,4ekunec1337,QCOLD TEAM,10163432.0,1.0
1276094272,haretasora,Team Spirit,0.0,0.0
1276124254,КОМБАЙНЕР,cryСТАЛЬ,10144320.0,1.0
1276713498,Blink Dagger,AITeams,10232574.0,1.0
1276939842,ticorom,Bobrik Band,10242616.0,1.0
1276971554,мрачнее нас,Team Spirt,10135995.0,1.0
1277049306,REAPER265,123,0.0,3.0
1277142273,silence,PAKRAMATY,10137272.0,1.0
1277332587,kxerox,воздушные войска ,10150611.0,1.0
1277642775,ascenssion,Team4Tune,9536258.0,1.0
1277759543,FlyWhy,Team Recruit,9838964.0,3.0
1277840123,Glimer Cape,AITeams,10232574.0,2.0
1277866556,Tpax_an,Dota 2 Enjoyers,10135557.0,2.0
1277894070,sunflare,Tempest,0.0,1.0
1277996268,mun,decterenko,9885087.0,2.0
1278559822,S8eN,Team Metamorphosis,0.0,3.0
1279610629,EBUX,REALiTy Squad,0.0,3.0
1279730001,n0hate,Dream Chaser,0.0,1.0
1280026229,zerken,Team Chrono,9401685.0,1.0
1280062887,Quintessence,White Ash Team,9905499.0,2.0
1280347794,Corpse,Pixel Play,0.0,2.0
1280550502,orwer,Pokasov Team,9698410.0,0.0
1280592582,I have no enemies,Luboye Nazvaniye,9698280.0,1.0
1280653253,plewplew,PrepoDotAteli,9209297.0,1.0
1280686031,kyoshi?,PecikTEAM,10137677.0,1.0
1280999786,Vitrix,Team MUSHROOMS,0.0,3.0
1281131674,Knight_,close game),9380922.0,3.0
1281312331,Gonzales,Team Immersion,9783231.0,2.0
1281324322,TDM,PCCC,9905616.0,1.0
1281330173,uonvl,Team Neverlose,9886758.0,2.0
1281563926,Atalantasg,SaltPower,0.0,1.0
1282463247,Cspell,Team Orchid,10135965.0,3.0
1282612285,Balyzek,balyzekteam,10136869.0,2.0
1282671640,highgarden,Beslis,9760502.0,1.0
1282686505,StyxJR06,Port Soyuz Lerius,9572197.0,2.0
1282955454,Agne,Team Wave,0.0,2.0
1283143224,tpo,Battle Cup Stack,0.0,1.0
1283343318,escakid,Bibinto Squad,10137577.0,3.0
1283412478,keight,GG Savely,0.0,3.0
1284803753,masha_sex,vlasok,10150721.0,2.0
1284870184,Ne3Lenova,Lenova Team,10224216.0,2.0
1284967917,zbchn,ramadan,9798324.0,2.0
1284969219,MOLDY,Anti_Kripu,10142746.0,1.0
1285038332,精神的に不安定,322,9742485.0,0.0
1285189416,yogurt_tulen,DEBELUTICKS pokolenie,9768117.0,3.0
1285196043,mega_barsik,MEGA_Barsiki,10137707.0,1.0
1285379504,yes,TaGanRog,10150668.0,1.0
1285452591,mayt3x,ЛЕХАЛКА,10135294.0,3.0
1285479560,an1me_psych0,6_abs0suti_7,10144363.0,1.0
1285683223,T.Nomom,faf,10262304.0,2.0
1285752056,dryz44,Team Dolbaebs,9524157.0,2.0
1285825755,krapivA,хомяки,10143607.0,0.0
1286001792,EnsiSlech,Team_bigmak,9760210.0,1.0
1286342245,wedmasoldier,VOZDUH,10138122.0,1.0
1286386366,Klown,Danyal 67,10170467.0,3.0
1286714216,evee,DC gaming,10108691.0,0.0
1286767720,Shnewka,Souls Of Scrolls,9487353.0,1.0
1286868547,#ради_артура,VOZDUH,10138122.0,2.0
1286899040,Imbirniy,POLYANA,9866048.0,1.0
1287142996,Mopsogolik,Masked Fools,10137837.0,1.0
1287160601,  P1VASIK,МАНИЯ,10137622.0,2.0
1287165622,sigmafromnewbuyan,ГАЙСЫ,10137347.0,2.0
1287655589,akayo,VOZDUH,10138122.0,1.0
1287837925,podlyuka,RillStuff.team,9782030.0,1.0
1287934999,lis,VIRTUAL TEAM,8709940.0,0.0
1288031833,papa dizerix,Crystallis Supremacy,10150833.0,1.0
1288225075,RiadV,Port Soyuz Lerius,9572197.0,2.0
1288488693,Guzlyar,soslo team,10136150.0,2.0
1289165521,kris sid,GuArDiAn FiVe +_=,9578717.0,2.0
1290087142,tampon228,Sunny Girls,9916928.0,1.0
1290316893,ARK,Cristalkins,10163960.0,2.0
1290739314,randix,,0.0,0.0
1290925463,rainbowdash,ponushnya,0.0,2.0
1292267532,timofei9,KUPITMAN TEAM,9896075.0,1.0
1292719507,Teeqzyyq,Team Mentality,10138138.0,1.0
1292835653,Dro4eslavchik,Team Nakurilis,0.0,2.0
1293360669,任务牧,,0.0,1.0
1295464341,schekter,,0.0,1.0
1295652610,Jaloh220,Pedro,10137451.0,1.0
1296161000,Weamer,ONEMANARMY,9723031.0,1.0
1296458867,takkiz,,0.0,2.0
1296463517,rask,PTYhniki Team,9741476.0,1.0
1296502649,SLOVENSKIY W1NDYZ,LudoTeam,0.0,0.0
1296763723,cameraobscura~,Zenit Saint Petersburg,8086067.0,1.0
1296874480,"урок brood""a",GG Savely,0.0,1.0
1297679850,Милашка,Dregochilo,0.0,1.0
1298053020,IMPOSSIBLETOBEHAPPY,le team karasiky,10157708.0,1.0
1298330168,StormRage,OKAK POCOYO 67 TEAM,10000504.0,1.0
1298357545,хранитель семени,Crystallis ,10143705.0,0.0
1298480298,ТУМБА,KICKYUTA,8691372.0,2.0
1298611697,kaoruko,arisenawa,9782247.0,1.0
1298763250,Awesome player,Team Semen,10137465.0,1.0
1298871170,wAda,LL Team,10136311.0,2.0
1299119771,Blutkönig,Bedlam academy,10225913.0,1.0
1299389188,NoDominator,bez luzov squad,10144889.0,3.0
1299730308,Ep1lept1csk4f,Team_Pivtr,9940160.0,1.0
1299902176,Sowest,GLACK TEAMS,10136867.0,2.0
1301566337,uzbek,BGO,10152034.0,2.0
1301879718,Fakz,Ryodan Esports,9918507.0,1.0
1301906167,FLshai,MlPSQUAD,9254361.0,2.0
1302854287,era,paradise,9823949.0,1.0
1302862910,capitalism,Bad Boys,8799122.0,1.0
1303477505,zakiro,Surprise MF,10170255.0,3.0
1303827394,Eretik,Aether Surge,9710099.0,2.0
1304988182,palka,Cu5 Team,9907940.0,2.0
1307079541,Cyxap,ArseNAL,10136940.0,1.0
1309229516,societty,BRATLAND,0.0,2.0
1309681599,токарный станок,team podpivas,10034330.0,1.0
1309827242,topson,ProstoServak Team,0.0,0.0
1311456148,bizzy,Mopsyarka Team,10164040.0,3.0
1312266538,archi15,Averiour,10144048.0,2.0
1312287386,_mudo4ye_,LondonNights,10136271.0,1.0
1312700563, Jesse Pickme,Team Okak,10170815.0,3.0
1312776894,sweeticeq,Wechoose2lose,2369357.0,1.0
1313015534,ONLY WIND,LYCANZ,10137588.0,1.0
1313407128,Golden4920,Eclipse Ascend,10150330.0,2.0
1313437076,AsTrALiS666SSS,tripplesix666gods,9833513.0,2.0
1313575411,unslepter,DESWIN,9684183.0,3.0
1314065730,Vespillō,Shamelis team,0.0,2.0
1314573028,tvthunder,ArseNAL,10136940.0,2.0
1315084942,uzbek228777666q,UzbekTeam,10034229.0,1.0
1315401514,maZ1LA,Monstry lp,10027079.0,0.0
1315483125,Antonio,MAGMA,0.0,1.0
1315818629,Aizofick,Geden,10074410.0,1.0
1317047135,голубой убийца,LudoTeam,0.0,1.0
1317113968,zxc,creepwave,10213803.0,1.0
1317383303,POBEDILDO,TeamRus',9834538.0,2.0
1317648334,Pivaretto,Team Recruit,9838964.0,2.0
1318663216,Fearme,begemotiki cybersportiki,10137005.0,1.0
1319519213,Zakviel,KMA TEAM,9905624.0,2.0
1320316648,kinigion,Dagsault,9710839.0,2.0
1322827043,Usseewa,,0.0,2.0
1323518930,triggernapizdu,PiZZdaliZZЫ,9512494.0,2.0
1325423133,iNXaRy,SiGMA eSports,10115513.0,1.0
1326958409,Slipper,Shadows Never Sleep,10232272.0,2.0
1327390329,ecco2k,Pig squad,9439049.0,1.0
1328002481,эй мяу я пипяу,67 team,10136871.0,3.0
1329261173,Kirus,WORLD BARBIE,9866912.0,2.0
1330101175,Sk1dy,Thirteen degrees,9223393.0,1.0
1330238854,d3r3vn9,MDT,10101284.0,1.0
1331340797,She6teerka,UzbekTeam,10034229.0,2.0
1333771828,phaseboots,AITeams,10232574.0,3.0
1333856521,GaVnoCleaner,FizMatiks,10150653.0,2.0
1336931293,turbo,suffocaters,10136352.0,2.0
1338711867,radi piva<З,Tverskoy metrotram,10136085.0,1.0
1340383227,tokyoshimura,idiots,0.0,0.0
1340800135,wealoW_W,KMA TEAM,9905624.0,1.0
1344130515,анчоус,Team Mentality,10138138.0,2.0
1344869399,r1kN0y,minion team,9957044.0,1.0
1344975232,Damand,Team Сигмис,9524213.0,3.0
1345322119,Глава инцелбата,GazMyas,10137098.0,2.0
1346556660,Nulina,Nova,10225908.0,1.0
1346863182,H1rreds,Team Seeker,10233104.0,3.0
1348235880,пони,asdasd,10048489.0,0.0
1348358195,AB. Pетя Griфин,AimBot,0.0,3.0
1349899709,Wolffram74,War of Attrition,9926467.0,3.0
1349998060,kurameё,Vamp,8701585.0,1.0
1353072024,kriKKiler,Team Deprimes,9878862.0,2.0
1353597675,mfextra,aura67zxc,0.0,1.0
1354326121,Whenami,avice moment creator,9554234.0,1.0
1354711314,nasheli <,SPORT GAMING,10170565.0,2.0
1358043844,взаимние похвали,взаимние похвали,0.0,1.0
1358155107,After,,0.0,1.0
1358501635,ZirStroy,AnK Actions,9678014.0,3.0
1364910642,gerbin(пацан),Feed end Win,8976858.0,1.0
1366897221,sonce,Maybe next time,9438389.0,1.0
1372204688,баклашки,Eaters of Fear,9878182.0,2.0
1373367499,Kasperss666,s1mptom team,10136333.0,1.0
1373704118,hydra,Solo1488,9309229.0,1.0
1376407597,Luhs,Bespredel,10143796.0,2.0
1377964958, mode:vantuz,Umbrella Corporation,10232350.0,1.0
1379826480,NoNeAkasha,.reapers,0.0,1.0
1380069332,MedoeD,Team SuperNova,10008546.0,1.0
1383030282,qqwedsss,Circus of Freaks,10150666.0,2.0
1383570556,broshka,Team FACE,9785520.0,2.0
1384564269,Loreηzo,Team 52minonsgang,0.0,3.0
1385013277,acceptallcookies,PRIMAL DANCE,0.0,2.0
1385058971,Preasure,TASSAY,10136462.0,2.0
1388575935,fryz1x!!!,Volar Bebe,10144008.0,1.0
1388579716,fxlomena,SeregaPirat,9760967.0,1.0
1389643240,DeusVult,Dreestoon Esports,0.0,2.0
1390363611,noklipp,MDT,10101284.0,2.0
1390452934,numl,Guardians of Hearts,9940267.0,1.0
1391443141,El Cucuy,Weak Warriors,10138047.0,1.0
1392250518,moslovsky,SQUIRTUS.PRO,10144604.0,1.0
1392269684,emba,UAKChempiki,0.0,1.0
1392578233,L_E_G_1_D,SQUIRTUS.PRO,0.0,0.0
1393369839,Ascedant,Ascedants,10101620.0,3.0
1394376892,Четверка,МЪЭЛКИЕ УБЛЮДКИ,10136083.0,2.0
1396888813,Banka,Case Battle Team,9752545.0,1.0
1396906284,p1dagog,Umbrella Corporation,10232350.0,1.0
1398618129,Nanimo,FEED ,10137161.0,1.0
1400835278,BeLkA,Unlucky team,10094745.0,1.0
1400910810,motik,TeaMQ,9949095.0,3.0
1402510425,Hoo Lee Sheet,Shizageddon,10096172.0,1.0
1403046879,695,HentaiEnjoers,9264081.0,1.0
1403790488,phychokid,Sons of Crystallis,10151017.0,3.0
1406887079,Fgab,team oblivion,9872196.0,3.0
1407176077,Clover_OG_GG,UkrainaOG,8793420.0,1.0
1407610304,meowsuke,aegis,9906675.0,1.0
1408583520,akkerm,Team Ramzikk666,0.0,3.0
1408669476,ZoofilyaRektalniy,NoBrain,10136829.0,3.0
1409971279,S0raN00tok0,Yagermeister Esports,10158070.0,1.0
1410102385,shafafit,GG Savely,0.0,2.0
1410254458,ReNtEr,sDP,0.0,3.0
1410623549,kasane ,Team Furry,9705237.0,1.0
1411616893,GeMChIK,Night Vision,10135782.0,1.0
1413229831,akymov.hirakuro,Team Spirit,10243458.0,1.0
1413651417,defoltik,pTushn1kI,10136272.0,2.0
1414657132,Veyngod,Lenova Team,10224216.0,1.0
1414798372,Zhogers,Team Deprimes,9878862.0,2.0
1414980848,Seledka,Sisechki Kristolis Daemon Destroyer CUmmander Apparition,10137240.0,1.0
1415425366,Keks,Team Morphe,9367648.0,2.0
1415603385,TRIAD,Vip Qazaq,9928025.0,3.0
1415737425,moonlight,Sirniki Gaming ,9781788.0,1.0
1416789150,Abyssal,Team Potato,0.0,1.0
1416979622,monty,Team Deviant,10157098.0,1.0
1417878221,DramaQueen,Bespredel,10143796.0,1.0
1418482216,BOROV,Poper Team,9917081.0,0.0
1419142994,tolerance,Night Vision,10135782.0,1.0
1419411568,SantiBepr,Svintus Pro,10101905.0,2.0
1419777023,prime,Snine,10201782.0,1.0
1419941222,desoull,sDP,0.0,1.0
1420034110,HUETA!!!,Khmelnitsky Gazovshiki,9797692.0,1.0
1420454711,ISEEDEADSIGHT,2republic.by,10137319.0,1.0
1420627128,Yukiho,TeamPiskers,10042106.0,1.0
1421542315,731,Apex Titans ,10151451.0,1.0
1422053038,AIcool,Tirana Tigers,9718707.0,1.0
1422574908,Pathetic,Svintus Pro,10101905.0,1.0
1422728921,Chad,Fastiv Spirit,9518040.0,2.0
1422933951,silence,kotoamatcukami,10219582.0,1.0
1423437511,kiryhaperedoz,ГАЙСЫ,10137347.0,1.0
1423864697,APPARATION,ПИПКА CRYSTALLIS'а,10135937.0,2.0
1423932201,exdrt,Team Daxao,10143491.0,3.0
1423957592,fifantik13,Gandja Brozerr,0.0,0.0
1424188400,Samsh,SS.salt,9518363.0,1.0
1424278250,daebalus,Kristalno Chistie,10170227.0,1.0
1424313148,Леший,200X Series,9629074.0,1.0
1424449729,психомевл,venlafaxin,10270905.0,4.0
1424499250,DESTROYER,ПИПКА CRYSTALLIS'а,0.0,3.0
1424632229,kutaec,Vagabond,9878495.0,1.0
1424747616,cheburechek,boys,0.0,1.0
1424769343,G3rtew,TeamLancer,0.0,2.0
1424800643,Vlantony666,TaxiAshot,9929892.0,1.0
1424877443,husuick,eligia,10187158.0,2.0
1424964292,Fiod,Bonjour Team,9894911.0,1.0
1424999975,MUNYUN,Aura eSports,0.0,1.0
1425378181,Retr0,Fastiv Spirit,9518040.0,2.0
1425830043,drama,SaltPower,0.0,2.0
1426003362,夜晚如此美丽,Team MoZGovaya Kogochka,10137623.0,1.0
1426634125,ink,,0.0,1.0
1427022054,MEMO$EME,KOPZINKA.UZ,10026802.0,1.0
1427079300,uglycreepen,tripplesix666gods,9833513.0,1.0
1427442834,wq,Crystallis Supremacy,0.0,3.0
1427499858,adw3nto,TeamWind,0.0,1.0
1428157272,lansty,Cursed Souls,10135660.0,1.0
1428279347,DoBronx,Dota 2 Enjoyers,10135557.0,2.0
1428634456,fydachyo,PIVNUE MONSTRU,10130348.0,1.0
1428921822,Makesmehappy,Team Shattermind,9414358.0,2.0
1429037436,SonneBoy,desepticon team,10137257.0,1.0
1429244440,ИГорЪ,POLYANA,9866048.0,2.0
1429244453,Crow.777,Team Amplify,0.0,1.0
1429485532,DiMoN_chElSi,FizMatiks,10150653.0,3.0
1429494884,Proke,GameАss Party,9724105.0,1.0
1429875555,K_liibri,Weak Warriors,10138047.0,2.0
1429993144,iseedeadpeople,REBZYKI TEAM,10151054.0,1.0
1430260352,TOPSON,Novus,10019848.0,1.0
1430305164,for0stgamp,,0.0,0.0
1430611762,Parashutist,воздушные войска ,10150611.0,3.0
1430873098,Александр Баш,Team Spirt,10138246.0,3.0
1432643359,Hedhot123,Darkveil,0.0,2.0
1433812001,toplivo_fortoxic,,0.0,2.0
1433815477,nemrak,Team Karmens,9467337.0,3.0
1434032443,col_opo,standoff4ek),9838602.0,0.0
1434336430,Defualt,RRTeam,10157430.0,2.0
1435388335,Babyboss,vinnitsko mariupolsko kozatinsko agapovski mizakovski good boys,10136077.0,2.0
1435812700,FREYR,Sons of Crystallis,10151017.0,3.0
1436533673,Forto4ka,Energy Blast,9351891.0,3.0
1439330063,justbuyback,МАНИЯ,10137622.0,1.0
1440852780,Flexeezy,Night Requiem,10108485.0,2.0
1441037958,slavabebrow,67WARRIORS,10138797.0,2.0
1441181984,wills,Team xui,9928462.0,1.0
1441355071,Limekas,SiGMA eSports,10115513.0,3.0
1442414223,shaderaoz,Wild Tsunami,10261719.0,1.0
1443488919,KR0NIX,TEAM STICK,10144801.0,1.0
1443501549,Vortexstyle ,The First Dance ,10144122.0,0.0
1443706600,Romchik,Team MoZGovaya Kogochka,10137623.0,2.0
1443830620,0raner,Anime psychopaths ,10187083.0,1.0
1444671252,Xairo,Nova,10225908.0,1.0
1444951751,devol,Pirimoga Team,10136127.0,2.0
1445056996,Anix,Mopsyarki,9237024.0,2.0
1445497553,TunTunSahur,Team Sixseven,10095241.0,1.0
1446180771,Tilka-Filka,DemonDestroyerCommanderApparitionProtector,10150667.0,0.0
1447162223,danyshpan,BNNB,0.0,2.0
1449039243,jeontawe,Team Wave,9390286.0,1.0
1449060374,Zeng,BABYJONS,10137637.0,3.0
1450312904,d1vinit3yy,Blessed Pigs,10067661.0,1.0
1451793737,COMMANDER,ПИПКА CRYSTALLIS'а,10135937.0,3.0
1453583096,shariket,3A_HAC_CEMEH_OH_C_CAMAPbI_OH_CbIH_MAPKA_TEAM_MOCKBA_54RUS,10170222.0,2.0
1455369307,progota,Cu5 Team,9907940.0,3.0
1455598719,dissmilateq,I Hate Women,9834639.0,1.0
1455632481,Scrye,xVV0N,9980632.0,0.0
1456552307,Wods_112,Shadows Never Sleep,10232272.0,2.0
1456621560,TNR,SOG,9531587.0,1.0
1457071431,ZUZLIK,Team Spirt,10138246.0,2.0
1457433600,ISeeLostSouls,Hinata,9797477.0,1.0
1457627432,Roys,Team Uninvited,0.0,2.0
1457833955,T1murka,TEAM.MURKA,9867555.0,1.0
1457900198,SSillka,Crystallis incest vendettas demon destroyer protector,10151072.0,1.0
1458053722,Meku,Summersad5,0.0,2.0
1458365724,ZiT,Noctua Gang,8857590.0,3.0
1458627052,har404ek,CRYSTALLIS_KAKASHKI,10150888.0,3.0
1458796537,Cuattro_Espada_04,Shadows Never Sleep,10232272.0,2.0
1458936259,Refrain,,0.0,1.0
1458980384,2jick,MAGMA,9753186.0,3.0
1459231097,DISTEPER,DDOS,10158029.0,1.0
1459728079,mild seven,Mango Green Elephants (MGE),10144255.0,2.0
1462381463,donmoong,K0n1TaH H3K14,10144626.0,1.0
1462403482,радиатор,,0.0,2.0
1462684912,322mafia_33mode,paralitik?net,10136214.0,3.0
1462755421,Groshka,четкий район ,10144313.0,1.0
1462806747,Milky_Way,Ferrum teams,10138110.0,2.0
1462892213,Hedhoge,Ara Agency,10136035.0,3.0
1463467216,SKYRIS,Team Amplify,0.0,2.0
1463561231,saintsaens,rakov,9616402.0,1.0
1464806254,Eternity,Team Wave,9698852.0,2.0
1465835245,venalita,natch,10014711.0,2.0
1466309076,zxciluha_pudgeenjoyer,GazMyas,10137098.0,1.0
1466587260,41kat1l0,noMercy,9830191.0,1.0
1466758636,лондон恶魔,,0.0,0.0
1467018667,kotoamatsukami生死,TSM,8260983.0,0.0
1467111176,sh1zod2,PLEmya,10129390.0,1.0
1467140385,Tom4ik,DEBELUTICKS pokolenie,9768117.0,2.0
1467483483,Greekz,Greekz,10225634.0,1.0
1467660937,DAGON,MEGA_Barsiki,10137707.0,2.0
1467695953,EsPot,VOIDREAM,10137057.0,2.0
1467787301,Мастурбист,Double Ellimination,9966325.0,1.0
1468181918,tipagenius,FSB,9155857.0,1.0
1468460821,BrianMogger,Team Orchid,10135965.0,0.0
1468936559,Veyn,SC Team,9906195.0,1.0
1469052853,Raddan ,paralitik?net,10136214.0,1.0
1469362499,mebius,MAGMA,0.0,2.0
1470856845,burmalda,soslo,10135548.0,2.0
1472273658,Arslan vi britania,Поколение чудес RankSSS,10136846.0,1.0
1472853652,TIKER,Minon.gang,10137035.0,2.0
1473030099,ЧЕТЫРЕ,Kristalno Chistie,10170227.0,2.0
1473431835,Jisusik,Team Judik,10136252.0,2.0
1473542973,Crystaless,Kristalno Chistie,10170227.0,1.0
1473579663,kixsteel,basketball legend,10137285.0,2.0
1473893800,Riman,Team SuperNova,10008546.0,4.0
1474094737,Barebux,1Lose Team,10137635.0,1.0
1475550582,orbital18,67tungsahur,10163857.0,1.0
1475572605,korisu,natch,10014711.0,1.0
1475594692,mydachyo,Enfants Riches Déprimés,10241621.0,1.0
1475643522,ficmady,fans team,9996270.0,1.0
1475881069,Maern,,0.0,2.0
1475937243,Mori,KAZAXGAMES.OFF,10088680.0,3.0
1476021356,Majuga,PAKRAMATY,10137272.0,2.0
1476193848,hardstale,Rakuzan,0.0,1.0
1476496325,Ak1ro,AwiTeam,9860564.0,1.0
1476564896,AQUA,INTERistok,10219348.0,2.0
1476828821,Kodoku,Never  win,10158149.0,2.0
1477423254,Kombojimbo,UAKChempiki,0.0,1.0
1477872733,kitagaru,Poper Team,9917081.0,1.0
1477909197,proldef,MutantGaming,0.0,2.0
1478296196,RAKETA,67 squad,10137095.0,1.0
1478327349,Werdles,2Pizza Team,10121900.0,2.0
1478748743,malina,Team Avalanche,0.0,1.0
1479264655,butterfly,SISKI GAMING,9608273.0,1.0
1479435839,Pinkie Pie,ponushnya,0.0,2.0
1479476946,tema,Bobrik Band,10242616.0,3.0
1479960360,nevermind,ParaDoxy,9839042.0,1.0
1480184466,maylos,TeamAkter,0.0,1.0
1480429305,fisur25,DOBRIKBOBRIK,9367195.0,3.0
1480521313,Llinerjke,Team Ouvari,10170298.0,1.0
1480626533,6ike,,0.0,3.0
1481313204,Dan_Y1,22 TEAM,0.0,1.0
1481397131,mIlFrokko1,Team zxceblan,10144822.0,3.0
1481425366,Ant1$上帝,MAYKOP,0.0,2.0
1481448430,PavelDrunov,ponushnya,0.0,1.0
1481544065,Champuvozduh,Chempus triad,0.0,1.0
1481579151,PlixaLend,Cult of Aquatic,0.0,2.0
1482156203,VrBan,TEAM SPIRIT 2.0,0.0,3.0
1482189309,butterfly,Solar system,0.0,1.0
1482192984,fanke,Кристалис,10150843.0,1.0
1482340745,Dauntless,Wings Gaming,10219465.0,1.0
1482903115,r1nstar,MDT,10101284.0,1.0
1483025354,Vintr,dispensary,10082111.0,2.0
1483139064,Midas,333𝙥𝙡𝙖𝙣𝙚𝙩𝙥𝙡𝙖𝙣𝙚𝙩𝙥𝙡𝙖𝙣𝙚𝙩planet,9895517.0,3.0
1483169319, Mishadoter11,Team Skits,10054703.0,1.0
1483209977,kakataki,KristalisBOOM,10150883.0,3.0
1483296406,Zenoxx,Hexed Punks,9729828.0,1.0
1483338165,feltpray,paradise,9823949.0,1.0
1483627589,squzyy19,Eshkerestan,10137755.0,1.0
1483754104,olegpup,BUDKA,10143572.0,2.0
1483775104,chaiulun,BANANASQD,0.0,1.0
1483893602,blessed,anime tarakani killers,10095129.0,3.0
1484055455,Leshi,LeviriaTeam,10095264.0,1.0
1484550997,RainDesh,MlPSQUAD,0.0,1.0
1484897720,ДИСТРОФИК,cryСТАЛЬ,10144320.0,2.0
1485153137,WiJet,Roshan.Pro,9973235.0,1.0
1485154232,kossmiks,Кристалис,10150843.0,3.0
1485169208,vanqy,TEAM OGOROT,0.0,3.0
1485189244,SorryTraXHul,Broodите пацаны,9860221.0,1.0
1485202207,N1KS_Ail,Outcast,9905668.0,1.0
1485379774,Uvazhayemyy,Team Avads,10042113.0,2.0
1485392583,leatra,BUDKA,10143572.0,1.0
1485699633,FERZ,Теория Большого Гейминга,10150822.0,3.0
1485711460,dench,vlasok,10150721.0,1.0
1486061185,pichik,LL Team,0.0,0.0
1486152005,Burmaldatik,suffocaters,10136352.0,1.0
1486271045,sososo,VANGA TEAM,10144101.0,1.0
1486400628,topelex,Geden,0.0,3.0
1486776944,sqwrtx,ПОМИДОРКИ,9532150.0,2.0
1486861617,skripak,Solar system,10135830.0,4.0
1487005483,Wendigo,Поцілуйко Team,6239015.0,1.0
1492849692,delton___,Temryk28,10137055.0,3.0
1501109184,lam0rak,борисовчичи,10144068.0,1.0
1505677507,LOI,Roma Gamers,10157943.0,1.0
1505783632,SaloEater,ASDSADSASASDASADSA,9980977.0,1.0
1506071733,Sweqrd,Rakuzan,0.0,1.0
1506148096,Real1st,REALiTy Squad,10014452.0,1.0
1506336666,zxcБляДота,smurf power,0.0,4.0
1506415292,k3lksi,Milkyway Team,10136267.0,1.0
1506455063,okiridzawa,cockroaches,0.0,0.0
1506500281,shinigami13,Ravage Rangers,0.0,2.0
1506581482,xryze,suffocaters,10136352.0,1.0
1506739232,m.k.v.z,,0.0,1.0
1507070365,webtm,Team Spivom,9927496.0,2.0
1507077365,truearima,AVE BALABOL,9710075.0,1.0
1507302149,misanthrope,Sons of Crystallis,10151017.0,1.0
1507433184,onaretik,TeamWind,0.0,2.0
1507847935,Surge,Solo1488,9309229.0,1.0
1507991388,DMixer,Xset,9965814.0,2.0
1508366134,Mercxry,rti,10142799.0,2.0
1508400788,effume,DF RISING,0.0,3.0
1508660789,Dobrый,KAZAXGAMES.OFF,10088680.0,1.0
1508831287,far,Bonjourt Team (Academy),10241881.0,2.0
1509130026,korby,Team_bigmak,9760210.0,2.0
1509322151,BASS,святая русь ,9018220.0,2.0
1509544158,emo666,Team Spilis,10157461.0,3.0
1510448411,zxcursed,Krasyliv Team,10157357.0,1.0
1510911485,ЭдуардКузнецов,Skotomogilnik,10259443.0,1.0
1511097311,Bambamich,Team Boss,9530886.0,3.0
1511266383,Fcll,DemonDestroyers,10145396.0,1.0
1511302712,yamiru,Digital Vortex,9917066.0,3.0
1511629158,butterfly,TRIPLE 3 SAHUR,10138751.0,1.0
1511665734,p2one,Geden,0.0,1.0
1511688542,萌新,bilibili,9717978.0,2.0
1512128836,evflu,IQnegative,9791515.0,3.0
1512415979,Don1s,SquadBastards.ONYX,10150755.0,3.0
1512477946,amaterasu,,0.0,3.0
1513178146,Яричек67,67 team,10136871.0,1.0
1513285703,remalokkk,flowers team,10136208.0,3.0
1513336696,主任,Wild Tsunami,10261719.0,4.0
1513445913,Akuma,Hamam,10144733.0,1.0
1513491631,swjup,Eaters of Fear,9878182.0,2.0
1513606672,onex,artness Esports,9379871.0,3.0
1513861444,suigetsu,shame,10138134.0,1.0
1514251367,amnezia,Team Pipirka,10271484.0,4.0
1514358816,MAVR,Burger Team,10137718.0,1.0
1514977508,DESTROYER,Crystallis adepts,10144620.0,3.0
1515243228,M1mery,Team Bravery,10135773.0,2.0
1515449653,شبح!شبح!شبح!شبح!شب,Team Spirit,0.0,1.0
1515964338,mode: zer0,SaltPower,0.0,1.0
1516586327,shewty,TeamAkter,10136813.0,1.0
1516694104,fr34,Team zxceblan,10144822.0,1.0
1517088819,Magotik,322Team,10262025.0,2.0
1517296512,pukanadze,,0.0,0.0
1517366939,Makstrong ,Warpath Legion,10157648.0,2.0
1517383879,swin,feed,10101763.0,2.0
1517471562,OGRIZOK0,GANGMID,10191482.0,2.0
1517537565,Морган,FEMBOY FUTA HOUSE,10150546.0,1.0
1517661404,skorohodovila29,ЗАО,10060357.0,2.0
1517863580,Rimans geometry,Burmald1mTeam,10144869.0,1.0
1518454057,prince,SaltPower,0.0,1.0
1518876874,chikinez,BICI GAMING,10232456.0,2.0
1518975438,ishachyo,GOMOSQUAD,10144774.0,2.0
1518984397,Wizard,DF JUNIOR,0.0,1.0
1519555895,MRBEBES,Team Karmens,9467337.0,1.0
1519854046,барбос,TeamBurunov,0.0,1.0
1520545442,Dominator,Faceless Team,10081504.0,2.0
1520620205,nepatlatiiyy,BigMansAfterNightSex,9705334.0,2.0
1520719019,PettingBot,petting team,9783314.0,1.0
1520753113,EmoEmoKid,Team Spirit,9965389.0,1.0
1520884607,URETRA,Danke für den Blowjob,9475836.0,1.0
1521049671,santodoto,Kiseki no Sedai,10061434.0,1.0
1521102373,QiTumka,TEAM.MURKA,9867555.0,2.0
1521149029,JDM,Mopsyan Squad,10136300.0,1.0
1521162906,Zyooma,Night Vision,10135782.0,2.0
1521363482,паtовая,taganrog,10152106.0,1.0
1521444373,H0terru,Obosrallis,10150627.0,1.0
1522158663,lyingtomyself,Мантой Пацан,10224811.0,1.0
1522301253,Dkiddd,GLADOVKA TEAM,0.0,1.0
1522557584,bakelite,skidroW,0.0,1.0
1522607981,vartan,MAGMA,0.0,2.0
1522660979,klop,МЪЭЛКИЕ УБЛЮДКИ,10136083.0,3.0
1522683679,immortalblvde,immortalegion,9564530.0,1.0
1523059534,butterfly,Team Deprimes,9878862.0,1.0
1523196791,lavire,L1SY4TK1,10149535.0,2.0
1523357372,Tattered,.reapers,0.0,1.0
1523378995,IPSAR,Victoria et Cetera,0.0,1.0
1523459501,Planeta,Bonjour Team,9894911.0,1.0
1523775332,Rqflw,ECLIPCE,10150496.0,1.0
1523962506,codeintears,vesenee obostrenie,0.0,1.0
1524434635,Сірожька,POLYANA,9866048.0,1.0
1524878777,12,67 WW ZAVOZIK LL,10135886.0,3.0
1525252750,sinhard,DIMA KASKAD,10116055.0,1.0
1525323854,f1ld,Harmony,0.0,1.0
1525346567,sayvow,Aegis Aurora,9895817.0,1.0
1525445844,Egoist,BlueMoon,9539567.0,1.0
1525511337,Kakukich,QRKabans,10145345.0,1.0
1525761481,HaReD,Krasnoyarskie,10143752.0,1.0
1525931073,Zima,четкий район ,10144313.0,1.0
1526111408,beauty peace,URAL,9879871.0,1.0
1526156854,SnakeHawk,98squad,9383049.0,1.0
1526189890,fetter,Team Warta,0.0,1.0
1526330581,Chapman,chap team,9547471.0,1.0
1526337608,Dandy,Pig squad,9439049.0,1.0
1526494367,saranhhae,DemonDestroyers,10145396.0,2.0
1526499452,B1aDT_Y,Team_bigmak,9760210.0,3.0
1527098150,Unst0ppab1ee,Dregochilo,0.0,3.0
1527120054,Exen`,Team Skits,10054703.0,1.0
1527164618,Defik,bez luzov squad,10144889.0,2.0
1527226145,Макарон,2Pizza Team,10121900.0,3.0
1527303102,suuuyyyyy!!!,BEZMAM ESPORTS,9450030.0,3.0
1527651309,VoVcHiCk,burger,10026727.0,1.0
1527715278,lindt,Pony Gang Team,10224785.0,1.0
1528083886,AnonDel,Пенисологи,0.0,3.0
1528139053,berest,TeamRus',9834538.0,1.0
1528235821,zoombum,MAGMA,0.0,2.0
1528308125,ar9entum,argentum,9556161.0,1.0
1528593255,_MeLfunia_,Шлакоблокі Угорнки,10137795.0,1.0
1528713814,vadoko,daedalus,10128426.0,2.0
1528835732,d1mabr0,100-7 зитракс мод гули не спят,10061056.0,1.0
1528946169,W.LL.W,CGS_МОНСТРЫ,0.0,1.0
1529113845,Yakolly,Hot In Spirit,9174576.0,1.0
1529327639,revers1ze8,Б@БУW]{@_YM1R@ET,10138217.0,3.0
1529456314,qCold Visions,Team Burger,10164076.0,1.0
1529496218,trans,TEAM benzo gang,10242372.0,2.0
1529736813,yacuber,Team Metamorphosis,9996109.0,3.0
1530431078,mantia,easily,10170821.0,1.0
1530533180,Anvу,Team Uninvited,0.0,1.0
1530548937,Bolaste,piggy67,10136117.0,1.0
1530563395,no hope,DF YOUTH,0.0,4.0
1531212311,Agentov,REALiTy Squad,0.0,2.0
1531438078,Mufy,tim squirit,10135774.0,3.0
1531631818,tghyrf,TEAM.MURKA,9867555.0,1.0
1531868151,FREAKID,WORLD BARBIE,9866912.0,1.0
1532403547,OT4E EBAKA,KrystallisN1,0.0,2.0
1533350790,Themmiss,Krasnoyarskie,10143752.0,2.0
1534341673,sirli0nka,crystallis,10157867.0,1.0
1534399935,P0n41K,333𝙥𝙡𝙖𝙣𝙚𝙩𝙥𝙡𝙖𝙣𝙚𝙩𝙥𝙡𝙖𝙣𝙚𝙩planet,9895517.0,2.0
1534799254,ЯНГ ЮТОРАКС,Степан. Пантера,9906894.0,1.0
1535173049,Stas1pyaka,Поцілуйко Team,6239015.0,3.0
1535332972,Crazysh0t,Suddenly,9877374.0,1.0
1535760582,батон хлеба,DlyaDruzey,10135663.0,1.0
1535875810,Kypcak,Mad Owls,9103721.0,1.0
1535949950,interstate,perfect world,9640439.0,1.0
1536027244,CHEN,GORE GLADIATORS,10170280.0,1.0
1536230081,414,0 win 0 girls 7 HQD,9636152.0,1.0
1536361231,юрчик,balabob_team,9710595.0,2.0
1536490261,leakyboss,vlasok,10150721.0,0.0
1536535013,kabuu,Mopsyan Squad,10136300.0,2.0
1536661529,Devotion★✨✭✭赴渊✭,MCNDGA,10150340.0,2.0
1536694679,TN,nameless,10170722.0,1.0
1537271610,ɴᴏ_ɪᴠᴀɴᴏᴠɪᴋ,The Fox Maids ,9947671.0,0.0
1537609447,who is this,AVE BALABOL,9710075.0,1.0
1537852578,DTFrostiGOD,team destroyer,9571718.0,1.0
1538324436,lolpok,POKOLENIE 4UDES,9621771.0,1.0
1538436194,kaban,Team SuperNova,10008546.0,2.0
1538593167,Haniel,Team SixSeven,10136800.0,2.0
1539501562,eiytwo,Matrix,9938417.0,1.0
1539832557,Akiha,SaltPower,0.0,1.0
1540015888,Sepsik78,Smurfiki78,9834082.0,1.0
1540405346,QWE,DEAD DYNASTY,9571180.0,0.0
1540597815,utena,natch,10014711.0,1.0
1540711730,hassy,Port Soyuz Lerius,9572197.0,1.0
1541387344,Shlepa,Team SixSeven,10136800.0,3.0
1541423921,chad,SKATMAN TEAM,10157951.0,1.0
1542405630,you_fauspatron,Chervi Team,9832921.0,2.0
1543227558,vb50520,Team Nyx,0.0,1.0
1543797026,DiGenerAt1,SSSAG322,10137176.0,3.0
1543840191,tolstiy,PecikTEAM,10137677.0,3.0
1544311702,acqdo,LGD.Forever Dream,9455196.0,1.0
1544850674,Diorea,,0.0,1.0
1545334291,Vexxyy,Minon.gang,10137035.0,1.0
1545350742,ritsu嗓音,Emo fluttershy team,9819938.0,1.0
1546533044,67,67 squad,10137095.0,1.0
1547357518,Hgiup,Double Ellimination,9966325.0,2.0
1547377254,jaded,fence,10136026.0,2.0
1547608635,Kristall,67tungsahur,10163857.0,2.0
1547969417,Tasumo帝,NamingGlaze,9634651.0,1.0
1548051114,kirilllamtg,Team Boss,9530886.0,2.0
1548053400,ARMIN,ROYAL,9125607.0,1.0
1548114641,wermz,ЖирSpirit,9866305.0,2.0
1548243019,jeff hardy,ПАХАНЫ,10047955.0,1.0
1548529454,ksellent,KristalisBOOM,10150883.0,1.0
1548543699,louwin,SquadBastards.ONYX,10150755.0,1.0
1548559143,Moriarty,Double Ellimination,0.0,1.0
1548601516,coast,Claw,9781780.0,1.0
1548884550,Xentaev,FirstBlood,0.0,2.0
1549009563,sponsor,67 WW ZAVOZIK LL,10135886.0,0.0
1549668336,h0hlyk,Vyblyatki Team,10234376.0,1.0
1549750564,Diego,Roshan.Pro,0.0,2.0
1549978900,kovaru,Fantasmagoria,0.0,1.0
1550081000,Bolik,PCCC,9905616.0,1.0
1550661930,treyz,XXX,9995726.0,2.0
1550669565,teatea,teatea team,10201579.0,1.0
1551143022,qwrz,aura67zxc,10150654.0,1.0
1551298926,глебас,burmal Team,0.0,1.0
1551423811,franc,Team sakyra,0.0,1.0
1551525166,MoleonIT,Warpath Legion,0.0,2.0
1551713776,K1te_Ket,ПЯТКИ,10224969.0,2.0
1551825058,анука,Team Tempest,0.0,1.0
1551980175,NиKaKiX,Cult of Aquatic,0.0,2.0
1552040976,кинг даркнета ,Pig squad,9439049.0,1.0
1552106318,prosha999,shebere kebere,10136836.0,1.0
1552234135,Arpaf2331,Guardians of Hearts,9940267.0,1.0
1552435498,luksi,HYENYSHKA,10136193.0,2.0
1553362234,bush,new society,10150557.0,1.0
1553440870,3pomela,TEAM OGOROT,0.0,3.0
1553897872,Nazikgod,Team MEREPHANKA,10138189.0,1.0
1553910502,Ev1ri,Snake Team,0.0,1.0
1553997543,kawailock,Babachai Team,9964994.0,3.0
1555640322,LUCERYS VELARYON,BEAST SHAOLIN,8556423.0,1.0
1556596458,muhyta'~',,0.0,0.0
1557268823,KiloJoules,TeamSpirt,10164353.0,2.0
1558173047,muptily,Team Negative,10212230.0,3.0
1558542004,masqy,Team Tempest,0.0,1.0
1559180864,laeks,Groznye,10261901.0,1.0
1560163382,Tora,Bibinto Squad,0.0,2.0
1560247013,sandgrif,Team Orchid,10135965.0,3.0
1560266126,toha67,67tungsahur,10163857.0,3.0
1560314701,Terroriza,Headache,10170687.0,1.0
1560350253,babaduk,Krasyliv Team,10157357.0,2.0
1560431188,m.angelito,Kachudo'sTeam,10136480.0,3.0
1560548819,junnosuke,RedBull Academy,9844586.0,1.0
1561276001,yohji,Femboy Futa House,10138276.0,1.0
1561450192,kyyy,UDM MireS,10207499.0,3.0
1561463851,fuxx,KLТ,0.0,1.0
1561492883,ShioriShita,Team FACE,9785520.0,1.0
1561520031,eeq,Team MNP,9492698.0,1.0
1562054546,hoorma_,balabob_team,9710595.0,1.0
1562151781,olivye,Crazy_Boys,10261956.0,1.0
1562159803,none,creepwave,10213803.0,3.0
1562346110,Gabbi,MKJN,9752116.0,3.0
1562674157,KrytikGamer,SKADI Team,10219038.0,1.0
1562912480,kumisso,SquadBastards.ONYX,10150755.0,2.0
1563397984,3/13,RKN eSports,10170828.0,2.0
1563551273,kokori,Team Essence,10242214.0,1.0
1563844601,Jacob Jones,WUMPUS TEAM,10137647.0,0.0
1563902096,SeiGoShi,Saigo,10232876.0,1.0
1564216601,Neksad,Temryk28,10137055.0,1.0
1564339483,chakram,Emo fluttershy team,0.0,1.0
1564433036,chervyachok,Feeders Anonymous,9471706.0,2.0
1564584727,h0spe,Team Grebenn,9773328.0,2.0
1564652101,Negative,Team Negative,10212230.0,3.0
1564894957,moneleta,Temryk28,10137055.0,2.0
1565733699,333,ANARCHIA TEAM,9665149.0,2.0
1565944826,Fujiyama ,Team Wave,0.0,3.0
1566150289,^floersec^,TEAM DEMONICK,0.0,2.0
1566256887, МегаЛадони,МегаЛадони,10137956.0,2.0
1566944820,Sadness,SOPRANO,10138196.0,0.0
1566945827,zubeek,,0.0,1.0
1567167278,Mozhzh,BadaBum Team,10158089.0,4.0
1567241706,Psi-bladers,Team Shpirit,10150756.0,1.0
1567291008,Proghoul,,0.0,2.0
1567292421,LiO,depressıve days,9402034.0,1.0
1567790541,mcBOSS,MercySqd,10138337.0,3.0
1567925030,akayo,The Mighty Midas,0.0,1.0
1568246262,yowe666,pokoleniychudes666,0.0,0.0
1568453398,grusolo,SSSAG322,0.0,4.0
1568508420,Rarity,ponushnya,0.0,3.0
1568638990,G()G,П0ДПИВАСЫ,9744697.0,2.0
1568759417,LIONARI,SQUIRTUS.PRO,0.0,1.0
1569024453,Сuri0si_ty,BROODSKIE TEAM,10136319.0,2.0
1569239709,Darklight,Reverse Card,0.0,2.0
1569369948,double rr,Team Bella,9885572.0,1.0
1569553146,Molly,Team Metamorphosis,9996109.0,2.0
1569815080,dyadyamyaso,,0.0,0.0
1570077235,emo,Pirimoga Team,10136127.0,1.0
1570226931,sfy-,Digital Vortex,9917066.0,0.0
1570490597,SFANTIKS,1Lose Team,10137635.0,2.0
1570987362,w9nderer,tim squirit,10135774.0,1.0
1572203580,Roma Kvadrobika,Cool5Foxes,9774652.0,1.0
1572898604,evil_jopa,Team Brainrot,10138111.0,2.0
1573752329,Filin,SSSAG322,0.0,0.0
1573825588,a milli,Bukovyna Esports,9948161.0,1.0
1574253318,1337,DC gaming,10108691.0,3.0
1575542206,Rush,Warpath,10136167.0,3.0
1575606625,Def1t,Team VIMP,10060876.0,2.0
1575873097,admentai,Forever,9664351.0,1.0
1575921062,overm1nd,LL Team,0.0,1.0
1576319900,ЖУЖЖА)),Team Vultures,10136977.0,2.0
1576883645,Narzan,ICE team,10136874.0,0.0
1577519154,alison,Учиха Фемели,10137262.0,1.0
1578312151,daisuke,Ninja Team,10136341.0,2.0
1579084075,sunset 神保 伸太郎 ,Lejos de Ti,10212869.0,1.0
1579446306,sne1dex,GuArDiAn FiVe +_=,9578717.0,1.0
1580916581,onl1feed,Cu5 Team,9907940.0,1.0
1581005812,yasmihka,Eclipse Reapers,9861062.0,2.0
1581470517,Kameto,Dorime,9805710.0,1.0
1581817584,yuwakusha,SaltPower,0.0,2.0
1582238670,limon899,Minon.gang,10137035.0,1.0
1582772483,V0rtex-|,Team Eclipse,0.0,3.0
1582784454,ZerOgoTik,Sons of Crystallis,10151017.0,2.0
1583124624,warn_x,cockriders,9536931.0,2.0
1583300284,Pivasick1d,ShIshUli.ForeverYoung,10271000.0,0.0
1583568322,DRYN,BuybackBoys,0.0,2.0
1583788681,seijomaru,anonsport,9965656.0,1.0
1584128348,TRAMVAIII,BuybackBoys,10151036.0,2.0
1585971797,P0coYo,Team Boss,9530886.0,1.0
1586004421,Seno,Team Sixseven,10095241.0,2.0
1586203456,SOCIETY,DANCEN,10102186.0,1.0
1586355174,TERATER,SaltPower,0.0,3.0
1586707327,d63d,DarkAura,10108836.0,3.0
1586756967,abs,PlayGame,9607908.0,2.0
1587074031,kaduk,b00bs,9579602.0,1.0
1587339755,fffudo,Demon Destroyer Commander Apparition Protector Boobs,0.0,2.0
1587484325,Nox,Golden Cavaliers,10136929.0,1.0
1587630630,svtrghls,Team Necessary,0.0,2.0
1587858454,legendチ,dotAsisyani,10108874.0,3.0
1588421088,Zenix,Cheburek TEAM,10137541.0,1.0
1588992860,ieqkdsgasad,МБОУ ЛИЦЕЙ №8,9635374.0,1.0
1589519924,Argetik,Night bulls,10150786.0,2.0
1589567422,Akashi Seijuro,Teikō,9807593.0,2.0
1589617075,VESMOOL,Burmald Team,10137076.0,2.0
1589648430,azeryss,Team NIGHTVEIL,10226115.0,1.0
1589916023,wazzadu,KAZAXGAMES.OFF,10088680.0,1.0
1590093216,SERGEY,LEGENDI,9956486.0,1.0
1590258304,big_ban,Team Eclipse,0.0,2.0
1590324004,ArT1K,ggOutside,10137109.0,1.0
1591167216,!FurZ!,КИМЛОРОД,9905837.0,2.0
1591260786,windwaker1111 ,Team Denis,10136108.0,3.0
1591358803,sly3r,TEAM GH,10137184.0,3.0
1591425520,gimbolxz,TEAM TOSXO,10170371.0,1.0
1591441041,roprop,Пенисологи,9835081.0,2.0
1591463830,Aomine Daiki,Solo1488,9309229.0,1.0
1591802454,flow exstance,Team Z,0.0,1.0
1591936795,EZKS,Bugoyatnik,10075493.0,3.0
1592208181,ванёк блек пинк,grossgaymeisters,9958010.0,1.0
1592680181,trainee68,67tungsahur,10163857.0,2.0
1592684682,sairus,Team Bulba,10144150.0,1.0
1593261737,bog3,pari tim,10055258.0,1.0
1593286486,BRILLIANT,DODIKI,10136453.0,3.0
1593350959,пахан суеты,Team Spirt,10138246.0,2.0
1593706149,shinra,67 VSEM SVOIM,10163699.0,1.0
1593729456,XL1ght,Wild Tsunami,10261719.0,1.0
1593753301,l1mbo,Crystallis Prime,10143760.0,2.0
1593802294,NightTokyo,Team Spirit,9774857.0,1.0
1594005261,blohastik,whynotoga+4,10144138.0,1.0
1594361018,PavelToly,GG Savely,0.0,2.0
1594712026,TalenT,TEAM MOPS ,10182879.0,1.0
1595482268,tgk小窺視,viva la,10136374.0,1.0
1595565547,timoha drun,67 squad,10137095.0,1.0
1596024855,???h4vnt3D,djvkontakt3,9657662.0,1.0
1596199277,Badgoose,Krasnoyarskie,10143752.0,1.0
1596301812,asphyxiaaa,Team Mentality,10138138.0,1.0
1596319409,R1mty,dota.dll,9798542.0,1.0
1596523624,ZentiX,Arbuz Team,9622235.0,2.0
1596532489,Kwepus,TEAM.MURKA,9867555.0,3.0
1596710580,GobGob,Ribka,10177706.0,1.0
1596763371,Silence Suzuka,GazMyas,10137098.0,1.0
1596914913,3goth2022,Nexus Revenants,9776722.0,1.0
1596948993,keja,,0.0,1.0
1597347567,Enjoy,MOPSYRAPRIME,10137981.0,2.0
1597396240,malindacorrales,Irkutsk Masters,0.0,0.0
1597412697,Бурмелдунь,potroshki_gaming,10212355.0,3.0
1597744198,gulyash,67tungsahur,10163857.0,1.0
1597861731,Tomioka,Chaika,9343665.0,1.0
1597990095,$ek$i$t,Ferrum teams,10138110.0,2.0
1598264401,asstro,KUPITMAN TEAM,9896075.0,2.0
1598505868,Fenrir,OP,9690567.0,2.0
1598638808,ripsom,Svinini,9865974.0,2.0
1599013317,hak1ves,BUANG,9833567.0,1.0
1599862840,Manta Style,AITeams,10232574.0,1.0
1600007774,Dekty,Team Nakurilis,10136414.0,1.0
1600218232,Temible Cuajinais,Team Cinco Midas,9790017.0,2.0
1600941397,perdak,piggy67,10136117.0,2.0
1601153314,canosam,67 VSEM SVOIM,10163699.0,1.0
1601332178,Glupi,chap team,9547471.0,2.0
1602056342,Dendragon,We are here,0.0,1.0
1602345963,vplemez,klavishi,10143885.0,1.0
1602436385,glyphich,balyzekteam,10136869.0,3.0
1603009614,stradie,CogIto,10137792.0,0.0
1603358136,sentry,idiots,10163618.0,0.0
1603369053,f1vvi,П0ДПИВАСЫ,9744697.0,1.0
1604439942,Kira,Bonjourt Team (Academy),10241881.0,1.0
1604875321,ZubraBubra,Team Fimoz,10157921.0,2.0
1605857780,WWs,Absolutism,9824523.0,1.0
1606394873,PAPA GUS,GazMyas,10137098.0,2.0
1606899856,vsyrf,SQUIRTUS.PRO,10144604.0,1.0
1606962836,daberma,Cyber Squad,10136635.0,3.0
1607385051,scholamotorolla,TEAM GH,10137184.0,1.0
1607555537,Khorimi,Team BullMeny,9676866.0,2.0
1607625316,Senox,МЪЭЛКИЕ УБЛЮДКИ,10136083.0,1.0
1607783266,GyGy,THE_MAKSIM_KYXAR_PRO,10144863.0,1.0
1608636352,Lond1ez,Team Zhir1t,10033925.0,2.0
1608746759,XVII,PTYhniki Team,9741476.0,2.0
1608843584,larkeennn_1,Victoria et Cetera,10138043.0,1.0
1609008485, pleasant,Team Wave,9698852.0,3.0
1609265982,Milky Way,moonlight,10150387.0,1.0
1609323445,k1rq,Team Spirt,9878394.0,1.0
1609697927,edm <3,Task Force Zero,8970615.0,1.0
1609940981,Redagon,BABYJONS,10137637.0,2.0
1610065350,zaurdzhon,zauritos.banditos,10137824.0,1.0
1611195119,Saigetsu,HydroFire Gaming,10137658.0,1.0
1611799720,flou,Team REVERSE,10250872.0,2.0
1612045683,quokkee堕落天使,洛山高校 Rakuzan Kōkō,9455472.0,1.0
1612423645,Giotto di Dndone⁶⁷,divine,10136765.0,2.0
1614455970,AkunaMatata,KOTAKBASTARS,10136934.0,3.0
1614974804,mango mentality,,0.0,3.0
1615557126, kitsūne-,iG.Vitality,2640025.0,0.0
1615987992,Kleopatra Ankhesenamon,,0.0,0.0
1616851055,Case7r,Pantera Team,10243384.0,1.0
1617127094,IMBOSSIK/PRIME,Team Spirt,10138246.0,1.0
1618572658,TrYIIIHNI FeMBoy,Team feed,10033423.0,1.0
1618964851,Mateo,ЧЕКУШКА МАФИЯ,10163631.0,1.0
1619565901,andrey,Violence Team,10261826.0,2.0
1620208889,Dance,DANCEN,10102186.0,2.0
1620561393,REDSDAGON,NEWMETA,9530447.0,1.0
1621594887,Xonic,OP,9690567.0,1.0
1621888881,mode: dima bashargin abuser,Team Spilis,10157461.0,1.0
1622027926,keribb,LATYAOTEAM,9938095.0,1.0
1622132207,Hola,flowers team,0.0,1.0
1622646348,ERA,ABSOLUTE TEAM,9782011.0,1.0
1626532619,Dorami,Brewmaster's Children,9819723.0,1.0
1626954538,charm1337,TWITCH.TV/FIRSTPICKTINKER,9330598.0,1.0
1628238307,Свагаер,SWAG,9814304.0,1.0
1630126286,estakad`,Team Rigidity,9587851.0,1.0
1631875234,a7per-,VegetableAWS,9698072.0,2.0
1636565226,PSIX,solo4,10081408.0,2.0
1637157208,Farin,Crystallis Centaur Controller,10170188.0,1.0
1638022022,M1st,FREAKS TEAM,10115886.0,1.0
1638057998,jerkal,МЪЭЛКИЕ УБЛЮДКИ,0.0,2.0
1638883045,M1styx,FREAKS TEAM,10115886.0,1.0
1642652257,xxinxii,SaltPower,0.0,2.0
1648649085,kek227,TEAM SVYAT,9717388.0,1.0
1649521038,asqwrt,Team Puzo,10136285.0,2.0
1649710976,mrazil'da,NICE TRY DUDE,9792381.0,3.0
1649984824,antilopa,BroodMafia,10136877.0,0.0
1650331212,ZXC_LEVIK67,МегаЛадони,10137956.0,1.0
1650402507,Marakuya,ICE team,10136874.0,1.0
1650406132,Arleans,Люксембургия,9759069.0,1.0
1653056383,SageFlare,Team BKG,9849799.0,2.0
1657135701,nesfeer,One Move,8376696.0,0.0
1658463290,KeaN,DF YOUTH,9956150.0,1.0
1658755339,ynox,PLEmya,0.0,2.0
1658918167,wannasleep,GG Savely,0.0,1.0
1660164675,Vakula,Team Spivom,0.0,3.0
1664627429,Anders0n,GG Savely,0.0,1.0
1665295709,Miki,NoPhaseBoots,10170961.0,1.0
1665305729,moli,TEAM YAOBIE,10014558.0,2.0
1665342237,GlockGlockGlockGlock,easily,10170821.0,3.0
1665417920,Tipi,TeamBurunov,0.0,2.0
1665710987,Dan4ezz,Orbital Squad,10136065.0,1.0
1666986788,Артас,ABSOLUTE TEAM,9782011.0,2.0
1667255494,ypeTpa,KOPZINKA.UZ,0.0,0.0
1669216095,zavtra,Groznye,10261901.0,2.0
1669637536,Aokigahara,agerra,9981241.0,3.0
1670196152,xanax,SaltPower,0.0,1.0
1672944431,rewasd,divine,10136765.0,3.0
1673100939,haunskill,Team 52minonsgang,0.0,0.0
1673208568,LiderSHARKs,ICE team,10136874.0,3.0
1673254492,hoyp,воздушные войска ,10150611.0,2.0
1673586483,wonderkid,París Saint-Germain,0.0,1.0
1673596417,PSIX,,10138773.0,0.0
1673647144,АКСАНКА РУИНА,Sons of Anarchy,9317020.0,0.0
1673651893,akkary,KUPITMAN TEAM,9896075.0,2.0
1673706617,Kaidan,Akatsuki,0.0,1.0
1673844832,Icarus | 神,Egoists,9657657.0,1.0
1673852514,Monday_Woshka,Virtus.pro.Academy,10116530.0,1.0
1673963747,FRANCEV,Team PJL,0.0,1.0
1673971382,Yatoro,DGTeam,9530533.0,1.0
1674048674,魂katori~,Team Pancakes,9766681.0,2.0
1674096889,Sub0_,98squad,9383049.0,2.0
1674121893,pyro,,0.0,3.0
1674140252,Shioraki,ACOUSTIC DOTA CLUB,8813826.0,2.0
1674178901,virlowu,Appeal Dynasty,0.0,1.0
1674235598,Yuki死神,Elysium Knights,9850538.0,1.0
1674258729,Réw1nd,Team Essence,9499402.0,2.0
1674276299,Sdrugo1planety,,,
1674297460,ssmik1,DEMURE TEAM,0.0,1.0
1674366952,fr1zy,Team Burst,9657682.0,1.0
1674372683,undertaper,HappyMeal,9330425.0,1.0
1674478447,w4lch,Shadows of Victory,0.0,1.0
1674486174,najoy,IGNITE,10144722.0,1.0
1674513083,mantadodge,Team Dagger,9454742.0,1.0
1674524190,larbytela,besmil9h,10019861.0,3.0
1674564555,innocencedq,KisekinoSedai,0.0,1.0
1674581159,whydantezzcry,98squad,9383049.0,1.0
1674600814,Shailer,The Simurgh,0.0,0.0
1674631378,манта пацан,smurf power,10242456.0,2.0
1674692457,зидан,amar,10074863.0,1.0
1674694462,Monkela,Team Spirit,9373275.0,1.0
1674699151,Hatimaaan,Burmalda Team,10136564.0,3.0
1674702361,noreess,rakov,9616402.0,1.0
1674716395,unaykee,#RADI'NEЁ,10102202.0,1.0
1674725134,dc.愛02,EbbIri,9359175.0,1.0
1674739662,悲伤грусть́,Nazvanie,8372259.0,1.0
1674757272,Morbid,5Prisoners Junior,0.0,1.0
1674781918,Limitliness,Very Very Slightly Included,10122188.0,1.0
1674785622,tv/tslayerjkee,gomo,0.0,0.0
1674787760,distortion`,YungBoys_Haters,8578808.0,1.0
1674891374,ars1k,Let's Kiss Junior,0.0,1.0
1674956016,FalseLambe,Night`s Edge,10138253.0,1.0
1674990935,Ulquiorra,DF JUNIOR,9823905.0,1.0
1675023838,sseosse,Total Control,10157915.0,3.0
1675128849,reventón,Papaya Team,10186531.0,3.0
1675173184,1/random,,0.0,0.0
1675320614,Gothic-,PuckChamp,10164236.0,2.0
1675363247,Tashyk,ХУЕБЕС,10055256.0,2.0
1675407186,KCHAU,TEAM HERALD,0.0,0.0
1675411869,mithridatism,КРИСТАЛИС.RU,10150631.0,2.0
1675440855,oiyoi,11212,9482653.0,1.0
1675444777,Tōji影,DF YOUTH,0.0,1.0
1675501355,wiwkey.yoshi,Team Prodigy,0.0,2.0
1675517497,Ankou ♡,Rune Eaters,0.0,3.0
1675527751,onexnine,Homra,0.0,1.0
1675551084,blessed,fear of gods,9808498.0,1.0
1675612673,nosoul^^,Team Deprimes,9878862.0,1.0
1675675311,Ikigai鷹,IHC,9005019.0,0.0
1675675839,Слюнявчик,,0.0,0.0
1675898897,asdekor_r,Team Jazz,0.0,2.0
1675938999,MB73,Aquarius,9586313.0,2.0
1676017584,9ble,Team Eightfold,9375042.0,1.0
1676181444,Miracle-,Krasyliv Team,10157357.0,3.0
1676215765,Denzer,ShIShUlI,10108233.0,2.0
1676649798,Nezzik,Aura eSports,0.0,1.0
1677491684,psychopathy,Team Deprimes,9878862.0,1.0
1677688587,ivanov,DEAD DYNASTY,9571180.0,1.0
1678795557,6teengirls,roflanebalo,10176464.0,2.0
1678822286,aloxa69,Murda Teams,9723954.0,1.0
1678986235,masha_sex,vlasok,10150721.0,0.0
1679158463,Gluedsmile,Team MUSHROOMS,0.0,2.0
1680404673,benzo,Dom Torgovli,9456703.0,1.0
1680518150,gosha,new talent,0.0,3.0
1681563727,Meow,Heavenly Restricted,10144408.0,1.0
1681838939,prostofilya666,shebere kebere,10136836.0,2.0
1682179459,sematary,Yellow Submarine,0.0,2.0
1682193323,pulsid,pOZnOVatel Team,10013330.0,2.0
1682194761,SmartSchoolBoy9,DAEDALUS(CRYSTALIS PRIME),0.0,2.0
1682270548,Potrox1225,SOPRANO,10138196.0,1.0
1682355412,ZXCCHLEN,Навальный.Team,0.0,1.0
1682875054,gpk mentality,Celьcki3DетиVdepr£ssии,0.0,1.0
1683157343,GuluD,Warpath Legion,0.0,1.0
1683204828,Nery,MONGRELINI,0.0,3.0
1683344159,Juzaai,TeamSpirt,10164353.0,1.0
1683367124,Reifū,Vorpal Swordz,9705734.0,1.0
1683381185,King midle,profi one,10137543.0,1.0
1684242924,karinegod,Never Back Down,0.0,1.0
1684712685,valde,Korkino Lions,8419968.0,1.0
1685143127,yndime,GG Savely,0.0,2.0
1685161486,демон666,Team Pivo,10136956.0,3.0
1685670933,abdullin Ilfat 6767,kazan x botisk x moskow x krivoy rok x st.peterburg,10137372.0,1.0
1687731050,plat1na,Team Verpus,9907937.0,2.0
1688602717,Trafalgar,ICE team,10136874.0,1.0
1688907032,冷雨,VodolaZZZ TEAM,10137390.0,0.0
1689978622,faputa46,grossgaymeisters,9958010.0,2.0
1690624451,Danial,Rectify,8538804.0,0.0
1690650066,qruq,Aegis Aurora,9895817.0,2.0
1691186439,petvas,Cu5 Team,9907940.0,3.0
1691654162,vanta,silent agreement,10207859.0,2.0
1692104175,ttv/Dota1Veteran2008,Avocados From Mexico,0.0,2.0
1692483803,P-SUNE,UzbekTeam,10034229.0,1.0
1692582239,Kane,Emergency Gaming,9395151.0,1.0
1693382517,aftereffects,dispensary,10082111.0,3.0
1693437458,miv1nko,Shajka mig-tyans,10136069.0,1.0
1694261634,▐▐▐,Honkai: Star Rail,9388447.0,3.0
1694582449,onpulse,Team Metamorphosis,9996109.0,2.0
1695464208,misantropia,paradise,9823949.0,3.0
1695641570,san slesar,team broods,10135999.0,0.0
1696296441,vnrd,Team Spirit,10108982.0,1.0
1697483904,idgaf,TeamWind,0.0,3.0
1697622668,Eternity,Sky Forge,9866162.0,3.0
1698728168,9_LeRoy,Road To The Stars,9401704.0,2.0
1698959778,RbIGACH32,Team Serpens,9971859.0,3.0
1699121379,JokerKaiaBladb,Team Devil Truth,10143801.0,3.0
1699476333,cheerfulfacekid,Team Wave,0.0,3.0
1699535944,Chris Luck,ANVORGUESA,0.0,1.0
1700335914,yandme,Averiour,10144048.0,3.0
1700643635,bibki666,CREATECUMSIMULATOR,10014436.0,0.0
1700793844,йа,feed,10101763.0,1.0
1700868040,Vasco da Gama,Orbital Squad,10136065.0,2.0
1700886969,meatballs,Chuhman',10137610.0,2.0
1701980713,RIZZIX,ASS  Aura Team,10170465.0,1.0
1702636310,h0kada,Sky,0.0,0.0
1702835716,SuperNova-,Roshan.Pro,9973235.0,1.0
1704304701,Hollywood13th,TeamLancer,0.0,2.0
1706882351,N0tmoRRe,Team Seeker,10233104.0,1.0
1707027881,thorf1inqq,,,
1707749868,Fi3ryy,Eclipse Reapers,9861062.0,1.0
1708202446,Zx,Wolf Warriors †,9635484.0,2.0
1708557456,fire,Night bulls,10150786.0,1.0
1708570401,mopsyn,Zajigalka team,10232373.0,0.0
1709823914,x1ero,1stplaceenj,9444022.0,3.0
1710227098,Fragile,,0.0,1.0
1710480858,Dagon,AITeams,10232574.0,2.0
1711962329,Zhirnich,SKATMAN TEAM,10157951.0,3.0
1711996587,zombiechips,Total Control,0.0,1.0
1712641797,Mentor-,Dark Side,10020415.0,1.0
1713481299,Zxc,2Pizza Team,10121900.0,1.0
1714870863,Lands,balyzekteam,10136869.0,1.0
1715688644,ah,WORLD BARBIE,0.0,2.0
1715729965,Tualed,Weak Warriors,10138047.0,3.0
1716410995,-riyo,Cult of Aquatic,10068061.0,1.0
1716973921,GigPudge,ЖирSpirit,9866305.0,1.0
1716996814,b1zon,GORE GLADIATORS,0.0,2.0
1717384570,Xterno,FireSpirits,9895299.0,2.0
1717648917,NDK,1,0.0,3.0
1718661316,St1ne,Team Eclipse,10208590.0,1.0
1718854894,Kiwi Araga,natch,0.0,2.0
1719197838,madric,Makoto,10145397.0,1.0
1719682122,puzo9,Team Potato,10137932.0,2.0
1720334950,yoatoro2,100-7 зитракс мод гули не спят,10061056.0,1.0
1720528036,/,,,
1720891632,Marin,Mopsyarka Team,10164040.0,2.0
1720938120,Security,ArtBound,10231969.0,1.0
1721375247,Xin<3,Fastiv Spirit,0.0,1.0
1721401499,TOCKI神,Aether Surge,9710099.0,1.0
1721755428,deepexalni,CONMISION OF COUNTER GHOUL,9461164.0,3.0
1721950967,lemeone,Enrage Gaming ,9381133.0,2.0
1722052499,Butterfly,,0.0,1.0
1722274235,Psychoz,Eternal Sleep,9887522.0,1.0
1722667644,Kurumi,Team Nakurilis,10136414.0,1.0
1723030725,tathataro,DF RISING,0.0,0.0
1724769849,Kernel,MOPSYRAPRIME,10137981.0,3.0
1725687759,ANNOY,TS,10158745.0,2.0
1726486849,野生zero4GT メ,Executors,9449676.0,1.0
1728151716,DERMO,bez luzov squad,10144889.0,2.0
1728241678,vitekMMA,Team Spilis,10157461.0,2.0
1728322546,Sq,ExT Team,10109794.0,1.0
1729308234,tyberkulez,N.P.G TEAM,10151077.0,3.0
1729550944,Satahht,Team Potato,10137932.0,2.0
1729566026,freakovoz,AVE BALABOL,9710075.0,3.0
1729666407,nsk54,ЛЕХАЛКА,10135294.0,1.0
1730164943,Natsukage,Team Fruit,10202244.0,1.0
1732089155,Fahiumasusonaer,Chum Bucket,9879032.0,2.0
1733936428,fated,Aurora Gaming,10074843.0,1.0
1735055169,xd,,0.0,2.0
1735742676,67Lar1_nev1n0vAt,6_abs0suti_7,10144363.0,1.0
1735827467,taburetka,Dota 2 Enjoyers,10135557.0,3.0
1735842105,Alendy | 敗者,Astrid,9981090.0,0.0
1736908796,kay,Groznye,10261901.0,4.0
1737193533,Mimon Ω,Kr4zyTeam,10095157.0,1.0
1737218895,arthasx,5lowSkills,0.0,1.0
1737856302,konti1k,Sky,10250735.0,2.0
1737950675,elegy,Ferrum teams,10138110.0,3.0
1737996935,Lotus Guard,7р87нрол,10243296.0,1.0
1738098806,Nelfi,burger,10026727.0,2.0
1738111508,theory of ideology,elegia,9796523.0,1.0
1738931629,UnLuck,Team Mentality,10138138.0,0.0
1739300202,OgRoMnUi_PeLmEn,Шлакоблокі Угорнки,10137795.0,1.0
1739804262,kittygawa,yung,9791473.0,1.0
1739913317,Jelly,Crystallis Supremacy,0.0,2.0
1740447918,cSIZe,PornoHood,0.0,2.0
1741938234,Oliveyb,Pandawa Lima,8741316.0,1.0
1742899491,anOre,divine,10136765.0,1.0
1744600919,ishak,Bukovyna Esports,9948161.0,1.0
1746004230,EgorSkritypul,Team SuperNova,0.0,2.0
1746122877,parasma,Team Grebenn,0.0,1.0
1746896009,hikiotoshii,2republic.by,10137319.0,3.0
1747489664,ddls,vinnitsko mariupolsko kozatinsko agapovski mizakovski good boys,10136077.0,1.0
1747771932,parasma,Team Grebenn,0.0,1.0
1747837619,Elster,Team SuperNova,10008546.0,3.0
1749181075,Jora,Dota 2 Enjoyers,10135557.0,1.0
1751532444,freddolfx,Team Necessary,10137538.0,2.0
1752979862,ltz4z,standoff4ek),9838602.0,3.0
1753001147,dripchik,RAZUM ULYA,9989894.0,2.0
1756299253,L9m0FS,Team Vultures,10136977.0,2.0
1763439053,ev0lve,,0.0,4.0
1763787191,Vayzen,Team Necessary,10137538.0,1.0
1768096863,Ko4erga,Warpath Legion,0.0,3.0
1768161689,pleer,Pony Gang Team,0.0,1.0
1768484892,Tesla,Team Spirt,10135995.0,1.0
1769573409,Shinna Taki,ericdzz,0.0,1.0
1769665598,Mitraz,Team Vultures,10136977.0,1.0
1770658339,nnonadd,чвк вагнер ,10144574.0,2.0
1771099709,padro,piggy67,10136117.0,2.0
1771363209,Person,Team Vortex,9929000.0,1.0
1771589916,Blessedd,,9855318.0,0.0
1772471269,pro_igri,klavishi,10143885.0,3.0
1773022238,MELL Orkan feed,Victoria et Cetera,10138043.0,3.0
1773947986,confusedconvulsive^^,,,
1774238038,PivAs,ПивноеКоролевство,10122638.0,1.0
1774801463,ashtears,Ghostray,10115690.0,1.0
1775633254,самый главный ,Gamakichi,10163453.0,1.0
1776453826,Juno,Galaxy Team,9783929.0,1.0
1779582292,мудень,LC team,0.0,3.0
1781376003,Qalas,Team Potato,10137932.0,1.0
1782529191,Bayanara,Team otsos,10101708.0,1.0
1784714479,Pandemic ,G1venchy,10144349.0,1.0
1785716320,Baby Show Me California,Team Vultures,10136977.0,1.0
1786072453,Сайгак,N.P.G TEAM,10151077.0,2.0
1787777482,uglythinking,Cursed Souls,0.0,1.0
1788817398,arima67,leagueОfLegends.ком,10234402.0,1.0
1789558125,14yosavage,SISKI GAMING,0.0,2.0
1790417940,Satoru Kikyy,Aggressive Mode,9896349.0,1.0
1791366872,Maksim_Rumpaga,Навальный.Team,0.0,2.0
1791370976,zaraza,TeamLancer,0.0,1.0
1791611363,ilya poshluu,shame,10138134.0,2.0
1792445983,swidi,Cheburek TEAM,10137541.0,1.0
1792455884,Cold Moon,TeamBurunov,10081134.0,1.0
1794303100,DRACOSHAPUPSIK,Ourtist,10157944.0,1.0
1795843474,rage,LL Team,10136311.0,1.0
1796042298,kiota,LondonNights,0.0,2.0
1797271845,Yatoxo雨,True Spirit,10081262.0,1.0
1797322795,autumn rain-,.reapers,0.0,1.0
1799173227,Ane owner ,Minon.gang,0.0,2.0
1799239726,potential,CRYSTANIGILATION,10150781.0,3.0
1799697593,200ping player from peru,,,
1799706776,spikeey,Team BKG,9849799.0,0.0
1800736474,minetday,dotka2,9538215.0,1.0
1801092889,Литвинчик,BANDA LITVINA,9751228.0,1.0
1802964463,azze,Team feed,10033423.0,2.0
1803113770,UNTOUCHABLE,Night Vision,10135782.0,2.0
1804072609,Gapik,chap team,9547471.0,3.0
1804365658,Alexsis,Smurfiki78,9834082.0,1.0
1805510664,Parker,TeamSpiritYoung,0.0,0.0
1806971917,hxtty,Femboy Futa House,10138276.0,1.0
1807043213,vayabe,TeamTuff,9885793.0,2.0
1807375341,Doza_Nervoza_,чвк вагнер ,10144574.0,1.0
1807875382,yurushn,Nexus Revenants,0.0,1.0
1809338352,пиприк,piggy67,10136117.0,1.0
1810047205,Sasha ,VIRTUAL TEAM,8709940.0,0.0
1810103845,opglifestyle,,0.0,2.0
1810961603,nertin,Sky,10250735.0,1.0
1811369403,可识别,Solum Team,0.0,1.0
1813482675,glow,,,
1814895831,ekbom,воздушные войска ,10150611.0,0.0
1816719366,abuse,Team SixSeven,10136800.0,0.0
1820226584,NKS,The dream of legends,10137628.0,1.0
1821987505,stveez,G1venchy,10144349.0,2.0
1823032424,airense,š84,9671738.0,2.0
1823185083,ewr,Miyau,0.0,2.0
1823702090,KoLsoN,Team Ramzikk666,10087212.0,1.0
1824106861,I wanna be yours,B-komachi ,9664956.0,1.0
1824372809,H1roshi ,Chaihana | Ascension,9692685.0,1.0
1824466361,SPIRT,KRISTALNO坡虎,0.0,1.0
1825530961,gazan67mnenasralinalico,ggg,10008250.0,0.0
1827308568,AlAX HA BITAX,DEMON DESTROYER OF ASS,10138312.0,1.0
1827472280,JANTAN,AimBot,0.0,2.0
1827702732,2handedzz,SaltPower,0.0,2.0
1827922157,TheMops,чвк вагнер ,0.0,3.0
1828163464,helpforkids,Aikas Team,10137968.0,2.0
1828244004,Boogerman,Drunken Captains,9705556.0,2.0
1829476086,Colpax,Victory Surge Gaming,0.0,1.0
1830878618,godblessedrapixdoto,lft,9860190.0,1.0
1831118566,exc1tyy,Arcane Rune,9906777.0,0.0
1832062518,Billi-,Billi Team,9819030.0,1.0
1832678462,mawblvde,,0.0,0.0
1832756316,kvartal13丠,DF YOUTH,0.0,3.0
1833342920,Sanraizu,Team Amplify,9373898.0,1.0
1833411383,3rd,,0.0,1.0
1835488737,konchak,TASHER.RU,9855003.0,1.0
1836636245,geday,Team Nakurilis,10136414.0,2.0
1837229401,IWannaSexEveryday,Team Fimoz,10157921.0,1.0
1837253918,h9resen,flowers team,0.0,2.0
1837288526,hassy,Port Soyuz Lerius,10135699.0,1.0
1838165095,blakk rokkstar,,,
1838336331,phrequency,ALLAH,0.0,1.0
1838389393,yarche,MOPSYRAPRIME,10137981.0,1.0
1838737709,Logos,GLACK TEAMS,10136867.0,1.0
1838910720,Karlusha,Nova,10225908.0,2.0
1839002041,чивапчисы,creepwave,10213803.0,2.0
1839097488,plat1na,Team Verpus,9907937.0,2.0
1839138460,Avind,Victoria et Cetera,10138043.0,2.0
1839286498,ごみ,Aerials Team ,9928863.0,2.0
1839788699,MauS招募,Team Recruit,9838964.0,2.0
1839880175,Not yet,GuArDiAn FiVe +_=,9578717.0,1.0
1839962954,111,xyi,10014555.0,2.0
1839986941,Duplo,Team Warta,0.0,2.0
1840389837,r1,BROODSKIE TEAM,10136319.0,1.0
1840450621,snuff,easily,0.0,2.0
1841272349,rearmovvv,Burger Team,10137718.0,1.0
1841726481,Eclipse,Team Ybers,10230914.0,2.0
1841842841,SPLOR,Port Soyuz Lerius,0.0,1.0
1841882109,[Silence],Team Zodiac,9775301.0,3.0
1841920873,mashiro,Shajka mig-tyans,10136069.0,1.0
1841973748,zxjokerlox,Поцілуйко Team,6239015.0,3.0
1844803447,Frost!,,0.0,2.0
1845192065,xijaky,pudge team,10137530.0,2.0
1845664307,twelve,The dream of legends,10137628.0,1.0
1845780773,костя,Moonlight2,0.0,1.0
1846914020,TendoQWE,NEGROMA,10136394.0,1.0
1848028546,shxdxwmxre,Vesper,10107429.0,1.0
1849432949,reincarnationmemory,jdmx,10242464.0,1.0
1849759068,NOSLEEP,Obosrallis,10150627.0,1.0
1849804434,Daedalus,Team Spilis,0.0,2.0
1850276530,s1rota,balabob_team,9710595.0,2.0
1850438971,Nevermore,Team Nakurilis,10136414.0,1.0
1850756801,emo4ka...,23323,10033807.0,1.0
1851571704,Ray4ikk,Motostrelki,10252260.0,2.0
1852433477,Lifonov,feed,10101763.0,1.0
1852984064,ghoulSSSSRANK,TRIPLE 3 SAHUR,10138751.0,1.0
1854319992,manavoid,Team Daxao,0.0,1.0
1854374580,하늘,MGC,10061120.0,1.0
1854426555,MC Boss,,,
1854621526,крутой,TeamPidors2010,10142777.0,1.0
1855462326,amor amor,s1mptom team,10136333.0,2.0
1856010980,Panda,,,
1857669250,COLLECTOR,Рiбяткi,10158178.0,2.0
1858115306,shredder,25.172.221.4,9885570.0,2.0
1858214629,dimon,"Hello, Stranger!",10026996.0,2.0
1860388579,skotomogilnik,UZBAGOISYA,10150642.0,2.0
1860456107,sixth_arrancar,,,
1860921154,Tandarr,Team Bulba,10144150.0,3.0
1861903171,tm,Chrome Sports,9885856.0,2.0
1862066974,emowluha,,10075387.0,2.0
1862391813,shlyopa,Cats rule the world,0.0,2.0
1863279872,gpk~,Team Spirit,10129202.0,1.0
1864509525,S1MIKA,SSSAG322,10137176.0,1.0
1864996235,kirsa,Victoria et Cetera,10138043.0,1.0
1865112593,mitsua,Teiko,10271171.0,1.0
1865692459,透すき通とおる世せ界,KRAKEN,9819006.0,0.0
1866092840,Vorgo,ЧЕКУШКА МАФИЯ,10163631.0,2.0
1867078328,eiytwo,broodmin3t,10218131.0,2.0
1868031003,67_52_1337_69_42_absolute_deko_m,Za broodskih,10130337.0,2.0
1868894005,Gaylopllll,Кристалис,10150843.0,2.0
1870038805,puffyk,Prokill,0.0,1.0
1872107387,zxqvid ,Solar system,0.0,1.0
1872131620,Jue,Aogiri No Ki,9885327.0,1.0
1872546353,polonium,Team Grebenn,9773328.0,2.0
1873063907,tYu,,,
1873413383,----,Natus Perdere,10088276.0,1.0
1873418931,Donald,,,
1873735241,Corpse,Ika Team,9741457.0,2.0
1873821089,mat,fence,10136026.0,1.0
1874004974,CyBer,Pirates,9813093.0,2.0
1874044207,gHq,,,
1874147227,GriM,,,
1874666169,Basshunter,Team Pulsar,0.0,1.0
1874844667,Myūseishu-,Invictus Gaming,5.0,1.0
1875165602,bobr1ta,Solar system,10135830.0,2.0
1875452019,Zrash,aboltusi,10143576.0,2.0
1875613535,Emper0r,loser squad,9884948.0,1.0
1875773869,Choco,Choco's Possess,10081117.0,2.0
1875991238,Отец,LESH TEAM,0.0,1.0
1876260458,ꜱᴄʀᴇᴀᴍ.郁闷,Tokyo Ghoul,10028085.0,1.0
1876689618,overhelmed,#снялпопы,0.0,3.0
1878292463,Laufee,Pony Gang Team,10224785.0,2.0
1878580260,valpink,Infinity Queen,9628687.0,1.0
1879222126,visky,OSIPGANGBANG,0.0,1.0
1879924199,Kyhutu,Partizan,1081332.0,1.0
1880575281,awareness,Team Yatagarasu,9419601.0,3.0
1880578483,dext3rx7,Wild Winners,10157543.0,2.0
1880624008,Yasha,FaZe,10129421.0,1.0
1881539941,Lary,Snake Team,0.0,1.0
1882093917,JEFERSON :15,THE  PROFESSIONAL  SLAYER,9885270.0,2.0
1882145259,StealthTiger,,,
1882228222,Hoza,HozaQWEERTYW,10261204.0,1.0
1882457386,pradablades,KAZAXGAMES.OFF,10088680.0,1.0
1884675852,ДРУНН,DOGSENT,0.0,3.0
1884847971,мужской никнейм,ГАЗМЯС 2 crystallis ,10150718.0,1.0
1885316163,Potuzhnost,GORE GLADIATORS,10170280.0,2.0
1886672198,Анальный Дебошир,druns,0.0,1.0
1887129974,k0t@k6a$,Bulbulatori Team,9807333.0,1.0
1887388917,GOFTER, Belikchane,10144059.0,2.0
1888443883,начальник склада,satanizza family,0.0,3.0
1888759582,pididi,DIMA KASKAD,10116055.0,1.0
1888885592,padlkk1dnapper,desepticon team,10137257.0,3.0
1889657897,prostoy41p,SaltPower,0.0,1.0
1889980289,zeeta0ff,noMercy,9830191.0,2.0
1890357618,OoOleG,TeamLancer,0.0,1.0
1890525613,󠀡󠀡,,,
1890788290,SY,SSSAG322,10137176.0,2.0
1890861950,blast,ceodoomsday,9843829.0,1.0
1891981496,ire,Future,9928613.0,1.0
1892466390,владос,potroshki_gaming,10212355.0,1.0
1892960693,Frost!,Foxi Reapers,9995420.0,2.0
1893132033,оштош,,0.0,0.0
1893312516,BLAMVLAS,PlayBOOM,10232625.0,1.0
1895045097,Diff4U,Ergo Proxy,0.0,1.0
1896200405,meq,Geden,0.0,1.0
1899371385,Gremory,Team Sixseven,10095241.0,1.0
1899979652,Star Dustus,ShtopGunDon,10135820.0,2.0
1900768027,Chris Brown<,,9834115.0,1.0
1901130802,Capybara,全才战队,10150609.0,2.0
1901372370,hptimee,okak,9965504.0,1.0
1901639328,palo4ka,Solo1488,9309229.0,2.0
1902738528,BloodStorm,Riftwalkers,9814269.0,2.0
1902782463,Hellgrove,Riftwalkers,9814269.0,1.0
1902976475,AbyssWalker,Riftwalkers,9814269.0,2.0
1903043745,CreepSlayer,Riftwalkers,9814269.0,3.0
1903287666,VoidRift,,0.0,1.0
1903543587,kvass,RAZUM ULYA,9989894.0,1.0
1903665621,BLANDER,67 WW ZAVOZIK LL,10135886.0,1.0
1904317631,zenly,Team Sixseven,10095241.0,1.0
1904347277,Матвей,BUDKA,0.0,1.0
1904468148,Punk,Ourtist,10157944.0,1.0
1906077708,EHMA,feed,10101763.0,3.0
1906706716,Учитель математи,Bonjourt Team (Academy),10241881.0,3.0
1907076016,Tenshi,Ancient Legion,9849943.0,2.0
1907276855,rumi,Drunskiy,10219989.0,1.0
1908304296,ПЕДIK,#вшар,9814394.0,1.0
1908681613,yume,Team Okak,0.0,1.0
1909248136,5onion,TEAM OGOROT,0.0,2.0
1909267295,marmalo,Team Necessary,10137538.0,2.0
1909875605,Ka1ro,TEAM.MURKA,9867555.0,2.0
1911761979,NEXT999,LC team,10137557.0,1.0
1912395781,m0sthated,tripplesix666gods,9833513.0,1.0
1914986730,Darklord,Rakuzan,0.0,3.0
1916226597,imperfect,Team SuperNova,0.0,1.0
1916462066,ezzz,Team Grebenn,0.0,2.0
1917663174,kin,Total Control,0.0,1.0
1917963008,iLTV,MABBOI,9896039.0,1.0
1918495761,MINETU$,Team Spirt,0.0,2.0
1918763596,WondAl1ce,BetBoom,0.0,1.0
1919826264,footballist,спортсмены,9938641.0,1.0
1920123345,плюнул в пизду,,0.0,0.0
1920497630,gidr0tsefal,DEMON DESTROYER OF ASS,10138312.0,1.0
1920767607,CVV 666,,,
1921028334,Yuha,Team Hoho,0.0,1.0
1921101667,Ёбырь игоря,TeamPidors2010,10142777.0,1.0
1921995663,Zyboy忠宇,Phoenix Gaming,9844182.0,0.0
1922094479,p2h,Nomadic Hunters,10144027.0,3.0
1922332243,RealAtf,HEX TEAM,9973398.0,3.0
1922338709,Nex-,Giga Creeps,10144196.0,2.0
1922445838,DespairBobr,Team Zhir1t,10033925.0,1.0
1922717677,BLACK_ANUS,Skotomogilnik,10259443.0,1.0
1923083156,учитель старших к,TeamPidors2010,10142777.0,1.0
1923861916,Ani,Andromeda,9844892.0,3.0
1923959479,seevend,Andromeda,9844768.0,3.0
1924708375,stepadota2,Team Chmir,9995963.0,3.0
1926700699,-nekoneko,Total Snitches D34th,10196367.0,2.0
1926715510,Hido,Enrage Gaming ,9381133.0,1.0
1927209352,TDS,BROODSKIE TEAM,10136319.0,1.0
1927313273,Linglai,This Not Smurf,9855678.0,1.0
1927440464,ナザールの殺害犯,potroshki_gaming,10212355.0,2.0
1927588780,Shirru,Enrage Gaming ,9381133.0,1.0
1928064793,67,TeamPidors2010,10142777.0,2.0
1928098676,alalkka,SaltPower,0.0,2.0
1929726323,Kyowa,Awa Team,10041049.0,1.0
1930115322,Pink Stars,,,
1930918551,y0nd,,,
