start_time,match_id,account_id,player_slot,is_radiant,team_id,win,fantasy_role,prev_match_time,rest_days,matches_last_7_days
2025-10-04 09:58:47+00:00,8494472716,15587389,4,True,9194744,False,,2025-10-04 08:53:55+00:00,0.0450462962962963,2.0
2025-10-04 12:59:57+00:00,8494738135,106092529,0,True,9895416,False,,2025-10-04 11:56:49+00:00,0.04384259259259259,1.0
2025-10-04 12:59:57+00:00,8494738135,93850611,2,True,9895416,False,2.0,2025-10-04 11:56:49+00:00,0.04384259259259259,1.0
2025-10-04 12:59:57+00:00,8494738135,78387922,3,True,9895416,False,,2025-10-04 11:56:49+00:00,0.04384259259259259,1.0
2025-10-04 15:08:42+00:00,8494971845,119898344,128,False,9885643,False,1.0,2025-10-04 14:00:00+00:00,0.04770833333333333,4.0
2025-10-04 15:16:39+00:00,8494992535,101578544,132,False,9834421,False,,2025-10-04 14:06:30+00:00,0.04871527777777778,1.0
2025-10-04 15:16:39+00:00,8494992535,473522567,131,False,9834421,False,,2025-10-04 14:06:30+00:00,0.04871527777777778,1.0
2025-10-04 15:16:39+00:00,8494992535,162921123,128,False,9834421,False,,2025-10-04 14:06:30+00:00,0.04871527777777778,1.0
2025-10-04 15:16:39+00:00,8494992535,348449095,130,False,9834421,False,,2025-10-04 14:06:30+00:00,0.04871527777777778,1.0
2025-10-04 15:16:39+00:00,8494992535,326153784,129,False,9834421,False,,2025-10-04 14:06:30+00:00,0.04871527777777778,1.0
2025-10-04 18:25:40+00:00,8495336474,195997808,131,False,9895818,False,,2025-10-04 17:29:42+00:00,0.03886574074074074,1.0
2025-10-05 05:43:05+00:00,8495990281,399395714,0,True,9895695,False,,2025-10-05 04:59:21+00:00,0.03037037037037037,1.0
2025-10-05 14:48:46+00:00,8496799294,72211296,132,False,9895191,False,,2025-10-05 13:47:20+00:00,0.04266203703703704,5.0
2025-10-05 14:48:46+00:00,8496799294,907097333,130,False,9895191,False,,2025-10-05 13:47:20+00:00,0.04266203703703704,5.0
2025-10-05 18:05:30+00:00,8497165878,98681606,130,False,9824308,False,,2025-10-05 16:40:38+00:00,0.05893518518518519,1.0
2025-10-05 18:05:30+00:00,8497165878,112254782,129,False,9824308,False,,2025-10-05 16:40:38+00:00,0.05893518518518519,1.0
2025-10-05 18:05:30+00:00,8497165878,134859800,131,False,9824308,False,,2025-10-05 16:40:38+00:00,0.05893518518518519,1.0
2025-10-05 18:05:30+00:00,8497165878,112543878,128,False,9824308,False,,2025-10-05 16:40:38+00:00,0.05893518518518519,1.0
2025-10-05 18:05:30+00:00,8497165878,56634371,132,False,9824308,False,,2025-10-05 16:40:38+00:00,0.05893518518518519,1.0
2025-10-05 18:15:41+00:00,8497182841,308558213,128,False,9906175,False,,2025-10-04 15:16:39+00:00,1.1243287037037037,2.0
2025-10-05 18:15:41+00:00,8497182841,163218041,131,False,9906175,False,,2025-10-04 15:16:39+00:00,1.1243287037037037,2.0
2025-10-05 18:15:41+00:00,8497182841,190464115,130,False,9906175,False,,2025-10-04 15:16:39+00:00,1.1243287037037037,2.0
2025-10-05 18:15:41+00:00,8497182841,1569049676,129,False,9906175,False,,2025-10-04 15:16:39+00:00,1.1243287037037037,2.0
2025-10-05 18:15:41+00:00,8497182841,422354558,132,False,9906175,False,,2025-10-04 15:16:39+00:00,1.1243287037037037,2.0
2025-10-05 18:19:28+00:00,8497190157,337792133,0,True,9766927,True,,2025-10-05 17:40:45+00:00,0.026886574074074073,4.0
2025-10-05 19:01:50+00:00,8497255935,321246600,1,True,9467256,True,,2025-10-05 17:56:51+00:00,0.045127314814814815,1.0
2025-10-05 19:01:50+00:00,8497255935,1604059932,2,True,9467256,True,,2025-10-05 17:56:51+00:00,0.045127314814814815,1.0
2025-10-05 19:01:50+00:00,8497255935,214895470,128,False,9839298,False,,2025-10-05 17:56:51+00:00,0.045127314814814815,3.0
2025-10-05 19:01:50+00:00,8497255935,342543282,0,True,9467256,True,,2025-10-05 17:56:51+00:00,0.045127314814814815,1.0
2025-10-05 19:01:50+00:00,8497255935,236701495,132,False,9839298,False,,2025-10-05 17:56:51+00:00,0.045127314814814815,3.0
2025-10-05 19:01:50+00:00,8497255935,473436093,3,True,9467256,True,,2025-10-05 17:56:51+00:00,0.045127314814814815,1.0
2025-10-05 19:01:50+00:00,8497255935,132359188,4,True,9467256,True,,2025-10-05 17:56:51+00:00,0.045127314814814815,1.0
2025-10-05 19:01:50+00:00,8497255935,88075140,129,False,9839298,False,,2025-10-05 17:56:51+00:00,0.045127314814814815,3.0
2025-10-05 19:01:50+00:00,8497255935,1106002259,131,False,9839298,False,,2025-10-05 17:56:51+00:00,0.045127314814814815,3.0
2025-10-05 19:01:50+00:00,8497255935,1661737313,130,False,9839298,False,,2025-10-05 17:56:51+00:00,0.045127314814814815,3.0
2025-10-05 19:11:45+00:00,8497271505,1722693031,1,True,9844096,False,,2025-10-05 18:05:08+00:00,0.04626157407407407,1.0
2025-10-05 19:11:45+00:00,8497271505,96459300,130,False,9905617,True,,2025-10-05 18:05:08+00:00,0.04626157407407407,1.0
2025-10-05 19:11:45+00:00,8497271505,128853580,128,False,9905617,True,,2025-10-05 18:05:08+00:00,0.04626157407407407,1.0
2025-10-05 19:11:45+00:00,8497271505,57281637,132,False,9905617,True,,2025-10-05 18:05:08+00:00,0.04626157407407407,1.0
2025-10-05 19:11:45+00:00,8497271505,134548174,129,False,9905617,True,,2025-10-05 18:05:08+00:00,0.04626157407407407,1.0
2025-10-05 19:11:45+00:00,8497271505,1769771941,131,False,9905617,True,,2025-10-05 18:05:08+00:00,0.04626157407407407,1.0
2025-10-06 18:27:43+00:00,8498774387,407316554,1,True,9843235,False,,2025-10-06 17:15:26+00:00,0.05019675925925926,1.0
2025-10-06 18:27:43+00:00,8498774387,73604841,4,True,9843235,False,,2025-10-06 17:15:26+00:00,0.05019675925925926,1.0
2025-10-06 18:27:43+00:00,8498774387,37295968,129,False,9866415,True,,2025-10-06 17:15:26+00:00,0.05019675925925926,2.0
2025-10-06 18:27:43+00:00,8498774387,52433489,130,False,9866415,True,,2025-10-06 17:15:26+00:00,0.05019675925925926,2.0
2025-10-06 18:27:43+00:00,8498774387,122955581,131,False,9866415,True,,2025-10-06 17:15:26+00:00,0.05019675925925926,2.0
2025-10-06 18:27:43+00:00,8498774387,425297769,3,True,9843235,False,,2025-10-06 17:15:26+00:00,0.05019675925925926,1.0
2025-10-06 18:27:43+00:00,8498774387,1572244152,132,False,9866415,True,,2025-10-06 17:15:26+00:00,0.05019675925925926,2.0
2025-10-06 18:27:43+00:00,8498774387,372645351,2,True,9843235,False,,2025-10-06 17:15:26+00:00,0.05019675925925926,1.0
2025-10-06 18:27:43+00:00,8498774387,46115260,128,False,9866415,True,,2025-10-06 17:15:26+00:00,0.05019675925925926,2.0
2025-10-06 18:27:43+00:00,8498774387,1082247814,0,True,9843235,False,,2025-10-06 17:15:26+00:00,0.05019675925925926,1.0
2025-10-08 11:48:03+00:00,8501207719,159020918,132,False,2576071,True,,2025-10-08 10:29:48+00:00,0.05434027777777778,5.0
2025-10-08 20:47:09+00:00,8502042168,242900091,2,True,9824755,True,,2025-10-08 19:14:02+00:00,0.06466435185185185,2.0
2025-10-08 20:47:09+00:00,8502042168,1585789983,129,False,9860752,False,,2025-10-08 19:14:02+00:00,0.06466435185185185,2.0
2025-10-08 20:47:09+00:00,8502042168,346191191,128,False,9860752,False,,2025-10-08 19:14:02+00:00,0.06466435185185185,2.0
2025-10-08 20:47:09+00:00,8502042168,86744859,130,False,9860752,False,,2025-10-08 19:14:02+00:00,0.06466435185185185,2.0
2025-10-08 20:47:09+00:00,8502042168,1079673206,3,True,9824755,True,,2025-10-08 19:14:02+00:00,0.06466435185185185,2.0
2025-10-08 20:47:09+00:00,8502042168,1100842895,131,False,9860752,False,,2025-10-08 19:14:02+00:00,0.06466435185185185,2.0
2025-10-08 20:47:09+00:00,8502042168,332773984,132,False,9860752,False,,2025-10-08 19:14:02+00:00,0.06466435185185185,2.0
2025-10-08 20:47:09+00:00,8502042168,364569925,4,True,9824755,True,,2025-10-08 19:14:02+00:00,0.06466435185185185,2.0
2025-10-08 20:47:09+00:00,8502042168,92296903,1,True,9824755,True,,2025-10-08 19:14:02+00:00,0.06466435185185185,2.0
2025-10-09 06:40:02+00:00,8502427332,1253027494,3,True,9844096,True,,2025-10-09 05:54:47+00:00,0.03142361111111111,3.0
2025-10-09 06:40:02+00:00,8502427332,135494427,128,False,9839101,False,,2025-10-09 05:54:47+00:00,0.03142361111111111,3.0
2025-10-09 06:40:02+00:00,8502427332,1476548910,131,False,9839101,False,,2025-10-09 05:54:47+00:00,0.03142361111111111,3.0
2025-10-09 06:40:02+00:00,8502427332,96769357,129,False,9839101,False,,2025-10-09 05:54:47+00:00,0.03142361111111111,3.0
2025-10-09 06:40:02+00:00,8502427332,292757556,1,True,9844096,True,,2025-10-09 05:54:47+00:00,0.03142361111111111,3.0
2025-10-09 06:40:02+00:00,8502427332,1007375497,4,True,9844096,True,,2025-10-09 05:54:47+00:00,0.03142361111111111,3.0
2025-10-09 06:40:02+00:00,8502427332,335520839,2,True,9844096,True,,2025-10-09 05:54:47+00:00,0.03142361111111111,1.0
2025-10-09 06:40:02+00:00,8502427332,73308257,0,True,9844096,True,,2025-10-09 05:54:47+00:00,0.03142361111111111,3.0
2025-10-09 06:40:02+00:00,8502427332,1509384811,132,False,9839101,False,,2025-10-09 05:54:47+00:00,0.03142361111111111,3.0
2025-10-09 06:40:02+00:00,8502427332,1905831521,130,False,9839101,False,,2025-10-09 05:54:47+00:00,0.03142361111111111,3.0
2025-10-09 09:43:38+00:00,8502574826,149134164,3,True,9564888,False,,2025-10-09 08:56:19+00:00,0.032858796296296296,1.0
2025-10-09 20:26:21+00:00,8503512235,1131833218,3,True,9397016,False,,2025-10-05 13:46:58+00:00,4.277349537037037,5.0
2025-10-10 17:36:35+00:00,8504789069,1674837008,3,True,9895818,False,,2025-10-10 16:50:08+00:00,0.03225694444444444,1.0
2025-10-10 20:35:54+00:00,8505037610,1030928034,2,True,9896157,True,,2025-10-05 15:58:48+00:00,5.192430555555555,4.0
2025-10-11 17:33:30+00:00,8506508062,1529785023,131,False,9829359,False,,2025-10-11 16:15:29+00:00,0.05417824074074074,2.0
2025-10-11 17:33:30+00:00,8506508062,166022498,2,True,9839394,True,,2025-10-11 16:15:29+00:00,0.05417824074074074,2.0
2025-10-11 17:33:30+00:00,8506508062,115016104,0,True,9839394,True,,2025-10-11 16:15:29+00:00,0.05417824074074074,2.0
2025-10-11 17:33:30+00:00,8506508062,1265642916,128,False,9829359,False,,2025-10-11 16:15:29+00:00,0.05417824074074074,2.0
2025-10-11 17:33:30+00:00,8506508062,1067399931,129,False,9829359,False,,2025-10-11 16:15:29+00:00,0.05417824074074074,2.0
2025-10-11 17:33:30+00:00,8506508062,1673265021,132,False,9829359,False,,2025-10-11 16:15:29+00:00,0.05417824074074074,2.0
2025-10-11 17:33:30+00:00,8506508062,1171343619,4,True,9839394,True,,2025-10-11 16:15:29+00:00,0.05417824074074074,2.0
2025-10-11 17:33:30+00:00,8506508062,166379664,130,False,9829359,False,,2025-10-11 16:15:29+00:00,0.05417824074074074,2.0
2025-10-11 17:33:30+00:00,8506508062,1172841956,3,True,9839394,True,,2025-10-11 16:15:29+00:00,0.05417824074074074,2.0
2025-10-11 17:33:30+00:00,8506508062,1425096765,1,True,9839394,True,,2025-10-11 16:15:29+00:00,0.05417824074074074,2.0
2025-10-11 18:50:59+00:00,8506640583,1266727153,2,True,9916420,False,,2025-10-11 17:57:27+00:00,0.037175925925925925,3.0
2025-10-11 20:03:26+00:00,8506751597,1101342282,129,False,9628678,False,,2025-10-05 13:46:58+00:00,6.261435185185185,1.0
2025-10-11 21:56:07+00:00,8506893625,1683752803,130,False,9916420,True,,2025-10-11 21:03:37+00:00,0.036458333333333336,2.0
2025-10-12 13:23:53+00:00,8507930444,880397480,0,True,9840188,False,,2025-10-12 12:25:56+00:00,0.04024305555555555,3.0
2025-10-12 13:23:53+00:00,8507930444,147858311,4,True,9840188,False,,2025-10-12 12:25:56+00:00,0.04024305555555555,3.0
2025-10-12 15:27:34+00:00,8508182913,1273289573,128,False,9904454,False,,,30.0,0.0
2025-10-12 15:27:34+00:00,8508182913,1683461826,130,False,9904454,False,,,30.0,0.0
2025-10-12 15:27:34+00:00,8508182913,1552161240,132,False,9904454,False,,,30.0,0.0
2025-10-12 15:27:34+00:00,8508182913,1734157679,131,False,9904454,False,,,30.0,0.0
2025-10-12 15:27:34+00:00,8508182913,1156809798,129,False,9904454,False,,,30.0,0.0
2025-10-12 16:14:29+00:00,8508268079,906749590,3,True,9455814,False,,2025-10-12 15:10:41+00:00,0.044305555555555556,3.0
2025-10-12 16:14:29+00:00,8508268079,291231492,128,False,9824555,True,,2025-10-12 15:10:41+00:00,0.044305555555555556,1.0
2025-10-12 16:14:29+00:00,8508268079,411573732,129,False,9824555,True,,2025-10-12 15:10:41+00:00,0.044305555555555556,1.0
2025-10-12 16:14:29+00:00,8508268079,344926830,130,False,9824555,True,,2025-10-12 15:10:41+00:00,0.044305555555555556,1.0
2025-10-12 16:14:29+00:00,8508268079,96294331,4,True,9455814,False,,2025-10-12 15:10:41+00:00,0.044305555555555556,3.0
2025-10-12 16:14:29+00:00,8508268079,1122861375,1,True,9455814,False,,2025-10-12 15:10:41+00:00,0.044305555555555556,3.0
2025-10-12 16:14:29+00:00,8508268079,162935642,132,False,9824555,True,,2025-10-12 15:10:41+00:00,0.044305555555555556,1.0
2025-10-12 16:14:29+00:00,8508268079,127799714,2,True,9455814,False,,2025-10-12 15:10:41+00:00,0.044305555555555556,3.0
2025-10-12 16:14:29+00:00,8508268079,74319201,131,False,9824555,True,,2025-10-12 15:10:41+00:00,0.044305555555555556,1.0
2025-10-12 16:14:29+00:00,8508268079,121924781,0,True,9455814,False,,2025-10-12 15:10:41+00:00,0.044305555555555556,3.0
2025-10-12 17:50:16+00:00,8508431068,153799080,4,True,9916669,True,,2025-10-12 15:27:34+00:00,0.09909722222222223,1.0
2025-10-12 17:50:16+00:00,8508431068,121747938,132,False,9261979,False,,,30.0,0.0
2025-10-12 17:50:16+00:00,8508431068,166808107,2,True,9916669,True,,2025-10-12 15:27:34+00:00,0.09909722222222223,1.0
2025-10-12 17:50:16+00:00,8508431068,82577371,130,False,9261979,False,,,30.0,0.0
2025-10-13 14:05:33+00:00,8509540377,1695617010,4,True,9338738,False,,2025-10-13 12:58:08+00:00,0.04681712962962963,24.0
2025-10-13 15:07:14+00:00,8509658526,1432686900,2,True,9338738,False,,2025-10-13 14:05:33+00:00,0.04283564814814815,23.0
2025-10-14 18:06:24+00:00,8511383188,196670605,130,False,9710443,False,2.0,2025-10-11 19:15:33+00:00,2.951979166666667,3.0
2025-10-14 18:35:32+00:00,8511427287,269946072,3,True,6165106,True,1.0,,30.0,0.0
2025-10-14 20:01:20+00:00,8511538452,1885001216,128,False,9729268,False,,2025-10-10 10:25:15+00:00,4.400057870370371,3.0
2025-10-15 14:33:10+00:00,8512475397,104185879,3,True,9753675,False,,2025-10-15 13:22:33+00:00,0.049039351851851855,2.0
2025-10-15 16:39:24+00:00,8512682622,878412184,129,False,8494848,False,,2025-10-15 15:42:24+00:00,0.03958333333333333,1.0
2025-10-16 12:47:03+00:00,8513729480,164019535,2,True,9818938,True,,2025-10-16 12:03:35+00:00,0.030185185185185186,10.0
2025-10-16 14:45:46+00:00,8513926111,319698413,130,False,9751816,True,,2025-10-16 14:11:42+00:00,0.023657407407407408,1.0
2025-10-16 15:52:04+00:00,8514036926,117267178,0,True,9828921,False,,2025-10-16 14:44:22+00:00,0.04701388888888889,1.0
2025-10-16 16:52:57+00:00,8514139201,85872397,129,False,7777322,False,,,30.0,0.0
2025-10-16 16:52:57+00:00,8514139201,433409979,130,False,7777322,False,,,30.0,0.0
2025-10-16 17:37:59+00:00,8514209665,1486835175,3,True,9698717,False,,2025-10-16 16:52:57+00:00,0.03127314814814815,1.0
2025-10-16 18:02:16+00:00,8514244964,87095102,0,True,9886393,False,,,30.0,0.0
2025-10-17 05:14:58+00:00,8514777361,1102532597,131,False,9878911,True,,,30.0,0.0
2025-10-17 15:17:08+00:00,8515455171,1054936816,129,False,8494848,False,1.0,2025-10-17 13:49:22+00:00,0.06094907407407407,2.0
2025-10-17 20:08:32+00:00,8515929364,368526609,0,True,9397016,True,,2025-10-17 19:29:10+00:00,0.027337962962962963,29.0
2025-10-18 15:11:49+00:00,8517181259,1520713219,4,True,6165106,False,,2025-10-18 14:09:05+00:00,0.04356481481481481,1.0
2025-10-18 15:48:02+00:00,8517234288,1673853841,129,False,9751816,False,,2025-10-18 10:35:22+00:00,0.21712962962962962,5.0
2025-10-18 16:26:49+00:00,8517324497,1110596714,1,True,6165106,True,,2025-10-18 15:11:49+00:00,0.052083333333333336,2.0
2025-10-18 18:39:25+00:00,8517550743,151337105,129,False,7777322,True,,2025-10-18 17:50:15+00:00,0.03414351851851852,1.0
2025-10-19 09:01:45+00:00,8518409143,392006194,131,False,9906663,False,,2025-10-18 19:31:45+00:00,0.5625,4.0
2025-10-19 13:47:39+00:00,8518873624,196041577,3,True,9895544,False,,2025-10-19 12:27:18+00:00,0.05579861111111111,15.0
2025-10-19 14:11:25+00:00,8518921063,1218117310,3,True,9916669,False,,,30.0,0.0
2025-10-19 14:11:25+00:00,8518921063,1404662490,4,True,9916669,False,,,30.0,0.0
2025-10-19 15:27:19+00:00,8519067994,994221600,129,False,9621580,False,,,30.0,0.0
2025-10-19 15:27:19+00:00,8519067994,1079718616,132,False,9621580,False,,,30.0,0.0
2025-10-19 15:27:19+00:00,8519067994,1623739104,130,False,9621580,False,,,30.0,0.0
2025-10-19 15:27:19+00:00,8519067994,1097599366,128,False,9621580,False,,,30.0,0.0
2025-10-19 15:27:19+00:00,8519067994,476591992,131,False,9621580,False,,,30.0,0.0
2025-10-19 16:31:30+00:00,8519181342,1659722924,0,True,9627650,False,,,30.0,0.0
2025-10-19 16:50:42+00:00,8519213598,911646328,129,False,9819040,False,,2025-10-19 15:27:19+00:00,0.05790509259259259,1.0
2025-10-19 16:50:42+00:00,8519213598,312324575,132,False,9819040,False,,2025-10-19 15:27:19+00:00,0.05790509259259259,1.0
2025-10-19 16:50:42+00:00,8519213598,171515404,131,False,9819040,False,,2025-10-19 15:27:19+00:00,0.05790509259259259,1.0
2025-10-19 16:50:42+00:00,8519213598,254646105,1,True,8893663,True,,2025-10-19 14:11:25+00:00,0.11061342592592592,1.0
2025-10-19 16:50:42+00:00,8519213598,1103722907,128,False,9819040,False,,2025-10-19 15:27:19+00:00,0.05790509259259259,1.0
2025-10-19 16:50:42+00:00,8519213598,169126302,130,False,9819040,False,,2025-10-19 15:27:19+00:00,0.05790509259259259,1.0
2025-10-19 17:48:17+00:00,8519305960,846396765,4,True,9773195,True,,2025-10-19 17:07:19+00:00,0.028449074074074075,9.0
2025-10-19 17:48:17+00:00,8519305960,1674492970,0,True,9773195,True,,2025-10-19 17:07:19+00:00,0.028449074074074075,15.0
2025-10-19 18:24:40+00:00,8519362546,423953999,0,True,9800464,False,,,30.0,0.0
2025-10-19 19:17:39+00:00,8519438810,1140866451,130,False,9823250,False,,2025-10-19 18:24:40+00:00,0.03679398148148148,2.0
2025-10-19 20:17:22+00:00,8519513687,122562329,131,False,9698717,True,,,30.0,0.0
2025-10-19 20:50:03+00:00,8519549155,205630113,3,True,9768472,True,,2025-10-19 19:59:35+00:00,0.0350462962962963,12.0
2025-10-19 20:50:03+00:00,8519549155,1214283479,129,False,9928428,False,,2025-10-19 19:59:35+00:00,0.0350462962962963,6.0
2025-10-20 10:31:04+00:00,8520119078,331999484,128,False,9098294,True,,2025-10-20 09:07:40+00:00,0.057916666666666665,12.0
2025-10-20 10:44:25+00:00,8520132524,206379758,128,False,9894868,False,1.0,2025-10-20 09:58:53+00:00,0.03162037037037037,3.0
2025-10-20 10:44:25+00:00,8520132524,100708765,131,False,9894868,False,,2025-10-20 09:58:53+00:00,0.03162037037037037,3.0
2025-10-20 11:12:57+00:00,8520159923,891566317,128,False,8494848,False,,2025-10-20 10:17:50+00:00,0.03827546296296296,7.0
2025-10-20 12:48:22+00:00,8520288477,1868210186,131,False,9820361,False,,2025-10-20 12:11:43+00:00,0.025451388888888888,7.0
2025-10-20 12:48:22+00:00,8520288477,1829839317,3,True,9729268,True,,2025-10-20 12:11:43+00:00,0.025451388888888888,4.0
2025-10-20 19:22:57+00:00,8520903410,299776991,0,True,7777322,True,,,30.0,0.0
2025-10-20 19:22:57+00:00,8520903410,1516871818,4,True,7777322,True,,,30.0,0.0
2025-10-21 06:49:28+00:00,8521367919,78891550,4,True,9499402,False,2.0,2025-10-21 05:58:44+00:00,0.03523148148148148,13.0
2025-10-21 06:49:28+00:00,8521367919,144048558,1,True,9499402,False,2.0,2025-10-21 05:58:44+00:00,0.03523148148148148,13.0
2025-10-21 07:30:14+00:00,8521395762,1000681260,132,False,9855297,True,,2025-10-21 06:28:23+00:00,0.042951388888888886,6.0
2025-10-21 07:30:14+00:00,8521395762,307331749,2,True,9813102,False,,2025-10-21 06:28:23+00:00,0.042951388888888886,1.0
2025-10-21 12:11:41+00:00,8521659275,300991234,2,True,9894868,False,,2025-10-21 11:02:45+00:00,0.04787037037037037,2.0
2025-10-21 12:11:41+00:00,8521659275,134683396,0,True,9894868,False,1.0,2025-10-21 11:02:45+00:00,0.04787037037037037,2.0
2025-10-21 12:11:41+00:00,8521659275,247134320,4,True,9894868,False,,2025-10-21 11:02:45+00:00,0.04787037037037037,6.0
2025-10-21 12:11:41+00:00,8521659275,254710104,128,False,9885315,True,,2025-10-21 10:40:47+00:00,0.063125,2.0
2025-10-21 12:52:22+00:00,8521719394,374131524,0,True,9444076,False,,2025-10-21 08:53:22+00:00,0.16597222222222222,6.0
2025-10-21 12:52:22+00:00,8521719394,340135526,2,True,9444076,False,,2025-10-21 08:53:22+00:00,0.16597222222222222,6.0
2025-10-21 13:09:17+00:00,8521742467,194800812,3,True,9820361,False,,2025-10-21 12:07:00+00:00,0.04325231481481481,22.0
2025-10-21 14:25:22+00:00,8521873567,295590968,2,True,9928428,True,2.0,2025-10-21 13:27:50+00:00,0.03995370370370371,11.0
2025-10-21 14:25:22+00:00,8521873567,1073591245,3,True,9928428,True,,2025-10-21 13:27:50+00:00,0.03995370370370371,2.0
2025-10-21 14:25:22+00:00,8521873567,113923026,132,False,9828921,False,,2025-10-21 13:27:50+00:00,0.03995370370370371,18.0
2025-10-21 17:08:13+00:00,8522136530,327445152,131,False,9906058,False,,2025-10-21 16:03:54+00:00,0.04466435185185185,9.0
2025-10-21 19:30:09+00:00,8522335159,133167741,2,True,9866907,False,,2025-10-21 18:37:13+00:00,0.03675925925925926,1.0
2025-10-22 07:24:04+00:00,8522813012,130433320,130,False,9860197,True,,2025-10-21 14:25:22+00:00,0.7074305555555556,27.0
2025-10-22 07:24:04+00:00,8522813012,1902169997,132,False,9860197,True,,2025-10-21 07:30:14+00:00,0.9957175925925926,25.0
2025-10-22 07:24:04+00:00,8522813012,331347492,131,False,9860197,True,,2025-10-21 07:30:14+00:00,0.9957175925925926,2.0
2025-10-22 09:34:04+00:00,8522911019,1017876764,3,True,9593609,True,,2025-10-22 07:24:04+00:00,0.09027777777777778,36.0
2025-10-22 09:49:41+00:00,8522924064,101555768,131,False,9906663,False,,2025-10-22 09:04:35+00:00,0.03131944444444444,7.0
2025-10-22 09:49:41+00:00,8522924064,275826428,129,False,9906663,False,1.0,2025-10-22 09:04:35+00:00,0.03131944444444444,7.0
2025-10-22 10:56:39+00:00,8522986036,1056145299,130,False,9729268,False,,2025-10-22 09:34:04+00:00,0.05734953703703704,2.0
2025-10-22 10:56:39+00:00,8522986036,878549965,2,True,9593609,True,,2025-10-22 09:34:04+00:00,0.05734953703703704,21.0
2025-10-22 12:49:21+00:00,8523126863,314272971,130,False,8831040,True,,2025-10-22 12:09:38+00:00,0.02758101851851852,27.0
2025-10-22 12:49:21+00:00,8523126863,821484609,1,True,9691942,False,,2025-10-22 12:09:38+00:00,0.02758101851851852,4.0
2025-10-22 12:49:21+00:00,8523126863,1136465061,4,True,9691942,False,,2025-10-19 20:50:03+00:00,2.6661805555555556,11.0
2025-10-22 13:29:05+00:00,8523188304,1620243459,2,True,9729268,False,,2025-10-22 12:27:42+00:00,0.04262731481481481,6.0
2025-10-22 13:48:45+00:00,8523220688,144031734,0,True,9938413,False,,2025-10-22 12:41:55+00:00,0.046412037037037036,11.0
2025-10-22 13:48:45+00:00,8523220688,157164782,4,True,9938413,False,,2025-10-22 12:41:55+00:00,0.046412037037037036,11.0
2025-10-22 13:48:45+00:00,8523220688,200037203,1,True,9938413,False,2.0,2025-10-22 12:41:55+00:00,0.046412037037037036,11.0
2025-10-22 13:48:45+00:00,8523220688,197737818,2,True,9938413,False,,2025-10-22 12:41:55+00:00,0.046412037037037036,11.0
2025-10-22 13:48:45+00:00,8523220688,2323199,3,True,9938413,False,,2025-10-22 12:41:55+00:00,0.046412037037037036,11.0
2025-10-22 14:42:15+00:00,8523310157,1029972951,131,False,9751816,False,,2025-10-22 12:49:21+00:00,0.07840277777777778,32.0
2025-10-22 14:42:15+00:00,8523310157,1246531472,1,True,9729268,True,,2025-10-22 13:29:05+00:00,0.05081018518518519,34.0
2025-10-22 14:42:15+00:00,8523310157,156190292,4,True,9729268,True,,2025-10-22 13:29:05+00:00,0.05081018518518519,34.0
2025-10-22 14:42:15+00:00,8523310157,1486792934,132,False,9751816,False,,2025-10-22 13:29:05+00:00,0.05081018518518519,20.0
2025-10-22 16:14:54+00:00,8523458270,917067055,129,False,8831040,True,,2025-10-22 15:31:41+00:00,0.030011574074074072,19.0
2025-10-22 16:14:54+00:00,8523458270,1251984026,128,False,8831040,True,,2025-10-22 15:31:41+00:00,0.030011574074074072,20.0
2025-10-22 16:14:54+00:00,8523458270,1613937051,1,True,9729268,False,,2025-10-22 15:31:41+00:00,0.030011574074074072,19.0
2025-10-22 16:14:54+00:00,8523458270,856427829,131,False,8831040,True,,2025-10-22 15:31:41+00:00,0.030011574074074072,53.0
2025-10-22 16:14:54+00:00,8523458270,399588134,132,False,8831040,True,,2025-10-22 15:31:41+00:00,0.030011574074074072,19.0
2025-10-22 16:14:54+00:00,8523458270,1171975340,0,True,9729268,False,,2025-10-22 15:31:41+00:00,0.030011574074074072,39.0
2025-10-22 16:14:54+00:00,8523458270,1291449666,3,True,9729268,False,,2025-10-22 15:31:41+00:00,0.030011574074074072,33.0
2025-10-22 18:49:47+00:00,8523678757,1040820193,128,False,9753675,False,1.0,2025-10-22 18:02:33+00:00,0.03280092592592593,9.0
2025-10-22 19:06:20+00:00,8523699669,53384796,131,False,9735353,False,,,30.0,0.0
2025-10-22 19:22:22+00:00,8523719991,1811371866,131,False,9839211,False,,2025-10-20 17:24:16+00:00,2.082013888888889,19.0
2025-10-22 19:22:22+00:00,8523719991,221945821,132,False,9839211,False,,2025-10-22 13:29:05+00:00,0.24533564814814815,27.0
2025-10-22 19:22:22+00:00,8523719991,1634724608,0,True,9677506,True,,2025-10-22 16:14:54+00:00,0.13018518518518518,25.0
2025-10-22 19:22:22+00:00,8523719991,1023487276,129,False,9839211,False,,2025-10-22 16:14:54+00:00,0.13018518518518518,42.0
2025-10-22 19:22:22+00:00,8523719991,367217819,4,True,9677506,True,,2025-10-21 07:30:14+00:00,1.494537037037037,7.0
2025-10-22 19:22:22+00:00,8523719991,919095176,2,True,9677506,True,,2025-10-22 12:49:21+00:00,0.27292824074074074,3.0
2025-10-22 19:22:22+00:00,8523719991,1073866259,128,False,9839211,False,,2025-10-22 14:42:15+00:00,0.19452546296296297,20.0
2025-10-22 19:22:22+00:00,8523719991,339941742,130,False,9839211,False,,2025-10-22 07:24:04+00:00,0.4988194444444444,21.0
2025-10-22 19:22:22+00:00,8523719991,1712916118,1,True,9677506,True,,2025-10-22 12:09:38+00:00,0.30050925925925925,34.0
2025-10-22 19:22:22+00:00,8523719991,297111049,3,True,9677506,True,,2025-10-22 16:14:54+00:00,0.13018518518518518,21.0
2025-10-22 19:48:31+00:00,8523749835,1235283923,131,False,9735353,False,,2025-10-22 19:06:20+00:00,0.02929398148148148,1.0
2025-10-23 17:22:55+00:00,8524945180,86716618,4,True,9735353,True,,2025-10-19 17:27:53+00:00,3.9965509259259258,2.0
2025-10-23 17:22:55+00:00,8524945180,151981696,130,False,9634766,False,,2025-10-04 19:57:26+00:00,18.89269675925926,0.0
2025-10-23 17:22:55+00:00,8524945180,1091863143,1,True,9735353,True,,2025-10-22 20:19:59+00:00,0.8770370370370371,5.0
2025-10-23 17:22:55+00:00,8524945180,1233428665,129,False,9634766,False,,2025-10-22 20:19:59+00:00,0.8770370370370371,3.0
2025-10-23 19:01:25+00:00,8525081925,387624608,2,True,8494848,False,,2025-10-23 18:04:30+00:00,0.039525462962962964,6.0
2025-10-24 00:31:18+00:00,8525350697,265774236,129,False,8843862,False,,2025-10-23 23:14:27+00:00,0.05336805555555556,3.0
2025-10-24 04:04:12+00:00,8525474097,191458152,1,True,9315393,True,,2025-10-24 03:15:39+00:00,0.033715277777777775,12.0
2025-10-24 13:38:39+00:00,8526005864,299247250,131,False,9894442,False,,2025-10-24 12:50:06+00:00,0.033715277777777775,1.0
2025-10-24 13:38:39+00:00,8526005864,376609156,130,False,9894442,False,,2025-10-24 12:50:06+00:00,0.033715277777777775,4.0
2025-10-24 13:46:27+00:00,8526018597,294387499,128,False,9938534,True,,2025-10-24 12:42:17+00:00,0.04456018518518518,4.0
2025-10-24 14:22:51+00:00,8526077693,218606281,131,False,9572165,False,2.0,2025-10-24 13:14:47+00:00,0.047268518518518515,3.0
2025-10-24 14:22:51+00:00,8526077693,139934750,130,False,9572165,False,,2025-10-24 13:14:47+00:00,0.047268518518518515,3.0
2025-10-24 14:22:51+00:00,8526077693,176997464,132,False,9572165,False,,2025-10-24 13:14:47+00:00,0.047268518518518515,3.0
2025-10-24 14:22:51+00:00,8526077693,354573226,129,False,9572165,False,1.0,2025-10-24 13:14:47+00:00,0.047268518518518515,3.0
2025-10-25 09:00:59+00:00,8527274180,1150028510,132,False,5014799,False,,2025-10-22 09:49:41+00:00,2.9661805555555554,13.0
2025-10-25 10:14:25+00:00,8527367152,181563525,1,True,9885315,False,,2025-10-25 09:22:53+00:00,0.035787037037037034,13.0
2025-10-25 10:14:25+00:00,8527367152,130503714,0,True,9885315,False,2.0,2025-10-25 09:22:53+00:00,0.035787037037037034,16.0
2025-10-25 10:43:00+00:00,8527395643,177411785,132,False,9895392,False,1.0,2025-10-25 09:33:00+00:00,0.04861111111111111,6.0
2025-10-25 13:53:56+00:00,8527697869,220804071,4,True,9572147,False,2.0,2025-10-25 13:02:52+00:00,0.03546296296296296,5.0
2025-10-25 13:53:56+00:00,8527697869,103077892,3,True,9572147,False,,2025-10-25 13:02:52+00:00,0.03546296296296296,5.0
2025-10-25 15:23:00+00:00,8527861877,909826780,2,True,9231723,False,,2025-10-18 16:26:49+00:00,6.955682870370371,1.0
2025-10-25 15:23:00+00:00,8527861877,289254906,4,True,9231723,False,,2025-10-18 16:26:49+00:00,6.955682870370371,1.0
2025-10-25 15:23:00+00:00,8527861877,1004306103,1,True,9231723,False,,2025-10-18 16:26:49+00:00,6.955682870370371,1.0
2025-10-25 15:23:00+00:00,8527861877,1139204601,3,True,9231723,False,,2025-10-18 16:26:49+00:00,6.955682870370371,1.0
2025-10-25 15:23:00+00:00,8527861877,1131442601,0,True,9231723,False,,2025-10-18 16:26:49+00:00,6.955682870370371,1.0
2025-10-25 16:19:42+00:00,8527964027,1054713427,3,True,9627650,False,,,30.0,0.0
2025-10-26 07:15:51+00:00,8528903418,864976903,129,False,9885928,False,,2025-10-26 05:59:30+00:00,0.053020833333333336,7.0
2025-10-26 08:10:30+00:00,8528964937,105920571,132,False,9098294,False,,2025-10-26 07:05:52+00:00,0.04488425925925926,3.0
2025-10-26 12:03:15+00:00,8529282576,1599601730,131,False,9887333,True,,,30.0,0.0
2025-10-26 12:03:15+00:00,8529282576,1252647675,129,False,9887333,True,,,30.0,0.0
2025-10-26 12:03:15+00:00,8529282576,878486251,1,True,9878122,False,,,30.0,0.0
2025-10-26 12:03:15+00:00,8529282576,1098598273,132,False,9887333,True,,,30.0,0.0
2025-10-26 12:03:15+00:00,8529282576,1444266919,130,False,9887333,True,,,30.0,0.0
2025-10-26 13:34:05+00:00,8529444659,1477866898,1,True,9938134,False,,,30.0,0.0
2025-10-26 14:39:56+00:00,8529569523,1144348658,3,True,9897021,False,,,30.0,0.0
2025-10-26 14:39:56+00:00,8529569523,1141565683,2,True,9897021,False,,,30.0,0.0
2025-10-26 14:39:56+00:00,8529569523,1124869565,0,True,9897021,False,,,30.0,0.0
2025-10-26 14:39:56+00:00,8529569523,1430101332,4,True,9897021,False,,,30.0,0.0
2025-10-26 14:39:56+00:00,8529569523,1675824236,1,True,9897021,False,,,30.0,0.0
2025-10-26 15:49:52+00:00,8529694010,1109020527,0,True,9916669,False,,2025-10-19 14:11:25+00:00,7.068368055555555,0.0
2025-10-26 15:49:52+00:00,8529694010,1264519871,1,True,9916669,False,,2025-10-19 14:11:25+00:00,7.068368055555555,0.0
2025-10-26 15:49:52+00:00,8529694010,858455759,4,True,9916669,False,,,30.0,0.0
2025-10-26 15:49:52+00:00,8529694010,1275491519,3,True,9916669,False,,2025-10-19 14:11:25+00:00,7.068368055555555,0.0
2025-10-26 15:49:52+00:00,8529694010,1849246039,2,True,9916669,False,,,30.0,0.0
2025-10-26 17:09:32+00:00,8529824758,283758836,128,False,9938549,True,,2025-10-26 14:39:56+00:00,0.10388888888888889,1.0
2025-10-26 17:09:32+00:00,8529824758,337900635,1,True,9782864,False,,2025-10-26 15:49:52+00:00,0.055324074074074074,3.0
2025-10-26 17:09:32+00:00,8529824758,289655272,132,False,9938549,True,,2025-10-26 14:39:56+00:00,0.10388888888888889,1.0
2025-10-26 17:09:32+00:00,8529824758,252046985,130,False,9938549,True,,2025-10-26 14:39:56+00:00,0.10388888888888889,1.0
2025-10-26 17:09:32+00:00,8529824758,179849835,131,False,9938549,True,,2025-10-26 14:39:56+00:00,0.10388888888888889,1.0
2025-10-26 17:09:32+00:00,8529824758,1005639286,129,False,9938549,True,,2025-10-26 14:39:56+00:00,0.10388888888888889,1.0
2025-10-26 21:04:56+00:00,8530151824,228516683,4,True,9753675,False,1.0,2025-10-26 20:06:57+00:00,0.04026620370370371,13.0
2025-10-26 21:04:56+00:00,8530151824,198851570,1,True,9753675,False,,2025-10-26 20:06:57+00:00,0.04026620370370371,15.0
2025-10-26 21:04:56+00:00,8530151824,148180390,3,True,9753675,False,,2025-10-26 20:06:57+00:00,0.04026620370370371,15.0
2025-10-28 05:16:23+00:00,8531948513,348722410,1,True,9879852,False,,2025-10-28 04:02:00+00:00,0.05165509259259259,11.0
2025-10-28 17:07:27+00:00,8532756457,119315361,128,False,8971308,False,,2025-10-28 16:03:17+00:00,0.04456018518518518,9.0
2025-10-28 19:02:01+00:00,8532918920,1064768679,3,True,9800464,True,,2025-10-28 14:51:21+00:00,0.17407407407407408,2.0
2025-10-29 06:22:34+00:00,8533421717,1669577647,1,True,9332084,True,,2025-10-29 05:33:26+00:00,0.03412037037037037,7.0
2025-10-29 06:22:34+00:00,8533421717,1669067572,0,True,9332084,True,,2025-10-29 05:33:26+00:00,0.03412037037037037,7.0
2025-10-29 06:22:34+00:00,8533421717,1669772146,3,True,9332084,True,,2025-10-29 05:33:26+00:00,0.03412037037037037,7.0
2025-10-29 06:22:34+00:00,8533421717,1669769919,4,True,9332084,True,,2025-10-29 05:33:26+00:00,0.03412037037037037,7.0
2025-10-29 06:22:34+00:00,8533421717,1669407626,2,True,9332084,True,,2025-10-29 05:33:26+00:00,0.03412037037037037,7.0
2025-10-29 08:15:00+00:00,8533500906,1425359001,128,False,8893840,True,,2025-10-29 07:32:55+00:00,0.02922453703703704,8.0
2025-10-29 08:15:00+00:00,8533500906,1271501667,131,False,8893840,True,,2025-10-29 07:32:55+00:00,0.02922453703703704,8.0
2025-10-29 08:15:00+00:00,8533500906,1622228403,132,False,8893840,True,,2025-10-29 07:32:55+00:00,0.02922453703703704,8.0
2025-10-29 08:15:00+00:00,8533500906,1290724173,130,False,8893840,True,,2025-10-29 07:32:55+00:00,0.02922453703703704,8.0
2025-10-29 08:15:00+00:00,8533500906,1415353399,129,False,8893840,True,,2025-10-29 07:32:55+00:00,0.02922453703703704,8.0
2025-10-29 16:37:31+00:00,8534146935,1156943782,1,True,9627650,False,,,30.0,0.0
2025-10-30 06:28:49+00:00,8534850377,1533499102,4,True,8864178,True,,2025-10-30 05:35:24+00:00,0.03709490740740741,10.0
2025-10-30 06:28:49+00:00,8534850377,1532806426,1,True,8864178,True,,2025-10-30 05:35:24+00:00,0.03709490740740741,10.0
2025-10-30 06:28:49+00:00,8534850377,1470752474,3,True,8864178,True,,2025-10-30 05:35:24+00:00,0.03709490740740741,10.0
2025-10-30 06:28:49+00:00,8534850377,1459311384,0,True,8864178,True,,2025-10-30 05:35:24+00:00,0.03709490740740741,10.0
2025-10-30 06:28:49+00:00,8534850377,1459382454,2,True,8864178,True,,2025-10-30 05:35:24+00:00,0.03709490740740741,10.0
2025-10-30 08:28:30+00:00,8534936673,1543900587,131,False,8893825,True,,2025-10-30 07:46:26+00:00,0.02921296296296296,6.0
2025-10-30 08:28:30+00:00,8534936673,1423366323,128,False,8893825,True,,2025-10-30 07:46:26+00:00,0.02921296296296296,6.0
2025-10-30 08:28:30+00:00,8534936673,1459205302,130,False,8893825,True,,2025-10-30 07:46:26+00:00,0.02921296296296296,6.0
2025-10-30 08:28:30+00:00,8534936673,1458610209,129,False,8893825,True,,2025-10-30 07:46:26+00:00,0.02921296296296296,6.0
2025-10-30 08:28:30+00:00,8534936673,1459124273,132,False,8893825,True,,2025-10-30 07:46:26+00:00,0.02921296296296296,6.0
2025-10-30 09:50:25+00:00,8535006176,1669730945,4,True,9332069,False,,2025-10-30 09:07:45+00:00,0.02962962962962963,7.0
2025-10-30 09:50:25+00:00,8535006176,1669300091,2,True,9332069,False,,2025-10-30 09:07:45+00:00,0.02962962962962963,7.0
2025-10-30 09:50:25+00:00,8535006176,1525057958,130,False,9018528,True,,2025-10-30 09:07:45+00:00,0.02962962962962963,9.0
2025-10-30 09:50:25+00:00,8535006176,1525266647,129,False,9018528,True,,2025-10-30 09:07:45+00:00,0.02962962962962963,9.0
2025-10-30 09:50:25+00:00,8535006176,1669583127,1,True,9332069,False,,2025-10-30 09:07:45+00:00,0.02962962962962963,7.0
2025-10-30 09:50:25+00:00,8535006176,1524955916,128,False,9018528,True,,2025-10-30 09:07:45+00:00,0.02962962962962963,9.0
2025-10-30 09:50:25+00:00,8535006176,1552711645,132,False,9018528,True,,2025-10-30 09:07:45+00:00,0.02962962962962963,9.0
2025-10-30 09:50:25+00:00,8535006176,1524969195,131,False,9018528,True,,2025-10-30 09:07:45+00:00,0.02962962962962963,9.0
2025-10-30 09:50:25+00:00,8535006176,1669449384,0,True,9332069,False,,2025-10-30 09:07:45+00:00,0.02962962962962963,7.0
2025-10-30 09:50:25+00:00,8535006176,1670825435,3,True,9332069,False,,2025-10-30 09:07:45+00:00,0.02962962962962963,7.0
2025-10-30 11:14:08+00:00,8535090207,1650802469,4,True,9330493,False,,2025-10-30 10:27:55+00:00,0.032094907407407405,7.0
2025-10-30 11:14:08+00:00,8535090207,1526386891,132,False,8893837,True,,2025-10-30 10:27:55+00:00,0.032094907407407405,6.0
2025-10-30 11:14:08+00:00,8535090207,1513040880,131,False,8893837,True,,2025-10-30 10:27:55+00:00,0.032094907407407405,6.0
2025-10-30 11:14:08+00:00,8535090207,1529282248,129,False,8893837,True,,2025-10-30 10:27:55+00:00,0.032094907407407405,6.0
2025-10-30 11:14:08+00:00,8535090207,1649896695,2,True,9330493,False,,2025-10-30 10:27:55+00:00,0.032094907407407405,7.0
2025-10-30 11:14:08+00:00,8535090207,1650011474,3,True,9330493,False,,2025-10-30 10:27:55+00:00,0.032094907407407405,7.0
2025-10-30 11:14:08+00:00,8535090207,1649821650,0,True,9330493,False,,2025-10-30 10:27:55+00:00,0.032094907407407405,7.0
2025-10-30 11:14:08+00:00,8535090207,1427100407,128,False,8893837,True,,2025-10-30 10:27:55+00:00,0.032094907407407405,6.0
2025-10-30 11:14:08+00:00,8535090207,1517400698,130,False,8893837,True,,2025-10-30 10:27:55+00:00,0.032094907407407405,6.0
2025-10-30 11:14:08+00:00,8535090207,1649230386,1,True,9330493,False,,2025-10-30 10:27:55+00:00,0.032094907407407405,7.0
2025-10-31 05:49:18+00:00,8536263208,1479790131,4,True,8936507,True,,2025-10-31 05:05:46+00:00,0.03023148148148148,6.0
2025-10-31 05:49:18+00:00,8536263208,1748532667,131,False,9018543,False,,2025-10-31 05:05:46+00:00,0.03023148148148148,6.0
2025-10-31 05:49:18+00:00,8536263208,1300455837,0,True,8936507,True,,2025-10-31 05:05:46+00:00,0.03023148148148148,6.0
2025-10-31 05:49:18+00:00,8536263208,1479402527,3,True,8936507,True,,2025-10-31 05:05:46+00:00,0.03023148148148148,6.0
2025-10-31 05:49:18+00:00,8536263208,1533145710,2,True,8936507,True,,2025-10-31 05:05:46+00:00,0.03023148148148148,6.0
2025-10-31 05:49:18+00:00,8536263208,1524633248,130,False,9018543,False,,2025-10-31 05:05:46+00:00,0.03023148148148148,6.0
2025-10-31 05:49:18+00:00,8536263208,288327980,1,True,8936507,True,,2025-10-31 05:05:46+00:00,0.03023148148148148,6.0
2025-10-31 05:49:18+00:00,8536263208,1524835014,129,False,9018543,False,,2025-10-31 05:05:46+00:00,0.03023148148148148,6.0
2025-10-31 05:49:18+00:00,8536263208,1525361028,132,False,9018543,False,,2025-10-31 05:05:46+00:00,0.03023148148148148,6.0
2025-10-31 05:49:18+00:00,8536263208,1524712001,128,False,9018543,False,,2025-10-31 05:05:46+00:00,0.03023148148148148,6.0
2025-10-31 07:03:23+00:00,8536314710,1649757036,132,False,9330489,True,,2025-10-31 06:28:03+00:00,0.024537037037037038,5.0
2025-10-31 07:03:23+00:00,8536314710,1499558722,4,True,8961813,False,,2025-10-31 06:28:03+00:00,0.024537037037037038,7.0
2025-10-31 07:03:23+00:00,8536314710,1525150785,0,True,8961813,False,,2025-10-31 06:28:03+00:00,0.024537037037037038,7.0
2025-10-31 07:03:23+00:00,8536314710,1649624533,131,False,9330489,True,,2025-10-31 06:28:03+00:00,0.024537037037037038,5.0
2025-10-31 07:03:23+00:00,8536314710,1649604911,129,False,9330489,True,,2025-10-31 06:28:03+00:00,0.024537037037037038,5.0
2025-10-31 07:03:23+00:00,8536314710,1649647648,128,False,9330489,True,,2025-10-31 06:28:03+00:00,0.024537037037037038,5.0
2025-10-31 07:03:23+00:00,8536314710,1499724758,3,True,8961813,False,,2025-10-31 06:28:03+00:00,0.024537037037037038,7.0
2025-10-31 07:03:23+00:00,8536314710,1499784859,2,True,8961813,False,,2025-10-31 06:28:03+00:00,0.024537037037037038,7.0
2025-10-31 07:03:23+00:00,8536314710,1499780198,1,True,8961813,False,,2025-10-31 06:28:03+00:00,0.024537037037037038,7.0
2025-10-31 07:03:23+00:00,8536314710,1650354838,130,False,9330489,True,,2025-10-31 06:28:03+00:00,0.024537037037037038,5.0
2025-10-31 09:00:03+00:00,8536406651,1649400284,4,True,9330492,True,,2025-10-31 08:28:02+00:00,0.022233796296296297,11.0
2025-10-31 09:00:03+00:00,8536406651,1651175928,128,False,9330485,False,,2025-10-31 08:28:02+00:00,0.022233796296296297,6.0
2025-10-31 09:00:03+00:00,8536406651,1651476638,131,False,9330485,False,,2025-10-31 08:28:02+00:00,0.022233796296296297,6.0
2025-10-31 09:00:03+00:00,8536406651,1651252190,132,False,9330485,False,,2025-10-31 08:28:02+00:00,0.022233796296296297,6.0
2025-10-31 09:00:03+00:00,8536406651,1649574363,3,True,9330492,True,,2025-10-31 08:28:02+00:00,0.022233796296296297,11.0
2025-10-31 09:00:03+00:00,8536406651,1651253581,129,False,9330485,False,,2025-10-31 08:28:02+00:00,0.022233796296296297,6.0
2025-10-31 09:00:03+00:00,8536406651,1650007513,2,True,9330492,True,,2025-10-31 08:28:02+00:00,0.022233796296296297,11.0
2025-10-31 09:00:03+00:00,8536406651,1649685725,1,True,9330492,True,,2025-10-31 08:28:02+00:00,0.022233796296296297,11.0
2025-10-31 09:00:03+00:00,8536406651,1650040185,0,True,9330492,True,,2025-10-31 08:28:02+00:00,0.022233796296296297,11.0
2025-10-31 09:00:03+00:00,8536406651,1651174780,130,False,9330485,False,,2025-10-31 08:28:02+00:00,0.022233796296296297,6.0
2025-10-31 10:57:58+00:00,8536517377,1669657737,130,False,9332059,False,,2025-10-31 10:17:08+00:00,0.028356481481481483,5.0
2025-10-31 10:57:58+00:00,8536517377,1669907942,4,True,9332046,True,,2025-10-31 10:17:08+00:00,0.028356481481481483,5.0
2025-10-31 10:57:58+00:00,8536517377,1669346844,132,False,9332059,False,,2025-10-31 10:17:08+00:00,0.028356481481481483,5.0
2025-10-31 10:57:58+00:00,8536517377,1669589984,131,False,9332059,False,,2025-10-31 10:17:08+00:00,0.028356481481481483,5.0
2025-10-31 10:57:58+00:00,8536517377,1669352929,3,True,9332046,True,,2025-10-31 10:17:08+00:00,0.028356481481481483,5.0
2025-10-31 10:57:58+00:00,8536517377,1669387053,1,True,9332046,True,,2025-10-31 10:17:08+00:00,0.028356481481481483,5.0
2025-10-31 10:57:58+00:00,8536517377,1669152990,2,True,9332046,True,,2025-10-31 10:17:08+00:00,0.028356481481481483,5.0
2025-10-31 10:57:58+00:00,8536517377,1669990410,128,False,9332059,False,,2025-10-31 10:17:08+00:00,0.028356481481481483,5.0
2025-10-31 10:57:58+00:00,8536517377,1669386244,0,True,9332046,True,,2025-10-31 10:17:08+00:00,0.028356481481481483,5.0
2025-10-31 10:57:58+00:00,8536517377,1669038778,129,False,9332059,False,,2025-10-31 10:17:08+00:00,0.028356481481481483,5.0
2025-10-31 14:56:49+00:00,8536860177,50204129,129,False,9948986,False,,2025-10-31 13:44:39+00:00,0.05011574074074074,1.0
2025-10-31 15:53:10+00:00,8536955461,190192158,0,True,9948984,False,,2025-10-31 14:39:46+00:00,0.050972222222222224,2.0
2025-11-01 07:25:20+00:00,8537840036,243816705,129,False,9948984,False,,,30.0,0.0
2025-11-01 07:25:20+00:00,8537840036,110427809,1,True,7642015,True,,,30.0,0.0
2025-11-01 07:25:20+00:00,8537840036,139764409,132,False,9948984,False,,2025-10-31 15:53:10+00:00,0.647337962962963,3.0
2025-11-01 07:25:20+00:00,8537840036,415806444,130,False,9948984,False,,2025-10-31 15:53:10+00:00,0.647337962962963,3.0
2025-11-01 07:25:20+00:00,8537840036,1021695760,128,False,9948984,False,,2025-10-31 15:53:10+00:00,0.647337962962963,3.0
2025-11-01 07:25:20+00:00,8537840036,282566732,131,False,9948984,False,,2025-10-31 15:53:10+00:00,0.647337962962963,3.0
2025-11-01 07:28:51+00:00,8537842456,87745449,128,False,2098192,False,,2025-10-31 13:57:36+00:00,0.7300347222222222,2.0
2025-11-01 10:11:24+00:00,8538013132,849451203,130,False,7642015,False,,2025-11-01 07:25:20+00:00,0.11532407407407408,4.0
2025-11-01 10:11:24+00:00,8538013132,90625429,129,False,7642015,False,,2025-11-01 07:25:20+00:00,0.11532407407407408,4.0
2025-11-01 10:11:24+00:00,8538013132,221909983,128,False,7642015,False,,2025-10-31 14:34:10+00:00,0.8175231481481482,3.0
2025-11-01 10:11:24+00:00,8538013132,275456894,131,False,7642015,False,,2025-11-01 07:25:20+00:00,0.11532407407407408,4.0
2025-11-01 10:11:24+00:00,8538013132,157556782,132,False,7642015,False,,2025-11-01 07:25:20+00:00,0.11532407407407408,4.0
2025-11-01 10:24:52+00:00,8538026394,431696092,128,False,2098192,False,,2025-11-01 07:28:51+00:00,0.1222337962962963,3.0
2025-11-01 10:24:52+00:00,8538026394,301629270,132,False,2098192,False,,2025-11-01 07:28:51+00:00,0.1222337962962963,3.0
2025-11-01 10:24:52+00:00,8538026394,1922189447,131,False,2098192,False,,,30.0,0.0
2025-11-01 10:24:52+00:00,8538026394,87103257,130,False,2098192,False,,2025-11-01 07:28:51+00:00,0.1222337962962963,3.0
2025-11-01 10:24:52+00:00,8538026394,104414287,129,False,2098192,False,,2025-11-01 07:28:51+00:00,0.1222337962962963,3.0
2025-11-01 10:25:00+00:00,8538029411,219373349,2,True,9948986,False,,2025-10-31 14:56:49+00:00,0.8112384259259259,2.0
2025-11-01 10:25:00+00:00,8538029411,146870560,4,True,9948986,False,,2025-10-31 14:56:49+00:00,0.8112384259259259,2.0
2025-11-01 10:25:00+00:00,8538029411,156412969,0,True,9948986,False,,2025-10-31 14:56:49+00:00,0.8112384259259259,2.0
2025-11-01 10:25:00+00:00,8538029411,461119243,1,True,9948986,False,,,30.0,0.0
2025-11-01 10:25:00+00:00,8538029411,117743254,3,True,9948986,False,,2025-10-31 14:56:49+00:00,0.8112384259259259,2.0
2025-11-01 10:45:17+00:00,8538052965,351125972,4,True,9948998,False,,2025-11-01 08:55:48+00:00,0.0760300925925926,3.0
2025-11-01 10:45:17+00:00,8538052965,370768407,2,True,9948998,False,,2025-11-01 08:55:48+00:00,0.0760300925925926,3.0
2025-11-01 11:30:58+00:00,8538108128,133879192,1,True,9928175,False,,2025-11-01 08:52:32+00:00,0.11002314814814815,2.0
2025-11-01 11:30:58+00:00,8538108128,123070788,2,True,9928175,False,,2025-11-01 08:52:32+00:00,0.11002314814814815,2.0
2025-11-01 11:30:58+00:00,8538108128,111134812,0,True,9928175,False,,2025-11-01 08:52:32+00:00,0.11002314814814815,2.0
2025-11-01 11:30:58+00:00,8538108128,119515485,4,True,9928175,False,,2025-11-01 08:52:32+00:00,0.11002314814814815,2.0
2025-11-01 11:30:58+00:00,8538108128,344158214,3,True,9928175,False,,2025-11-01 08:52:32+00:00,0.11002314814814815,2.0
2025-11-01 11:56:36+00:00,8538144566,228916210,3,True,9517326,False,,2025-11-01 10:25:00+00:00,0.0636111111111111,5.0
2025-11-01 11:56:36+00:00,8538144566,892044246,1,True,9517326,False,,2025-11-01 10:25:00+00:00,0.0636111111111111,5.0
2025-11-01 11:56:36+00:00,8538144566,86841653,2,True,9517326,False,,2025-11-01 10:25:00+00:00,0.0636111111111111,5.0
2025-11-01 11:56:36+00:00,8538144566,864821625,0,True,9517326,False,,2025-11-01 10:25:00+00:00,0.0636111111111111,5.0
2025-11-01 13:16:32+00:00,8538265602,179596651,129,False,9538630,False,,2025-11-01 10:16:23+00:00,0.12510416666666666,6.0
2025-11-01 13:16:32+00:00,8538265602,339534588,131,False,9538630,False,,2025-11-01 10:16:23+00:00,0.12510416666666666,6.0
2025-11-01 13:16:32+00:00,8538265602,150413473,132,False,9538630,False,,2025-11-01 10:16:23+00:00,0.12510416666666666,6.0
2025-11-01 13:16:32+00:00,8538265602,320685889,128,False,9538630,False,,2025-11-01 10:16:23+00:00,0.12510416666666666,6.0
2025-11-01 13:42:32+00:00,8538309674,346998401,128,False,9917512,False,,2025-11-01 11:30:58+00:00,0.09136574074074075,8.0
2025-11-01 13:42:32+00:00,8538309674,839392173,129,False,9917512,False,,2025-11-01 11:30:58+00:00,0.09136574074074075,8.0
2025-11-01 13:42:32+00:00,8538309674,172798824,130,False,9917512,False,,2025-11-01 11:30:58+00:00,0.09136574074074075,8.0
2025-11-01 13:42:32+00:00,8538309674,299333421,132,False,9917512,False,,2025-11-01 11:30:58+00:00,0.09136574074074075,8.0
2025-11-01 13:42:32+00:00,8538309674,401932055,131,False,9917512,False,,2025-11-01 11:30:58+00:00,0.09136574074074075,8.0
2025-11-01 15:15:31+00:00,8538470904,172715549,2,True,7777322,True,,2025-10-25 16:19:42+00:00,6.955428240740741,1.0
2025-11-01 15:15:31+00:00,8538470904,1348924193,3,True,7777322,True,,2025-10-28 19:02:01+00:00,3.8427083333333334,2.0
2025-11-01 15:15:31+00:00,8538470904,267068676,131,False,9735353,False,,,30.0,0.0
2025-11-01 15:15:31+00:00,8538470904,316289232,132,False,9735353,False,,,30.0,0.0
2025-11-01 16:11:03+00:00,8538567555,368992912,0,True,9948998,False,,2025-11-01 13:42:32+00:00,0.10313657407407407,5.0
2025-11-01 16:11:03+00:00,8538567555,190800902,3,True,9948998,False,,2025-11-01 13:42:32+00:00,0.10313657407407407,5.0
2025-11-01 16:11:03+00:00,8538567555,238988125,1,True,9948998,False,,2025-11-01 13:42:32+00:00,0.10313657407407407,4.0
2025-11-01 16:11:03+00:00,8538567555,451261772,4,True,9948998,False,,2025-11-01 13:42:32+00:00,0.10313657407407407,1.0
2025-11-01 16:11:03+00:00,8538567555,176752974,2,True,9948998,False,,2025-11-01 13:42:32+00:00,0.10313657407407407,1.0
2025-11-02 12:36:54+00:00,8539908790,1642627807,4,True,9033695,False,,2025-11-02 11:29:45+00:00,0.04663194444444444,8.0
2025-11-02 12:36:54+00:00,8539908790,917316246,3,True,9033695,False,,2025-11-02 11:29:45+00:00,0.04663194444444444,8.0
2025-11-02 12:36:54+00:00,8539908790,207164049,0,True,9033695,False,,2025-11-02 11:29:45+00:00,0.04663194444444444,8.0
2025-11-02 12:36:54+00:00,8539908790,337979991,1,True,9033695,False,,2025-11-02 11:29:45+00:00,0.04663194444444444,8.0
2025-11-02 16:30:00+00:00,8540312114,450107852,1,True,9499252,False,,2025-11-02 15:38:42+00:00,0.035625,11.0
2025-11-02 16:30:00+00:00,8540312114,242931535,3,True,9499252,False,,2025-11-02 15:38:42+00:00,0.035625,11.0
2025-11-02 16:30:00+00:00,8540312114,353957877,0,True,9499252,False,,2025-11-02 15:38:42+00:00,0.035625,11.0
2025-11-02 16:30:00+00:00,8540312114,233706218,4,True,9499252,False,2.0,2025-11-02 15:38:42+00:00,0.035625,11.0
2025-11-02 16:30:00+00:00,8540312114,209096834,2,True,9499252,False,,2025-11-02 15:38:42+00:00,0.035625,11.0
2025-11-03 00:31:24+00:00,8540863825,1833243327,130,False,2425246,False,,,30.0,0.0
2025-11-03 00:31:24+00:00,8540863825,130275040,1,True,9455993,True,,,30.0,0.0
2025-11-03 00:31:24+00:00,8540863825,1694519814,131,False,2425246,False,,,30.0,0.0
2025-11-07 00:04:13+00:00,8546470088,872625732,128,False,9710443,False,,2025-11-06 23:14:18+00:00,0.03466435185185185,1.0
2025-11-07 16:58:00+00:00,8547430485,120365248,132,False,9691225,False,,2025-11-07 16:02:59+00:00,0.03820601851851852,3.0
2025-11-07 21:19:25+00:00,8547785346,1124446711,132,False,6165106,True,,2025-11-06 18:55:15+00:00,1.1001157407407407,1.0
2025-11-08 00:09:36+00:00,8547923346,307524380,131,False,9731241,False,,2025-11-07 23:14:07+00:00,0.038530092592592595,1.0
2025-11-08 17:19:57+00:00,8549098397,292056520,132,False,9958028,False,,,30.0,0.0
2025-11-09 00:28:05+00:00,8549601375,274709016,129,False,9731241,False,,2025-11-08 23:18:09+00:00,0.04856481481481482,1.0
2025-11-09 13:17:47+00:00,8550400705,1142059815,128,False,9939455,True,,,30.0,0.0
2025-11-09 13:17:47+00:00,8550400705,224479686,2,True,2425246,False,,,30.0,0.0
2025-11-09 13:17:47+00:00,8550400705,1405735123,130,False,9939455,True,,2025-11-07 21:19:25+00:00,1.6655324074074074,4.0
2025-11-09 13:17:47+00:00,8550400705,1921182947,132,False,9939455,True,,,30.0,0.0
2025-11-09 13:40:41+00:00,8550443080,438626610,129,False,9782864,True,,2025-10-26 17:09:32+00:00,13.854965277777778,0.0
2025-11-09 13:40:41+00:00,8550443080,1084216679,2,True,9938134,False,,2025-10-26 13:34:05+00:00,14.004583333333333,0.0
2025-11-09 13:40:41+00:00,8550443080,410828198,130,False,9782864,True,,,30.0,0.0
2025-11-09 13:40:41+00:00,8550443080,1228933274,1,True,9938134,False,,,30.0,0.0
2025-11-09 13:40:41+00:00,8550443080,128687158,131,False,9782864,True,,2025-10-26 17:09:32+00:00,13.854965277777778,0.0
2025-11-09 13:40:41+00:00,8550443080,1201526302,0,True,9938134,False,1.0,2025-10-26 13:34:05+00:00,14.004583333333333,0.0
2025-11-09 13:40:41+00:00,8550443080,1463612406,4,True,9938134,False,,2025-10-26 13:34:05+00:00,14.004583333333333,0.0
2025-11-09 13:40:41+00:00,8550443080,259942760,128,False,9782864,True,,2025-10-26 17:09:32+00:00,13.854965277777778,0.0
2025-11-09 13:40:41+00:00,8550443080,1035526003,3,True,9938134,False,,2025-10-26 13:34:05+00:00,14.004583333333333,0.0
2025-11-09 13:40:41+00:00,8550443080,98080418,132,False,9782864,True,,2025-10-26 17:09:32+00:00,13.854965277777778,0.0
2025-11-09 13:46:35+00:00,8550454019,111197622,0,True,8893663,True,,2025-10-19 16:50:42+00:00,20.872141203703702,0.0
2025-11-09 13:46:35+00:00,8550454019,91665260,2,True,8893663,True,,2025-10-19 16:50:42+00:00,20.872141203703702,0.0
2025-11-09 13:46:35+00:00,8550454019,55045938,3,True,8893663,True,,2025-10-19 16:50:42+00:00,20.872141203703702,0.0
2025-11-09 13:46:35+00:00,8550454019,351409299,1,True,8893663,True,,,30.0,0.0
2025-11-09 13:46:35+00:00,8550454019,126245942,4,True,8893663,True,,2025-10-19 16:50:42+00:00,20.872141203703702,0.0
2025-11-09 13:46:35+00:00,8550454019,390241460,132,False,9964460,False,,,30.0,0.0
2025-11-09 17:25:38+00:00,8550822803,1239599690,129,False,9698717,False,,,30.0,0.0
2025-11-09 18:33:32+00:00,8550919461,92586925,3,True,9895247,False,,2025-11-09 15:10:51+00:00,0.14075231481481482,2.0
2025-11-09 18:38:50+00:00,8550927980,1583074351,4,True,9455993,True,,,30.0,0.0
2025-11-09 20:21:11+00:00,8551055558,1130735035,3,True,9455993,True,,,30.0,0.0
2025-11-09 20:21:11+00:00,8551055558,1130921871,1,True,9455993,True,,,30.0,0.0
2025-11-09 20:21:11+00:00,8551055558,217747919,0,True,9455993,True,,2025-11-09 19:25:51+00:00,0.038425925925925926,2.0
2025-11-09 20:21:11+00:00,8551055558,152220715,130,False,6165106,False,,,30.0,0.0
2025-11-09 20:21:11+00:00,8551055558,205609554,129,False,6165106,False,,2025-11-09 19:25:51+00:00,0.038425925925925926,3.0
2025-11-10 17:15:10+00:00,8552173050,233371537,131,False,9956949,False,,2025-11-10 16:27:29+00:00,0.03311342592592593,1.0
2025-11-11 17:28:57+00:00,8553788138,873175607,2,True,9691225,False,1.0,2025-11-11 16:18:00+00:00,0.04927083333333333,3.0
2025-11-11 17:28:57+00:00,8553788138,170879862,3,True,9691225,False,,2025-11-11 16:18:00+00:00,0.04927083333333333,3.0
2025-11-11 17:28:57+00:00,8553788138,127458973,1,True,9691225,False,,2025-11-11 16:18:00+00:00,0.04927083333333333,3.0
2025-11-11 17:28:57+00:00,8553788138,224532966,4,True,9691225,False,,2025-11-11 16:18:00+00:00,0.04927083333333333,1.0
2025-11-11 18:11:47+00:00,8553859046,224909279,0,True,9956456,True,,2025-11-03 17:35:05+00:00,8.02548611111111,0.0
2025-11-11 18:11:47+00:00,8553859046,1132010207,1,True,9956456,True,,2025-11-03 17:35:05+00:00,8.02548611111111,0.0
2025-11-11 18:11:47+00:00,8553859046,210354035,2,True,9956456,True,,2025-11-03 17:35:05+00:00,8.02548611111111,0.0
2025-11-11 18:11:47+00:00,8553859046,214961002,3,True,9956456,True,,2025-11-03 17:35:05+00:00,8.02548611111111,0.0
2025-11-11 18:11:47+00:00,8553859046,339937633,130,False,9949210,False,,,30.0,0.0
2025-11-11 19:16:55+00:00,8553958988,126127817,131,False,9256405,False,,2025-11-11 18:19:20+00:00,0.03998842592592593,10.0
2025-11-11 19:16:55+00:00,8553958988,836056780,129,False,9256405,False,,2025-11-11 18:19:20+00:00,0.03998842592592593,7.0
2025-11-12 09:17:19+00:00,8554632368,1011610122,131,False,9957005,True,,,30.0,0.0
2025-11-12 12:50:06+00:00,8554888226,854440062,132,False,9957175,False,,2025-11-12 10:29:36+00:00,0.09756944444444444,3.0
2025-11-12 14:10:50+00:00,8555025939,340701445,0,True,9964701,True,,,30.0,0.0
2025-11-12 16:14:58+00:00,8555261230,1036304090,0,True,9361469,False,,2025-11-06 18:55:15+00:00,5.8886921296296295,1.0
2025-11-12 16:14:58+00:00,8555261230,316422980,129,False,6165106,True,,,30.0,0.0
2025-11-12 19:05:33+00:00,8555531470,245442583,3,True,9691622,True,,2025-11-12 18:02:57+00:00,0.043472222222222225,3.0
2025-11-12 19:23:40+00:00,8555553197,1566861257,1,True,9691895,False,,2025-11-12 18:06:10+00:00,0.05381944444444445,3.0
2025-11-12 19:23:40+00:00,8555553197,1458814221,0,True,9691895,False,,2025-11-12 18:06:10+00:00,0.05381944444444445,3.0
2025-11-12 19:23:40+00:00,8555553197,127371320,3,True,9691895,False,,2025-11-12 18:06:10+00:00,0.05381944444444445,3.0
2025-11-12 19:23:40+00:00,8555553197,347193635,2,True,9691895,False,,2025-11-12 18:06:10+00:00,0.05381944444444445,3.0
2025-11-12 19:23:40+00:00,8555553197,73091210,4,True,9691895,False,,2025-11-12 18:06:10+00:00,0.05381944444444445,3.0
2025-11-13 05:09:52+00:00,8556023285,445051808,129,False,9722899,False,,2025-11-13 04:17:32+00:00,0.03634259259259259,1.0
2025-11-13 15:21:20+00:00,8556723811,226683686,4,True,9957175,False,,2025-11-13 09:18:20+00:00,0.2520833333333333,1.0
2025-11-13 20:15:15+00:00,8557182524,896370474,2,True,9956872,False,,2025-11-13 19:26:21+00:00,0.03395833333333333,2.0
2025-11-13 20:15:15+00:00,8557182524,140188853,3,True,9956872,False,,2025-11-13 19:26:21+00:00,0.03395833333333333,2.0
2025-11-13 20:15:15+00:00,8557182524,1674619194,4,True,9956872,False,,2025-11-13 19:26:21+00:00,0.03395833333333333,2.0
2025-11-13 20:15:15+00:00,8557182524,228370263,1,True,9956872,False,,2025-11-13 19:26:21+00:00,0.03395833333333333,2.0
2025-11-13 20:15:15+00:00,8557182524,1017552598,0,True,9956872,False,,2025-11-13 19:26:21+00:00,0.03395833333333333,2.0
2025-11-14 14:46:53+00:00,8558226821,314385372,3,True,9530295,False,,2025-11-14 09:40:37+00:00,0.21268518518518517,6.0
2025-11-14 17:24:08+00:00,8558530026,1005963447,3,True,9957175,False,,2025-11-13 15:21:20+00:00,1.0852777777777778,6.0
2025-11-14 17:24:08+00:00,8558530026,220722971,0,True,9957175,False,,2025-11-13 15:21:20+00:00,1.0852777777777778,6.0
2025-11-14 17:24:08+00:00,8558530026,200241903,4,True,9957175,False,,,30.0,0.0
2025-11-14 17:24:08+00:00,8558530026,166937875,1,True,9957175,False,,2025-11-13 15:21:20+00:00,1.0852777777777778,4.0
2025-11-14 18:08:29+00:00,8558608521,258816940,131,False,9956949,False,,2025-11-10 17:15:10+00:00,4.037025462962963,2.0
2025-11-14 18:08:29+00:00,8558608521,145269702,132,False,9956949,False,,2025-11-10 17:15:10+00:00,4.037025462962963,2.0
2025-11-14 18:08:29+00:00,8558608521,1225798805,130,False,9956949,False,,2025-11-10 17:15:10+00:00,4.037025462962963,2.0
2025-11-14 18:08:29+00:00,8558608521,127186235,129,False,9956949,False,,2025-11-10 17:15:10+00:00,4.037025462962963,2.0
2025-11-14 18:08:29+00:00,8558608521,30966600,128,False,9956949,False,,,30.0,0.0
2025-11-15 00:43:25+00:00,8559072216,99803639,132,False,8843862,False,,2025-11-14 23:33:54+00:00,0.048275462962962964,1.0
2025-11-15 11:33:51+00:00,8559709522,114118637,131,False,9957005,False,,2025-11-15 10:38:41+00:00,0.03831018518518518,7.0
2025-11-15 11:33:51+00:00,8559709522,5906630,132,False,9957005,False,,2025-11-15 10:38:41+00:00,0.03831018518518518,8.0
2025-11-15 15:53:06+00:00,8560199939,1039452633,4,True,7777322,False,,2025-10-25 16:19:42+00:00,20.981527777777778,0.0
2025-11-15 16:08:01+00:00,8560226286,111941535,3,True,9956910,False,,2025-11-15 15:08:58+00:00,0.04100694444444444,8.0
2025-11-15 16:08:01+00:00,8560226286,314046420,130,False,9956929,True,,2025-11-15 15:08:58+00:00,0.04100694444444444,1.0
2025-11-15 18:02:34+00:00,8560438699,409811360,129,False,9966313,True,,2025-11-15 15:53:06+00:00,0.08990740740740741,1.0
2025-11-15 18:02:34+00:00,8560438699,189317657,128,False,9966313,True,,2025-11-15 15:53:06+00:00,0.08990740740740741,1.0
2025-11-15 18:02:34+00:00,8560438699,201812568,131,False,9966313,True,,2025-11-15 15:53:06+00:00,0.08990740740740741,1.0
2025-11-15 18:02:34+00:00,8560438699,1673660021,130,False,9966313,True,,2025-11-15 15:53:06+00:00,0.08990740740740741,1.0
2025-11-15 18:02:34+00:00,8560438699,1674721988,132,False,9966313,True,,2025-11-15 15:53:06+00:00,0.08990740740740741,1.0
2025-11-15 19:44:59+00:00,8560610910,277488080,3,True,9824920,False,,2025-11-15 18:46:03+00:00,0.04092592592592593,1.0
2025-11-15 19:44:59+00:00,8560610910,176152932,1,True,9824920,False,,2025-11-15 18:46:03+00:00,0.04092592592592593,1.0
2025-11-15 19:44:59+00:00,8560610910,416312988,0,True,9824920,False,,2025-11-15 18:46:03+00:00,0.04092592592592593,1.0
2025-11-15 19:44:59+00:00,8560610910,376361641,4,True,9824920,False,,2025-11-15 18:46:03+00:00,0.04092592592592593,1.0
2025-11-15 19:44:59+00:00,8560610910,117887286,2,True,9824920,False,,2025-11-15 18:46:03+00:00,0.04092592592592593,1.0
2025-11-16 11:20:03+00:00,8561620415,284780604,129,False,9956943,False,,2025-11-16 10:16:43+00:00,0.04398148148148148,10.0
2025-11-16 14:58:52+00:00,8562044571,209965605,3,True,9867013,True,,,30.0,0.0
2025-11-16 14:58:52+00:00,8562044571,855300499,131,False,9505989,False,2.0,,30.0,0.0
2025-11-16 15:24:13+00:00,8562085992,327280463,1,True,9956929,False,,2025-11-16 14:16:25+00:00,0.04708333333333333,9.0
2025-11-16 15:24:13+00:00,8562085992,191172480,2,True,9956929,False,,2025-11-16 14:16:25+00:00,0.04708333333333333,11.0
2025-11-16 15:24:13+00:00,8562085992,901963357,0,True,9956929,False,,2025-11-16 14:16:25+00:00,0.04708333333333333,11.0
2025-11-16 15:42:02+00:00,8562127408,338729842,131,False,9965820,True,,,30.0,0.0
2025-11-16 16:46:37+00:00,8562245826,1665119043,128,False,9965820,True,,2025-11-16 15:42:02+00:00,0.044849537037037035,2.0
2025-11-16 16:46:37+00:00,8562245826,355003833,3,True,9634766,False,,,30.0,0.0
2025-11-16 17:02:34+00:00,8562273323,317069167,128,False,9956694,False,,2025-11-16 16:16:13+00:00,0.0321875,3.0
2025-11-16 17:02:34+00:00,8562273323,216517213,129,False,9956694,False,,2025-11-16 16:16:13+00:00,0.0321875,3.0
2025-11-16 17:02:34+00:00,8562273323,216365374,132,False,9956694,False,,2025-11-16 16:16:13+00:00,0.0321875,3.0
2025-11-16 17:02:34+00:00,8562273323,838897282,130,False,9956694,False,,2025-11-16 16:16:13+00:00,0.0321875,3.0
2025-11-16 17:02:34+00:00,8562273323,872040357,131,False,9956694,False,,2025-11-16 16:16:13+00:00,0.0321875,3.0
2025-11-16 17:16:43+00:00,8562297475,128717874,1,True,9691622,False,,2025-11-16 16:26:53+00:00,0.03460648148148148,3.0
2025-11-16 17:16:43+00:00,8562297475,203247140,3,True,9691622,False,,2025-11-16 16:26:53+00:00,0.03460648148148148,3.0
2025-11-16 17:16:43+00:00,8562297475,239323571,0,True,9691622,False,,2025-11-16 16:26:53+00:00,0.03460648148148148,3.0
2025-11-16 17:16:43+00:00,8562297475,267210104,2,True,9691622,False,,2025-11-16 16:26:53+00:00,0.03460648148148148,1.0
2025-11-16 17:16:43+00:00,8562297475,170992292,4,True,9691622,False,,2025-11-16 16:26:53+00:00,0.03460648148148148,3.0
2025-11-16 19:02:43+00:00,8562462778,288133988,0,True,9964701,False,,2025-11-16 18:05:20+00:00,0.03984953703703704,11.0
2025-11-16 19:02:43+00:00,8562462778,162798290,130,False,9957138,True,,2025-11-16 18:05:20+00:00,0.03984953703703704,12.0
2025-11-16 19:02:43+00:00,8562462778,274709304,3,True,9964701,False,,2025-11-16 18:05:20+00:00,0.03984953703703704,10.0
2025-11-16 19:02:43+00:00,8562462778,422205595,128,False,9957138,True,,2025-11-16 18:05:20+00:00,0.03984953703703704,12.0
2025-11-16 19:02:43+00:00,8562462778,407819069,129,False,9957138,True,,2025-11-16 18:05:20+00:00,0.03984953703703704,12.0
2025-11-16 19:19:19+00:00,8562492620,121368880,128,False,9956692,False,,2025-11-16 18:03:20+00:00,0.052766203703703704,1.0
2025-11-16 19:19:19+00:00,8562492620,1313002325,130,False,9956692,False,,2025-11-16 18:03:20+00:00,0.052766203703703704,1.0
2025-11-16 19:19:19+00:00,8562492620,1136143407,131,False,9956692,False,3.0,2025-11-16 18:03:20+00:00,0.052766203703703704,1.0
2025-11-16 19:19:19+00:00,8562492620,1236483147,129,False,9956692,False,,2025-11-16 18:03:20+00:00,0.052766203703703704,1.0
2025-11-16 19:19:19+00:00,8562492620,1423974733,132,False,9956692,False,,2025-11-16 18:03:20+00:00,0.052766203703703704,1.0
2025-11-17 15:17:07+00:00,8563649022,250547284,0,True,9885310,False,1.0,2025-11-17 14:30:04+00:00,0.03267361111111111,6.0
2025-11-17 17:33:15+00:00,8563874647,1189887560,128,False,9964531,False,,2025-11-17 16:34:30+00:00,0.04079861111111111,3.0
2025-11-17 17:33:15+00:00,8563874647,1506573355,132,False,9964531,False,,2025-11-17 16:34:30+00:00,0.04079861111111111,3.0
2025-11-17 17:33:15+00:00,8563874647,1075363779,130,False,9964531,False,,2025-11-17 16:34:30+00:00,0.04079861111111111,3.0
2025-11-17 17:33:15+00:00,8563874647,442425196,131,False,9964531,False,,2025-11-17 16:34:30+00:00,0.04079861111111111,3.0
2025-11-17 17:33:15+00:00,8563874647,65075379,129,False,9964531,False,,2025-11-17 16:34:30+00:00,0.04079861111111111,3.0
2025-11-17 19:16:45+00:00,8564025335,109572047,132,False,9956691,False,,2025-11-17 18:25:44+00:00,0.03542824074074074,1.0
2025-11-17 19:16:45+00:00,8564025335,357134245,131,False,9956691,False,,2025-11-17 18:25:44+00:00,0.03542824074074074,1.0
2025-11-17 19:16:45+00:00,8564025335,1026146627,130,False,9956691,False,,2025-11-17 18:25:44+00:00,0.03542824074074074,1.0
2025-11-17 19:16:45+00:00,8564025335,421025149,128,False,9956691,False,,2025-11-17 18:25:44+00:00,0.03542824074074074,1.0
2025-11-17 19:16:45+00:00,8564025335,859729982,129,False,9956691,False,,2025-11-17 18:25:44+00:00,0.03542824074074074,1.0
2025-11-18 17:11:40+00:00,8565346564,400770750,3,True,9957959,False,,2025-11-18 16:15:19+00:00,0.03913194444444444,2.0
2025-11-18 17:11:40+00:00,8565346564,61676629,1,True,9957959,False,,2025-11-18 16:15:19+00:00,0.03913194444444444,2.0
2025-11-18 17:11:40+00:00,8565346564,213271253,4,True,9957959,False,,2025-11-18 16:15:19+00:00,0.03913194444444444,2.0
2025-11-18 17:11:40+00:00,8565346564,174821634,0,True,9957959,False,,2025-11-18 16:15:19+00:00,0.03913194444444444,2.0
2025-11-18 17:11:40+00:00,8565346564,905138989,2,True,9957959,False,,2025-11-18 16:15:19+00:00,0.03913194444444444,2.0
2025-11-18 17:22:17+00:00,8565362901,405387077,131,False,9957137,True,,2025-11-18 16:39:22+00:00,0.02980324074074074,1.0
2025-11-18 17:22:17+00:00,8565362901,293043646,130,False,9957137,True,,2025-11-18 16:39:22+00:00,0.02980324074074074,1.0
2025-11-18 17:22:17+00:00,8565362901,1110858511,3,True,9949123,False,,2025-11-18 16:39:22+00:00,0.02980324074074074,1.0
2025-11-18 17:22:17+00:00,8565362901,103614809,128,False,9957137,True,,2025-11-18 16:39:22+00:00,0.02980324074074074,1.0
2025-11-18 17:22:17+00:00,8565362901,117305631,129,False,9957137,True,,2025-11-18 16:39:22+00:00,0.02980324074074074,1.0
2025-11-18 17:22:17+00:00,8565362901,1038567632,132,False,9957137,True,,2025-11-18 16:39:22+00:00,0.02980324074074074,1.0
2025-11-18 17:23:12+00:00,8565363948,113821384,131,False,8623207,False,,2025-11-18 16:27:36+00:00,0.03861111111111111,1.0
2025-11-18 17:23:12+00:00,8565363948,1456896431,129,False,8623207,False,,2025-11-18 16:27:36+00:00,0.03861111111111111,1.0
2025-11-18 17:23:12+00:00,8565363948,393869026,128,False,8623207,False,,2025-11-18 16:27:36+00:00,0.03861111111111111,1.0
2025-11-19 19:14:58+00:00,8566955202,1017373362,0,True,9956417,False,,2025-11-19 18:09:36+00:00,0.04539351851851852,1.0
2025-11-19 19:14:58+00:00,8566955202,168675398,2,True,9956417,False,,2025-11-19 18:09:36+00:00,0.04539351851851852,1.0
2025-11-19 19:14:58+00:00,8566955202,369992051,4,True,9956417,False,,2025-11-19 18:09:36+00:00,0.04539351851851852,1.0
2025-11-19 19:14:58+00:00,8566955202,209277936,3,True,9956417,False,,2025-11-19 18:09:36+00:00,0.04539351851851852,1.0
2025-11-19 19:14:58+00:00,8566955202,850639266,1,True,9956417,False,,2025-11-19 18:09:36+00:00,0.04539351851851852,1.0
2025-11-19 23:11:31+00:00,8567178271,908794219,3,True,8843862,False,,2025-11-15 00:43:25+00:00,4.936180555555556,4.0
2025-11-20 00:10:53+00:00,8567214838,348438868,132,False,8843862,False,,2025-11-19 23:11:31+00:00,0.041226851851851855,5.0
2025-11-20 00:10:53+00:00,8567214838,302787678,1,True,9948718,True,1.0,2025-11-19 23:11:31+00:00,0.041226851851851855,1.0
2025-11-20 00:10:53+00:00,8567214838,100106448,128,False,8843862,False,,2025-11-19 23:11:31+00:00,0.041226851851851855,5.0
2025-11-20 00:10:53+00:00,8567214838,891332773,2,True,9948718,True,,2025-11-19 23:11:31+00:00,0.041226851851851855,1.0
2025-11-20 00:10:53+00:00,8567214838,99622043,131,False,8843862,False,1.0,2025-11-19 23:11:31+00:00,0.041226851851851855,5.0
2025-11-20 00:10:53+00:00,8567214838,101092051,130,False,8843862,False,,2025-11-19 23:11:31+00:00,0.041226851851851855,3.0
2025-11-20 01:28:46+00:00,8567256186,393847908,0,True,9886030,True,,,30.0,0.0
2025-11-20 01:28:46+00:00,8567256186,417512732,131,False,9710443,False,2.0,2025-11-07 00:04:13+00:00,13.058715277777777,0.0
2025-11-20 01:28:46+00:00,8567256186,179284293,2,True,9886030,True,2.0,,30.0,0.0
2025-11-20 17:06:30+00:00,8568222960,1003850864,1,True,9948273,False,,2025-11-20 16:09:52+00:00,0.039328703703703706,1.0
2025-11-20 17:06:30+00:00,8568222960,113989664,3,True,9948273,False,,2025-11-20 16:09:52+00:00,0.039328703703703706,1.0
2025-11-20 17:06:30+00:00,8568222960,1694161622,2,True,9948273,False,,2025-11-20 16:09:52+00:00,0.039328703703703706,1.0
2025-11-20 17:06:30+00:00,8568222960,142597656,4,True,9948273,False,,2025-11-20 16:09:52+00:00,0.039328703703703706,1.0
2025-11-20 19:22:24+00:00,8568416642,1840261681,1,True,9800464,True,,,30.0,0.0
2025-11-20 19:22:24+00:00,8568416642,834942355,2,True,9800464,True,,2025-11-12 17:19:05+00:00,8.085636574074075,0.0
2025-11-21 00:39:44+00:00,8568691308,337777733,132,False,9973579,False,,2025-11-20 23:30:35+00:00,0.04802083333333333,1.0
2025-11-21 17:11:50+00:00,8569745491,1839961995,3,True,9791482,True,,2025-11-21 16:17:46+00:00,0.03754629629629629,1.0
2025-11-21 17:42:16+00:00,8569796016,1522851015,129,False,9823250,False,,2025-11-21 16:36:20+00:00,0.045787037037037036,1.0
2025-11-21 20:04:04+00:00,8570007541,1092336581,132,False,9691418,False,,,30.0,0.0
2025-11-22 17:01:18+00:00,8571496861,101869787,3,True,9949123,False,,2025-11-22 16:06:45+00:00,0.03788194444444445,3.0
2025-11-22 17:01:18+00:00,8571496861,368988497,2,True,9949123,False,,2025-11-22 16:06:45+00:00,0.03788194444444445,1.0
2025-11-22 17:01:18+00:00,8571496861,1673609691,1,True,9949123,False,,2025-11-22 16:06:45+00:00,0.03788194444444445,3.0
2025-11-22 17:01:18+00:00,8571496861,1138420959,0,True,9949123,False,,2025-11-22 16:06:45+00:00,0.03788194444444445,3.0
2025-11-22 17:01:18+00:00,8571496861,304491589,4,True,9949123,False,,2025-11-22 16:06:45+00:00,0.03788194444444445,3.0
2025-11-23 16:01:59+00:00,8573273793,256125031,3,True,9897031,False,,2025-11-15 17:26:03+00:00,7.94162037037037,0.0
2025-11-23 16:01:59+00:00,8573273793,300982912,4,True,9897031,False,,2025-11-15 17:26:03+00:00,7.94162037037037,0.0
2025-11-23 16:59:19+00:00,8573372985,1055817740,4,True,9261979,True,,,30.0,0.0
2025-11-23 16:59:19+00:00,8573372985,1053701107,130,False,9867013,False,1.0,2025-11-16 14:58:52+00:00,7.083645833333334,0.0
2025-11-23 16:59:19+00:00,8573372985,852823577,3,True,9261979,True,,2025-10-12 17:50:16+00:00,30.0,0.0
2025-11-23 16:59:19+00:00,8573372985,1478012601,132,False,9867013,False,,2025-11-16 14:58:52+00:00,7.083645833333334,0.0
2025-11-23 16:59:19+00:00,8573372985,477292277,0,True,9261979,True,,2025-10-12 17:50:16+00:00,30.0,0.0
2025-11-23 16:59:19+00:00,8573372985,155958311,131,False,9867013,False,,2025-11-16 14:58:52+00:00,7.083645833333334,0.0
2025-11-23 16:59:19+00:00,8573372985,183427794,128,False,9867013,False,,2025-11-15 18:02:34+00:00,7.956076388888889,0.0
2025-11-23 16:59:19+00:00,8573372985,181997158,2,True,9261979,True,,,30.0,0.0
2025-11-23 16:59:19+00:00,8573372985,1563460045,129,False,9867013,False,,2025-11-16 14:58:52+00:00,7.083645833333334,0.0
2025-11-23 16:59:19+00:00,8573372985,114459193,1,True,9261979,True,,2025-10-12 17:50:16+00:00,30.0,0.0
2025-11-23 22:29:35+00:00,8573799452,925799201,3,True,9973256,False,,2025-11-23 20:40:45+00:00,0.0755787037037037,8.0
2025-11-23 22:29:35+00:00,8573799452,104480591,4,True,9973256,False,,2025-11-23 20:40:45+00:00,0.0755787037037037,8.0
2025-11-23 22:29:35+00:00,8573799452,149889029,1,True,9973256,False,,2025-11-23 20:40:45+00:00,0.0755787037037037,8.0
2025-11-24 13:57:59+00:00,8574605455,1173994152,130,False,9973273,False,,2025-11-24 13:11:04+00:00,0.032581018518518516,9.0
2025-11-24 13:57:59+00:00,8574605455,332221264,2,True,9973248,True,,2025-11-24 13:11:04+00:00,0.032581018518518516,8.0
2025-11-24 13:57:59+00:00,8574605455,1302032342,129,False,9973273,False,,2025-11-24 13:11:04+00:00,0.032581018518518516,9.0
2025-11-24 13:57:59+00:00,8574605455,171801415,4,True,9973248,True,,2025-11-24 13:11:04+00:00,0.032581018518518516,8.0
2025-11-24 13:57:59+00:00,8574605455,116934015,0,True,9973248,True,1.0,2025-11-24 13:11:04+00:00,0.032581018518518516,8.0
2025-11-24 13:57:59+00:00,8574605455,424661031,1,True,9973248,True,4.0,2025-11-24 13:11:04+00:00,0.032581018518518516,8.0
2025-11-24 13:57:59+00:00,8574605455,26068669,3,True,9973248,True,,2025-11-24 13:11:04+00:00,0.032581018518518516,8.0
2025-11-24 13:57:59+00:00,8574605455,46527182,131,False,9973273,False,,2025-11-24 13:11:04+00:00,0.032581018518518516,9.0
2025-11-24 13:57:59+00:00,8574605455,155056441,128,False,9973273,False,,2025-11-24 13:11:04+00:00,0.032581018518518516,9.0
2025-11-24 13:57:59+00:00,8574605455,241501414,132,False,9973273,False,,2025-11-24 13:11:04+00:00,0.032581018518518516,9.0
2025-11-24 19:39:29+00:00,8575134876,352874540,3,True,9823250,True,,,30.0,0.0
2025-11-24 19:39:29+00:00,8575134876,315605093,130,False,9939455,False,,,30.0,0.0
2025-11-24 19:39:29+00:00,8575134876,819907193,129,False,9939455,False,,,30.0,0.0
2025-11-24 20:29:27+00:00,8575191264,176934392,130,False,9958028,False,,2025-11-24 19:18:31+00:00,0.04925925925925926,1.0
2025-11-24 21:22:42+00:00,8575246744,1337215347,131,False,9973323,False,,2025-11-24 20:26:55+00:00,0.038738425925925926,8.0
2025-11-24 21:22:42+00:00,8575246744,363290342,129,False,9973323,False,,2025-11-24 20:26:55+00:00,0.038738425925925926,8.0
2025-11-24 21:22:42+00:00,8575246744,92423451,132,False,9973323,False,,2025-11-24 20:26:55+00:00,0.038738425925925926,8.0
2025-11-25 16:49:27+00:00,8576356300,24045849,128,False,9194744,False,,2025-11-25 15:32:23+00:00,0.05351851851851852,12.0
2025-11-25 16:49:27+00:00,8576356300,1256269806,130,False,9194744,False,,2025-11-25 15:32:23+00:00,0.05351851851851852,12.0
2025-11-25 16:49:27+00:00,8576356300,80560677,132,False,9194744,False,,2025-11-25 15:32:23+00:00,0.05351851851851852,12.0
2025-11-25 20:07:44+00:00,8576624699,341211008,3,True,9956876,False,,2025-11-25 19:16:58+00:00,0.03525462962962963,1.0
2025-11-25 20:09:33+00:00,8576627920,113589506,0,True,9973390,False,,2025-11-25 18:35:25+00:00,0.06537037037037037,10.0
2025-11-25 20:09:33+00:00,8576627920,363871826,4,True,9973390,False,,2025-11-25 18:35:25+00:00,0.06537037037037037,10.0
2025-11-25 20:09:33+00:00,8576627920,49292857,2,True,9973390,False,,2025-11-25 18:35:25+00:00,0.06537037037037037,10.0
2025-11-25 20:09:33+00:00,8576627920,190100004,3,True,9973390,False,,2025-11-25 18:35:25+00:00,0.06537037037037037,10.0
2025-11-25 20:43:31+00:00,8576663864,132573309,132,False,9078940,False,,2025-11-25 19:12:22+00:00,0.06329861111111111,1.0
2025-11-26 12:23:27+00:00,8577372963,175463659,0,True,9973368,False,,2025-11-26 11:25:24+00:00,0.0403125,10.0
2025-11-26 12:23:27+00:00,8577372963,135942776,3,True,9973368,False,,2025-11-26 11:25:24+00:00,0.0403125,10.0
2025-11-26 12:23:27+00:00,8577372963,86785083,4,True,9973368,False,,2025-11-26 11:25:24+00:00,0.0403125,10.0
2025-11-26 12:23:27+00:00,8577372963,94055778,2,True,9973368,False,,2025-11-26 11:25:24+00:00,0.0403125,10.0
2025-11-26 12:23:27+00:00,8577372963,132851371,1,True,9973368,False,1.0,2025-11-26 11:25:24+00:00,0.0403125,10.0
2025-11-26 16:56:36+00:00,8577806694,398993896,130,False,9958028,False,,2025-11-26 16:14:01+00:00,0.02957175925925926,3.0
2025-11-26 16:56:36+00:00,8577806694,441801921,128,False,9958028,False,,2025-11-26 16:14:01+00:00,0.02957175925925926,1.0
2025-11-26 16:56:36+00:00,8577806694,191838424,132,False,9958028,False,,2025-11-26 16:14:01+00:00,0.02957175925925926,3.0
2025-11-26 16:56:36+00:00,8577806694,339180708,129,False,9958028,False,,2025-11-26 16:14:01+00:00,0.02957175925925926,3.0
2025-11-26 16:56:36+00:00,8577806694,205820973,131,False,9958028,False,,2025-11-26 16:14:01+00:00,0.02957175925925926,3.0
2025-11-26 17:30:47+00:00,8577857051,910596685,132,False,9973333,False,,2025-11-26 16:24:18+00:00,0.046168981481481484,5.0
2025-11-26 17:30:47+00:00,8577857051,154921394,130,False,9973333,False,2.0,2025-11-26 16:24:18+00:00,0.046168981481481484,5.0
2025-11-26 17:30:47+00:00,8577857051,1057776020,131,False,9973333,False,,2025-11-26 16:24:18+00:00,0.046168981481481484,5.0
2025-11-26 17:30:47+00:00,8577857051,1253472325,128,False,9973333,False,,2025-11-26 16:24:18+00:00,0.046168981481481484,5.0
2025-11-26 20:01:25+00:00,8578060136,297439947,132,False,9957083,False,,2025-11-26 19:13:50+00:00,0.03304398148148148,5.0
2025-11-26 20:01:25+00:00,8578060136,250953624,129,False,9957083,False,,2025-11-26 19:13:50+00:00,0.03304398148148148,5.0
2025-11-26 20:01:25+00:00,8578060136,370569333,131,False,9957083,False,,2025-11-26 19:13:50+00:00,0.03304398148148148,5.0
2025-11-26 20:01:25+00:00,8578060136,1287707471,128,False,9957083,False,,2025-11-26 19:13:50+00:00,0.03304398148148148,5.0
2025-11-26 20:01:25+00:00,8578060136,332769380,130,False,9957083,False,,2025-11-26 19:13:50+00:00,0.03304398148148148,5.0
2025-11-26 20:17:53+00:00,8578078864,169804647,129,False,9956278,False,,2025-11-26 19:10:06+00:00,0.04707175925925926,3.0
2025-11-26 20:17:53+00:00,8578078864,1872575064,130,False,9956278,False,,2025-11-26 19:10:06+00:00,0.04707175925925926,3.0
2025-11-26 20:17:53+00:00,8578078864,1258774388,132,False,9956278,False,,2025-11-26 19:10:06+00:00,0.04707175925925926,3.0
2025-11-26 20:17:53+00:00,8578078864,1851164232,128,False,9956278,False,,2025-11-26 19:10:06+00:00,0.04707175925925926,3.0
2025-11-26 20:17:53+00:00,8578078864,1040811479,4,True,9956876,True,,2025-11-26 19:10:06+00:00,0.04707175925925926,1.0
2025-11-26 20:17:53+00:00,8578078864,1674735128,131,False,9956278,False,,2025-11-26 19:10:06+00:00,0.04707175925925926,3.0
2025-11-27 20:02:15+00:00,8579507922,230738400,0,True,8360370,False,,2025-11-27 19:07:50+00:00,0.03778935185185185,3.0
2025-11-27 21:36:18+00:00,8579606114,1520721262,132,False,9964995,False,,2025-11-27 20:20:52+00:00,0.05238425925925926,3.0
2025-11-28 02:06:14+00:00,8579779446,148797254,3,True,9799036,False,2.0,2025-11-28 01:07:34+00:00,0.040740740740740744,1.0
2025-11-28 17:15:01+00:00,8580779209,113802397,4,True,9956444,True,,2025-11-28 16:16:40+00:00,0.04052083333333333,3.0
2025-11-28 17:15:01+00:00,8580779209,1284487300,128,False,9964995,False,,2025-11-28 16:16:40+00:00,0.04052083333333333,5.0
2025-11-28 17:15:01+00:00,8580779209,1021454282,130,False,9964995,False,,2025-11-28 16:16:40+00:00,0.04052083333333333,5.0
2025-11-28 17:15:01+00:00,8580779209,1111446909,132,False,9964995,False,,2025-11-28 16:16:40+00:00,0.04052083333333333,1.0
2025-11-28 18:24:08+00:00,8580889055,1112035160,2,True,8360370,False,,2025-11-28 17:23:29+00:00,0.042118055555555554,2.0
2025-11-28 18:24:08+00:00,8580889055,377488989,1,True,8360370,False,,2025-11-28 17:23:29+00:00,0.042118055555555554,6.0
2025-11-28 18:24:08+00:00,8580889055,1113377821,0,True,8360370,False,,2025-11-28 17:23:29+00:00,0.042118055555555554,6.0
2025-11-28 18:24:08+00:00,8580889055,183711760,4,True,8360370,False,,2025-11-28 17:23:29+00:00,0.042118055555555554,6.0
2025-11-28 18:24:08+00:00,8580889055,1075827899,3,True,8360370,False,,2025-11-28 17:23:29+00:00,0.042118055555555554,6.0
2025-11-28 20:16:55+00:00,8581052089,170697639,0,True,9956373,False,,2025-11-28 19:18:57+00:00,0.040254629629629626,3.0
2025-11-28 20:16:55+00:00,8581052089,816691663,4,True,9956373,False,,2025-11-28 19:18:57+00:00,0.040254629629629626,3.0
2025-11-28 20:16:55+00:00,8581052089,1204954847,1,True,9956373,False,,2025-11-28 19:18:57+00:00,0.040254629629629626,3.0
2025-11-28 21:09:56+00:00,8581119054,115594971,3,True,9956876,False,,2025-11-28 19:39:32+00:00,0.06277777777777778,5.0
2025-11-28 21:09:56+00:00,8581119054,114064101,1,True,9956876,False,,2025-11-28 19:39:32+00:00,0.06277777777777778,5.0
2025-11-28 21:09:56+00:00,8581119054,453515297,4,True,9956876,False,,2025-11-28 19:39:32+00:00,0.06277777777777778,5.0
2025-11-28 21:09:56+00:00,8581119054,146141606,2,True,9956876,False,,2025-11-28 19:39:32+00:00,0.06277777777777778,5.0
2025-11-28 21:09:56+00:00,8581119054,303973769,0,True,9956876,False,,2025-11-28 19:39:32+00:00,0.06277777777777778,1.0
2025-11-28 21:45:14+00:00,8581158691,1425355645,130,False,9634766,False,,,30.0,0.0
2025-11-28 23:06:55+00:00,8581233631,125845797,3,True,9799036,False,,2025-11-28 22:18:57+00:00,0.033310185185185186,6.0
2025-11-28 23:06:55+00:00,8581233631,278599060,0,True,9799036,False,,2025-11-28 22:18:57+00:00,0.033310185185185186,6.0
2025-11-29 13:06:42+00:00,8582061144,21270361,3,True,9677721,False,,2025-11-29 12:05:42+00:00,0.04236111111111111,3.0
2025-11-29 13:06:42+00:00,8582061144,181987328,0,True,9677721,False,1.0,2025-11-29 12:05:42+00:00,0.04236111111111111,3.0
2025-11-29 13:06:42+00:00,8582061144,289190342,1,True,9677721,False,,2025-11-29 12:05:42+00:00,0.04236111111111111,3.0
2025-11-29 15:17:19+00:00,8582279266,1675023758,131,False,9973259,False,,2025-11-29 13:50:43+00:00,0.06013888888888889,10.0
2025-11-29 15:17:19+00:00,8582279266,113331514,132,False,9973259,False,2.0,2025-11-29 13:50:43+00:00,0.06013888888888889,10.0
2025-11-29 15:17:19+00:00,8582279266,766199892,128,False,9973259,False,,2025-11-29 13:50:43+00:00,0.06013888888888889,10.0
2025-11-29 15:17:19+00:00,8582279266,118325938,129,False,9973259,False,,2025-11-29 13:50:43+00:00,0.06013888888888889,10.0
2025-11-29 15:17:19+00:00,8582279266,91535476,130,False,9973259,False,,2025-11-29 13:50:43+00:00,0.06013888888888889,10.0
2025-11-29 20:18:22+00:00,8582800200,1264783348,0,True,9078940,False,,2025-11-29 19:09:02+00:00,0.04814814814814815,4.0
2025-11-29 20:18:22+00:00,8582800200,291800080,3,True,9078940,False,,2025-11-29 19:09:02+00:00,0.04814814814814815,6.0
2025-11-29 20:18:22+00:00,8582800200,460397345,4,True,9078940,False,,2025-11-29 19:09:02+00:00,0.04814814814814815,6.0
2025-11-29 20:18:22+00:00,8582800200,1238825904,1,True,9078940,False,,2025-11-29 19:09:02+00:00,0.04814814814814815,6.0
2025-11-29 20:18:22+00:00,8582800200,134670471,2,True,9078940,False,,2025-11-29 19:09:02+00:00,0.04814814814814815,6.0
2025-11-29 21:18:55+00:00,8582874805,325718439,129,False,9956444,False,,2025-11-29 19:13:04+00:00,0.08739583333333334,5.0
2025-11-29 21:18:55+00:00,8582874805,175080646,131,False,9956444,False,,2025-11-29 19:13:04+00:00,0.08739583333333334,5.0
2025-11-29 21:18:55+00:00,8582874805,1251633645,132,False,9956444,False,,2025-11-29 19:13:04+00:00,0.08739583333333334,1.0
2025-11-29 21:18:55+00:00,8582874805,339558320,130,False,9956444,False,,2025-11-29 19:13:04+00:00,0.08739583333333334,5.0
2025-11-29 21:18:55+00:00,8582874805,241653418,128,False,9956444,False,,2025-11-29 19:13:04+00:00,0.08739583333333334,5.0
2025-11-30 02:11:49+00:00,8583129592,224536329,0,True,9973591,False,,2025-11-30 00:23:37+00:00,0.0751388888888889,6.0
2025-11-30 02:11:49+00:00,8583129592,169359999,2,True,9973591,False,1.0,2025-11-30 00:23:37+00:00,0.0751388888888889,6.0
2025-11-30 11:20:59+00:00,8583689273,81991034,128,False,9973381,False,,2025-11-30 09:42:11+00:00,0.06861111111111111,14.0
2025-11-30 11:20:59+00:00,8583689273,181947989,130,False,9973381,False,,2025-11-30 09:42:11+00:00,0.06861111111111111,14.0
2025-11-30 11:20:59+00:00,8583689273,98720020,131,False,9973381,False,,2025-11-30 09:42:11+00:00,0.06861111111111111,14.0
2025-11-30 13:14:26+00:00,8583899771,856820732,129,False,9886393,False,,2025-11-30 12:24:54+00:00,0.03439814814814815,5.0
2025-11-30 13:18:58+00:00,8583911307,1793737498,132,False,9878122,False,,,30.0,0.0
2025-11-30 13:18:58+00:00,8583911307,225024894,129,False,9878122,False,,2025-10-26 12:03:15+00:00,30.0,0.0
2025-11-30 13:18:58+00:00,8583911307,967699335,0,True,9780786,True,,2025-10-26 14:42:32+00:00,30.0,0.0
2025-11-30 13:18:58+00:00,8583911307,414280536,4,True,9780786,True,,2025-10-26 14:42:32+00:00,30.0,0.0
2025-11-30 13:18:58+00:00,8583911307,1050066223,1,True,9780786,True,,2025-10-26 14:42:32+00:00,30.0,0.0
2025-11-30 13:18:58+00:00,8583911307,1755662969,128,False,9878122,False,,2025-10-26 12:03:15+00:00,30.0,0.0
2025-11-30 13:18:58+00:00,8583911307,1180794800,131,False,9878122,False,,2025-10-26 12:03:15+00:00,30.0,0.0
2025-11-30 13:18:58+00:00,8583911307,1258849919,2,True,9780786,True,,2025-10-26 14:42:32+00:00,30.0,0.0
2025-11-30 13:18:58+00:00,8583911307,1681460814,130,False,9878122,False,,2025-10-26 12:03:15+00:00,30.0,0.0
2025-11-30 13:18:58+00:00,8583911307,1188004586,3,True,9780786,True,,2025-10-26 14:42:32+00:00,30.0,0.0
2025-11-30 17:06:22+00:00,8584320629,1691769671,0,True,9956696,False,,2025-11-30 15:57:19+00:00,0.04795138888888889,9.0
2025-11-30 17:06:22+00:00,8584320629,1469196296,3,True,9956696,False,,2025-11-30 15:57:19+00:00,0.04795138888888889,9.0
2025-11-30 17:06:22+00:00,8584320629,274391608,4,True,9956696,False,,2025-11-30 15:57:19+00:00,0.04795138888888889,9.0
2025-11-30 17:06:22+00:00,8584320629,847205352,1,True,9956696,False,,2025-11-30 15:57:19+00:00,0.04795138888888889,9.0
2025-11-30 17:06:22+00:00,8584320629,181962351,2,True,9956696,False,,2025-11-30 15:57:19+00:00,0.04795138888888889,9.0
2025-11-30 17:39:10+00:00,8584371623,157018751,4,True,9964743,False,,2025-11-30 16:22:28+00:00,0.05326388888888889,10.0
2025-11-30 17:39:10+00:00,8584371623,235192533,3,True,9964743,False,,2025-11-30 16:22:28+00:00,0.05326388888888889,10.0
2025-11-30 17:39:10+00:00,8584371623,321569094,2,True,9964743,False,,2025-11-30 16:22:28+00:00,0.05326388888888889,10.0
2025-11-30 17:39:10+00:00,8584371623,241866350,0,True,9964743,False,,2025-11-30 16:22:28+00:00,0.05326388888888889,10.0
2025-11-30 17:39:10+00:00,8584371623,1680688884,1,True,9964743,False,,2025-11-30 16:22:28+00:00,0.05326388888888889,10.0
2025-11-30 18:20:49+00:00,8584435201,318659544,128,False,9823250,False,,,30.0,0.0
2025-11-30 18:58:29+00:00,8584472202,1296693692,129,False,9973330,True,,2025-11-30 18:03:29+00:00,0.03819444444444445,14.0
2025-11-30 18:58:29+00:00,8584472202,326359546,0,True,9980912,False,,2025-11-30 18:03:29+00:00,0.03819444444444445,8.0
2025-11-30 18:58:29+00:00,8584472202,888955351,3,True,9980912,False,,2025-11-30 18:03:29+00:00,0.03819444444444445,8.0
2025-11-30 18:58:29+00:00,8584472202,165671428,132,False,9973330,True,,2025-11-30 18:03:29+00:00,0.03819444444444445,14.0
2025-11-30 18:58:29+00:00,8584472202,437492432,2,True,9980912,False,,2025-11-30 18:03:29+00:00,0.03819444444444445,8.0
2025-11-30 18:58:29+00:00,8584472202,191734430,130,False,9973330,True,,2025-11-30 18:03:29+00:00,0.03819444444444445,14.0
2025-11-30 18:58:29+00:00,8584472202,115296681,131,False,9973330,True,,2025-11-30 18:03:29+00:00,0.03819444444444445,14.0
2025-11-30 18:58:29+00:00,8584472202,300504856,128,False,9973330,True,,2025-11-30 18:03:29+00:00,0.03819444444444445,14.0
2025-12-05 17:55:45+00:00,8591539514,70256155,130,False,9939455,False,,2025-11-30 18:20:49+00:00,4.982592592592592,1.0
2025-12-05 17:55:45+00:00,8591539514,1003724504,131,False,9939455,False,,2025-11-28 21:45:14+00:00,6.840636574074074,1.0
2025-12-05 17:55:45+00:00,8591539514,316047775,2,True,9455993,True,,2025-11-30 18:20:49+00:00,4.982592592592592,1.0
2025-12-05 17:55:45+00:00,8591539514,832699531,132,False,9939455,False,,,30.0,0.0
2025-12-06 14:09:22+00:00,8592820806,147408273,3,True,9939562,True,,2025-12-06 12:58:59+00:00,0.04887731481481482,4.0
2025-12-06 14:09:22+00:00,8592820806,175762298,129,False,9586122,False,,2025-12-06 12:58:59+00:00,0.04887731481481482,4.0
2025-12-06 15:28:58+00:00,8592963261,87278757,128,False,9956508,False,2.0,2025-12-06 14:22:21+00:00,0.04626157407407407,18.0
2025-12-07 12:03:20+00:00,8594350224,266358608,1,True,9964460,True,,,30.0,0.0
2025-12-07 12:03:20+00:00,8594350224,374868972,4,True,9964460,True,,2025-11-09 13:46:35+00:00,27.92829861111111,0.0
2025-12-07 16:40:42+00:00,8594845073,860579907,129,False,9710803,False,,,30.0,0.0
2025-12-07 16:40:42+00:00,8594845073,1615167004,131,False,9710803,False,,,30.0,0.0
2025-12-07 16:40:42+00:00,8594845073,354863857,132,False,9710803,False,,,30.0,0.0
2025-12-07 16:40:42+00:00,8594845073,925270682,128,False,9710803,False,,,30.0,0.0
2025-12-07 16:40:42+00:00,8594845073,116493491,2,True,9964460,True,,,30.0,0.0
2025-12-07 16:40:42+00:00,8594845073,1159910029,130,False,9710803,False,,,30.0,0.0
2025-12-07 17:30:11+00:00,8594923045,96315854,2,True,9964460,False,,2025-12-07 16:40:42+00:00,0.03436342592592593,2.0
2025-12-07 17:30:11+00:00,8594923045,187909086,3,True,9964460,False,,2025-12-07 16:40:42+00:00,0.03436342592592593,2.0
2025-12-07 17:30:11+00:00,8594923045,113348439,1,True,9964460,False,,,30.0,0.0
2025-12-07 17:30:11+00:00,8594923045,294571932,4,True,9964460,False,,2025-12-07 16:40:42+00:00,0.03436342592592593,1.0
2025-12-07 17:30:11+00:00,8594923045,276356280,0,True,9964460,False,,2025-12-07 16:40:42+00:00,0.03436342592592593,2.0
2025-12-07 17:30:11+00:00,8594923045,1143589718,129,False,9054352,True,,,30.0,0.0
2025-12-13 10:48:20+00:00,8603059846,1090729940,3,True,9641437,False,,2025-12-13 09:25:21+00:00,0.05762731481481481,1.0
2025-12-13 10:48:20+00:00,8603059846,1613292486,4,True,9641437,False,,2025-12-13 09:25:21+00:00,0.05762731481481481,1.0
2025-12-13 10:48:20+00:00,8603059846,324563425,0,True,9641437,False,,2025-12-13 09:25:21+00:00,0.05762731481481481,1.0
2025-12-13 16:15:32+00:00,8603585093,1114362978,131,False,9957513,False,,2025-12-13 14:56:36+00:00,0.054814814814814816,3.0
2025-12-13 16:15:32+00:00,8603585093,260366487,132,False,9957513,False,,2025-12-13 14:56:36+00:00,0.054814814814814816,3.0
2025-12-13 16:15:32+00:00,8603585093,139981263,129,False,9957513,False,,2025-12-13 14:56:36+00:00,0.054814814814814816,3.0
2025-12-13 16:15:32+00:00,8603585093,134244584,130,False,9957513,False,,2025-12-13 14:56:36+00:00,0.054814814814814816,3.0
2025-12-13 18:34:37+00:00,8603798173,1881308276,2,True,9972930,False,,2025-12-13 17:37:54+00:00,0.039386574074074074,1.0
2025-12-13 20:48:37+00:00,8603978409,322868736,129,False,6165106,False,,,30.0,0.0
2025-12-13 20:48:37+00:00,8603978409,839881750,132,False,6165106,False,,,30.0,0.0
2025-12-13 20:48:37+00:00,8603978409,968696770,130,False,6165106,False,,,30.0,0.0
2025-12-13 20:48:37+00:00,8603978409,393879016,1,True,9823250,True,,,30.0,0.0
2025-12-13 20:48:37+00:00,8603978409,456381156,131,False,6165106,False,,,30.0,0.0
2025-12-14 12:17:00+00:00,8604862298,100674884,0,True,9736318,False,,2025-12-14 10:41:14+00:00,0.06650462962962964,4.0
2025-12-14 12:17:00+00:00,8604862298,204735426,4,True,9736318,False,,2025-12-14 10:41:14+00:00,0.06650462962962964,4.0
2025-12-14 15:47:39+00:00,8605230998,327849525,4,True,9477537,True,,2025-12-14 14:49:37+00:00,0.04030092592592593,6.0
2025-12-14 20:19:51+00:00,8605605651,175824034,0,True,9791482,False,,2025-12-14 19:03:06+00:00,0.05329861111111111,7.0
2025-12-14 20:19:51+00:00,8605605651,137340624,2,True,9791482,False,,2025-12-14 19:03:06+00:00,0.05329861111111111,7.0
2025-12-15 06:54:23+00:00,8606034348,1593991392,131,False,9997059,False,,2025-12-15 06:07:42+00:00,0.03241898148148148,1.0
2025-12-15 06:54:23+00:00,8606034348,872078953,132,False,9997059,False,,2025-12-15 06:07:42+00:00,0.03241898148148148,3.0
2025-12-15 13:21:28+00:00,8606379791,910028605,0,True,9247798,True,,2025-12-15 12:20:01+00:00,0.042673611111111114,14.0
2025-12-15 13:21:28+00:00,8606379791,114619230,1,True,9247798,True,,2025-12-15 12:20:01+00:00,0.042673611111111114,14.0
2025-12-16 19:49:13+00:00,8608369307,1669043848,3,True,9823250,False,,,30.0,0.0
2025-12-16 19:49:13+00:00,8608369307,1594036154,132,False,10000533,True,,,30.0,0.0
2025-12-17 06:24:35+00:00,8608791885,229580899,0,True,9722899,True,,2025-12-17 05:19:31+00:00,0.04518518518518518,2.0
2025-12-17 08:07:16+00:00,8608863979,88553213,128,False,9997040,False,,2025-12-17 07:09:14+00:00,0.04030092592592593,7.0
2025-12-17 08:07:16+00:00,8608863979,88508515,131,False,9997040,False,,2025-12-17 07:09:14+00:00,0.04030092592592593,7.0
2025-12-17 08:07:16+00:00,8608863979,89871557,130,False,9997040,False,,2025-12-17 07:09:14+00:00,0.04030092592592593,7.0
2025-12-17 08:07:16+00:00,8608863979,134711350,129,False,9997040,False,,2025-12-17 07:09:14+00:00,0.04030092592592593,7.0
2025-12-17 08:07:16+00:00,8608863979,134276083,132,False,9997040,False,,2025-12-17 07:09:14+00:00,0.04030092592592593,7.0
2025-12-17 10:24:07+00:00,8608973113,118305301,0,True,9997059,False,,2025-12-17 09:16:54+00:00,0.04667824074074074,3.0
2025-12-17 10:24:07+00:00,8608973113,37364878,2,True,9997059,False,,2025-12-17 09:16:54+00:00,0.04667824074074074,5.0
2025-12-17 10:24:07+00:00,8608973113,176648133,3,True,9997059,False,,2025-12-17 09:16:54+00:00,0.04667824074074074,3.0
2025-12-17 10:24:07+00:00,8608973113,107520446,1,True,9997059,False,,2025-12-17 09:16:54+00:00,0.04667824074074074,5.0
2025-12-17 10:24:07+00:00,8608973113,443523970,4,True,9997059,False,,2025-12-17 09:16:54+00:00,0.04667824074074074,3.0
2025-12-17 17:30:46+00:00,8609549576,862966435,131,False,9634766,False,,2025-10-04 19:57:26+00:00,30.0,0.0
2025-12-17 18:37:09+00:00,8609636811,1627380182,3,True,9823250,False,,,30.0,0.0
2025-12-18 05:20:13+00:00,8610103358,411602527,3,True,9798933,False,,2025-12-18 04:05:13+00:00,0.052083333333333336,1.0
2025-12-18 08:36:08+00:00,8610229461,90892734,0,True,9997041,False,,2025-12-18 07:24:33+00:00,0.04971064814814815,12.0
2025-12-18 08:36:08+00:00,8610229461,205813150,3,True,9997041,False,,2025-12-18 07:24:33+00:00,0.04971064814814815,12.0
2025-12-18 08:36:08+00:00,8610229461,140613225,4,True,9997041,False,0.0,2025-12-18 07:24:33+00:00,0.04971064814814815,12.0
2025-12-18 12:02:47+00:00,8610422123,93119769,0,True,9997061,False,,2025-12-18 10:26:04+00:00,0.06716435185185185,10.0
2025-12-18 12:02:47+00:00,8610422123,112377459,1,True,9997061,False,,2025-12-18 10:26:04+00:00,0.06716435185185185,10.0
2025-12-18 12:02:47+00:00,8610422123,101450083,3,True,9997061,False,,2025-12-18 10:26:04+00:00,0.06716435185185185,10.0
2025-12-18 18:31:15+00:00,8610981500,214853734,131,False,9997048,False,1.0,2025-12-18 17:04:04+00:00,0.06054398148148148,13.0
2025-12-18 18:31:15+00:00,8610981500,1075787464,129,False,9997048,False,,2025-12-18 17:04:04+00:00,0.06054398148148148,13.0
2025-12-18 18:31:15+00:00,8610981500,96196828,130,False,9997048,False,,2025-12-18 17:04:04+00:00,0.06054398148148148,13.0
2025-12-19 15:36:53+00:00,8612107077,165571447,128,False,9600942,True,,2025-12-19 14:36:35+00:00,0.041875,9.0
2025-12-19 15:36:53+00:00,8612107077,113995822,131,False,9600942,True,,2025-12-19 14:36:35+00:00,0.041875,9.0
2025-12-19 15:36:53+00:00,8612107077,6922000,1,True,10000094,False,,2025-12-19 14:36:35+00:00,0.041875,13.0
2025-12-19 15:36:53+00:00,8612107077,275501116,0,True,10000094,False,,2025-12-19 14:36:35+00:00,0.041875,13.0
2025-12-19 15:36:53+00:00,8612107077,76482434,4,True,10000094,False,,2025-12-19 14:36:35+00:00,0.041875,13.0
2025-12-21 13:38:02+00:00,8615104454,464782859,1,True,9964469,False,,,30.0,0.0
2025-12-21 13:38:02+00:00,8615104454,1051764466,0,True,9964469,False,1.0,,30.0,0.0
2025-12-21 13:38:02+00:00,8615104454,1132282330,2,True,9964469,False,,,30.0,0.0
2025-12-21 13:38:02+00:00,8615104454,316819393,4,True,9964469,False,,,30.0,0.0
2025-12-21 13:38:02+00:00,8615104454,328966463,3,True,9964469,False,,,30.0,0.0
2025-12-21 16:52:12+00:00,8615424758,413586205,129,False,9995506,False,,2025-12-21 13:38:02+00:00,0.13483796296296297,1.0
2025-12-21 16:52:12+00:00,8615424758,1064810174,130,False,9995506,False,,2025-12-21 13:38:02+00:00,0.13483796296296297,1.0
2025-12-21 16:52:12+00:00,8615424758,901892168,131,False,9995506,False,,2025-12-21 13:38:02+00:00,0.13483796296296297,1.0
2025-12-21 16:52:12+00:00,8615424758,473393406,128,False,9995506,False,,2025-12-21 13:38:02+00:00,0.13483796296296297,1.0
2025-12-21 16:52:12+00:00,8615424758,957186629,132,False,9995506,False,,2025-12-21 13:38:02+00:00,0.13483796296296297,1.0
2025-12-21 17:44:35+00:00,8615498415,903371944,131,False,8815740,False,,,30.0,0.0
2025-12-21 17:44:35+00:00,8615498415,1258998734,129,False,8815740,False,,,30.0,0.0
2025-12-21 17:44:35+00:00,8615498415,348822001,132,False,8815740,False,,,30.0,0.0
2025-12-21 17:44:35+00:00,8615498415,1267884336,130,False,8815740,False,,,30.0,0.0
2025-12-21 17:44:35+00:00,8615498415,1087571271,128,False,8815740,False,,,30.0,0.0
2025-12-22 15:55:34+00:00,8616707181,1507669699,0,True,9823250,False,,,30.0,0.0
2025-12-23 05:29:07+00:00,8617397329,140308801,129,False,9098294,True,,2025-12-23 04:34:19+00:00,0.03805555555555556,1.0
2025-12-23 18:47:03+00:00,8618272332,1603196366,1,True,6165106,True,,,30.0,0.0
2025-12-23 18:47:03+00:00,8618272332,101236995,132,False,9006709,False,,,30.0,0.0
2025-12-23 18:47:03+00:00,8618272332,1012011741,128,False,9006709,False,,2025-12-22 15:55:34+00:00,1.1190856481481481,1.0
2025-12-23 18:47:03+00:00,8618272332,1699557300,131,False,9006709,False,,2025-12-22 15:55:34+00:00,1.1190856481481481,1.0
2025-12-24 10:10:51+00:00,8618933412,1196560665,132,False,9939386,True,,2025-11-26 04:54:00+00:00,28.220034722222223,0.0
2025-12-25 04:03:11+00:00,8619975375,122255316,1,True,9879852,True,,2025-11-22 08:39:31+00:00,30.0,0.0
2025-12-25 09:23:00+00:00,8620191588,101460882,132,False,9098294,False,2.0,2025-12-25 08:17:43+00:00,0.045335648148148146,19.0
2025-12-25 18:48:54+00:00,8620916779,478272881,1,True,9455993,False,,,30.0,0.0
2025-12-25 18:48:54+00:00,8620916779,344499395,130,False,10000533,True,,2025-12-23 18:47:03+00:00,2.001284722222222,1.0
2025-12-26 06:32:03+00:00,8621441885,999961232,130,False,9098294,False,,2025-12-26 05:24:29+00:00,0.046921296296296294,2.0
2025-12-26 08:45:31+00:00,8621539785,391072386,2,True,9939386,False,,2025-12-26 07:43:19+00:00,0.043194444444444445,13.0
2025-12-26 15:01:36+00:00,8621989048,174247009,130,False,9823250,True,,,30.0,0.0
2025-12-26 15:01:36+00:00,8621989048,843154197,129,False,9823250,True,,,30.0,0.0
2025-12-26 15:01:36+00:00,8621989048,297418180,2,True,9006709,False,,2025-12-23 18:47:03+00:00,2.8434375,2.0
2025-12-28 17:19:29+00:00,8625325828,1276893638,128,False,9054352,True,,2025-12-21 17:44:35+00:00,6.982569444444445,1.0
2025-12-28 17:19:29+00:00,8625325828,1675506161,131,False,9054352,True,,2025-12-21 17:44:35+00:00,6.982569444444445,1.0
2025-12-28 17:19:29+00:00,8625325828,1036639380,130,False,9054352,True,,2025-12-21 17:44:35+00:00,6.982569444444445,1.0
2025-12-28 17:19:29+00:00,8625325828,1674401460,132,False,9054352,True,,2025-12-21 17:44:35+00:00,6.982569444444445,1.0
2025-12-28 17:19:29+00:00,8625325828,1829475814,0,True,9887333,False,,2025-10-26 12:03:15+00:00,30.0,0.0
2025-12-28 17:19:29+00:00,8625325828,1829939301,4,True,9887333,False,,,30.0,0.0
2025-12-28 17:19:29+00:00,8625325828,1415129501,129,False,9054352,True,,2025-12-21 17:44:35+00:00,6.982569444444445,1.0
2025-12-28 17:19:29+00:00,8625325828,427536316,2,True,9887333,False,,,30.0,0.0
2025-12-28 17:19:29+00:00,8625325828,227538875,3,True,9887333,False,,,30.0,0.0
2025-12-28 17:19:29+00:00,8625325828,353191049,1,True,9887333,False,,,30.0,0.0
2025-12-29 12:22:33+00:00,8626303464,88933594,129,False,9546449,False,,2025-12-29 11:25:26+00:00,0.03966435185185185,13.0
2025-12-30 08:52:10+00:00,8627475544,176734643,2,True,9798933,False,,2025-12-30 08:07:46+00:00,0.030833333333333334,2.0
2025-12-31 11:20:13+00:00,8629024975,1675675311,130,False,9722899,False,0.0,2025-12-31 10:21:41+00:00,0.04064814814814815,10.0
2025-12-31 11:20:13+00:00,8629024975,457637739,128,False,9722899,False,,2025-12-31 10:21:41+00:00,0.04064814814814815,15.0
2026-01-02 06:53:50+00:00,8631468848,411596849,131,False,10014526,False,2.0,2026-01-02 06:02:39+00:00,0.03554398148148148,1.0
2026-01-03 03:23:16+00:00,8632858889,161042969,131,False,10014526,False,,2026-01-02 06:53:50+00:00,0.8537731481481482,2.0
2026-01-03 03:23:16+00:00,8632858889,1142804923,129,False,10014526,False,,,30.0,0.0
2026-01-03 03:23:16+00:00,8632858889,234162477,132,False,10014526,False,0.0,2025-10-24 13:46:27+00:00,30.0,0.0
2026-01-03 03:23:16+00:00,8632858889,136177710,128,False,10014526,False,,2026-01-02 06:53:50+00:00,0.8537731481481482,2.0
2026-01-03 03:23:16+00:00,8632858889,250353613,130,False,10014526,False,,2026-01-02 06:53:50+00:00,0.8537731481481482,2.0
2026-01-03 04:55:28+00:00,8632922803,113103314,3,True,9444076,False,,2026-01-03 03:23:16+00:00,0.06402777777777778,2.0
2026-01-04 09:29:34+00:00,8634689775,156662698,130,False,9351740,False,1.0,2026-01-04 08:19:52+00:00,0.04840277777777778,1.0
2026-01-05 14:52:31+00:00,8636561559,111780919,131,False,9766265,False,,,30.0,0.0
2026-01-05 15:03:36+00:00,8636578147,380965138,129,False,9505989,False,,2025-11-16 14:58:52+00:00,30.0,0.0
2026-01-05 15:03:36+00:00,8636578147,464480190,131,False,9505989,False,,2025-11-16 14:58:52+00:00,30.0,0.0
2026-01-05 15:03:36+00:00,8636578147,412193285,130,False,9505989,False,,,30.0,0.0
2026-01-05 15:03:36+00:00,8636578147,381775435,132,False,9505989,False,,2025-11-16 14:58:52+00:00,30.0,0.0
2026-01-05 15:03:36+00:00,8636578147,449301066,128,False,9505989,False,,2025-11-16 14:58:52+00:00,30.0,0.0
2026-01-05 17:01:21+00:00,8636738518,1601003552,1,True,9872558,False,,2026-01-05 15:48:05+00:00,0.05087962962962963,1.0
2026-01-05 18:13:02+00:00,8636827957,1021091792,129,False,9455993,True,,2025-12-17 18:37:09+00:00,18.983252314814816,0.0
2026-01-05 21:09:54+00:00,8637036387,1821156468,1,True,9538442,False,,,30.0,0.0
2026-01-05 21:09:54+00:00,8637036387,1266217100,4,True,9538442,False,,,30.0,0.0
2026-01-05 21:23:43+00:00,8637050313,47235846,129,False,9823250,False,,,30.0,0.0
2026-01-06 23:28:25+00:00,8638538239,880868638,132,False,9797818,False,,2026-01-06 22:25:43+00:00,0.043541666666666666,2.0
2026-01-07 01:26:58+00:00,8638614164,408729743,1,True,10020042,True,1.0,2026-01-07 00:42:38+00:00,0.030787037037037036,3.0
2026-01-07 06:44:26+00:00,8638799999,122797059,1,True,9865903,False,,,30.0,0.0
2026-01-07 17:40:05+00:00,8639541696,793015188,132,False,10014172,False,,2026-01-06 14:06:43+00:00,1.1481712962962962,2.0
2026-01-07 17:40:05+00:00,8639541696,353501082,131,False,10014172,False,,2026-01-06 14:06:43+00:00,1.1481712962962962,2.0
2026-01-07 18:59:00+00:00,8639643225,972243573,132,False,9256405,False,,2026-01-05 17:05:46+00:00,2.078634259259259,1.0
2026-01-07 21:34:00+00:00,8639818171,151383495,129,False,9798986,False,,,30.0,0.0
2026-01-07 21:43:46+00:00,8639827531,317465188,129,False,8526911,True,,,30.0,0.0
2026-01-07 21:43:46+00:00,8639827531,59463394,130,False,8526911,True,4.0,,30.0,0.0
2026-01-07 23:11:48+00:00,8639900804,218062615,2,True,9797818,False,,2026-01-07 21:34:00+00:00,0.06791666666666667,4.0
2026-01-07 23:11:48+00:00,8639900804,167291622,0,True,9797818,False,,2026-01-07 21:34:00+00:00,0.06791666666666667,4.0
2026-01-07 23:11:48+00:00,8639900804,1088839120,4,True,9797818,False,1.0,2026-01-07 21:34:00+00:00,0.06791666666666667,4.0
2026-01-07 23:11:48+00:00,8639900804,190021452,1,True,9797818,False,,2026-01-07 21:34:00+00:00,0.06791666666666667,4.0
2026-01-07 23:11:48+00:00,8639900804,70540189,3,True,9797818,False,1.0,2026-01-07 21:34:00+00:00,0.06791666666666667,1.0
2026-01-08 16:24:33+00:00,8640816922,851295431,2,True,10019997,False,,2026-01-08 15:13:48+00:00,0.04913194444444444,1.0
2026-01-09 08:01:15+00:00,8641585234,1626813547,3,True,9895695,False,,,30.0,0.0
2026-01-09 08:01:15+00:00,8641585234,135673679,2,True,9895695,False,1.0,,30.0,0.0
2026-01-10 06:15:15+00:00,8642984421,125189164,131,False,10020401,False,,2026-01-10 05:08:06+00:00,0.04663194444444444,7.0
2026-01-10 06:57:29+00:00,8643013550,928288513,1,True,9894442,False,,2026-01-03 10:21:34+00:00,6.858275462962963,3.0
2026-01-10 08:06:25+00:00,8643081493,1047924421,2,True,9444076,False,,2026-01-03 04:55:28+00:00,7.132604166666667,0.0
2026-01-10 08:54:31+00:00,8643130989,135495981,129,False,9098294,False,,2026-01-10 08:04:03+00:00,0.0350462962962963,6.0
2026-01-10 08:54:31+00:00,8643130989,255788703,131,False,9098294,False,,2026-01-10 08:04:03+00:00,0.0350462962962963,6.0
2026-01-10 14:59:12+00:00,8643619983,1674920452,4,True,2425246,True,,2025-11-28 21:45:14+00:00,30.0,0.0
2026-01-10 19:30:09+00:00,8644027240,385825293,128,False,8971308,True,2.0,2026-01-10 18:13:07+00:00,0.053495370370370374,4.0
2026-01-10 20:05:02+00:00,8644075481,1052045710,4,True,9455993,True,,2026-01-10 18:49:29+00:00,0.05246527777777778,3.0
2026-01-10 20:05:02+00:00,8644075481,1067262380,0,True,9455993,True,,2026-01-10 18:49:29+00:00,0.05246527777777778,2.0
2026-01-10 20:05:02+00:00,8644075481,444563727,3,True,9455993,True,,2026-01-10 18:49:29+00:00,0.05246527777777778,1.0
2026-01-10 20:55:25+00:00,8644139251,339235645,2,True,10020042,False,1.0,2026-01-10 19:23:21+00:00,0.06393518518518519,9.0
2026-01-10 20:55:25+00:00,8644139251,792250022,4,True,10020042,False,,2026-01-10 19:23:21+00:00,0.06393518518518519,6.0
2026-01-10 22:00:40+00:00,8644211242,245472636,132,False,9866136,False,,2026-01-10 21:03:44+00:00,0.03953703703703704,7.0
2026-01-10 22:00:40+00:00,8644211242,232474483,130,False,9866136,False,,2026-01-10 21:03:44+00:00,0.03953703703703704,7.0
2026-01-11 06:59:17+00:00,8644616360,303615577,3,True,9886289,False,2.0,2026-01-09 08:01:15+00:00,1.9569675925925927,1.0
2026-01-11 08:00:36+00:00,8644677707,223344914,129,False,9885315,False,1.0,2026-01-10 06:57:29+00:00,1.0438310185185184,1.0
2026-01-11 13:54:12+00:00,8645145403,219950601,1,True,9538207,True,,2026-01-11 12:25:09+00:00,0.06184027777777778,6.0
2026-01-11 17:59:19+00:00,8645526981,145550466,4,True,10019820,False,,2026-01-11 17:01:44+00:00,0.03998842592592593,8.0
2026-01-11 17:59:19+00:00,8645526981,79648574,3,True,10019820,False,1.0,2026-01-11 17:01:44+00:00,0.03998842592592593,8.0
2026-01-11 17:59:19+00:00,8645526981,126238768,1,True,10019820,False,3.0,2026-01-11 17:01:44+00:00,0.03998842592592593,8.0
2026-01-11 18:08:52+00:00,8645539410,308163407,2,True,10020163,False,1.0,2026-01-11 17:01:48+00:00,0.04657407407407407,10.0
2026-01-11 19:52:29+00:00,8645662192,297380131,129,False,9886393,False,,2026-01-11 19:01:16+00:00,0.03556712962962963,1.0
2026-01-12 14:36:59+00:00,8646534415,391134507,131,False,9766265,False,,,30.0,0.0
2026-01-12 16:23:02+00:00,8646677817,412413765,128,False,9886393,False,1.0,,30.0,0.0
2026-01-12 23:14:28+00:00,8647074021,101062921,129,False,9579022,False,1.0,2026-01-12 22:01:07+00:00,0.0509375,1.0
2026-01-12 23:15:11+00:00,8647073981,27626073,131,False,9572147,False,,2026-01-12 22:04:34+00:00,0.049039351851851855,1.0
2026-01-12 23:15:11+00:00,8647073981,15095413,130,False,9572147,False,,2026-01-12 22:04:34+00:00,0.049039351851851855,1.0
2026-01-12 23:15:11+00:00,8647073981,367647343,129,False,9572147,False,1.0,2026-01-12 22:04:34+00:00,0.049039351851851855,1.0
2026-01-13 01:46:02+00:00,8647154131,370600515,3,True,9081369,False,1.0,2026-01-12 23:14:28+00:00,0.10525462962962963,8.0
2026-01-13 16:27:08+00:00,8647913766,966554732,0,True,9895247,False,,2026-01-13 15:30:45+00:00,0.039155092592592596,3.0
2026-01-13 16:27:08+00:00,8647913766,1517197265,130,False,10019843,True,,2026-01-13 15:30:45+00:00,0.039155092592592596,2.0
2026-01-13 21:04:27+00:00,8648216956,196584347,3,True,6165106,True,,2026-01-05 21:23:43+00:00,7.98662037037037,0.0
2026-01-13 21:04:27+00:00,8648216956,76749093,128,False,9455993,False,,2025-11-09 19:25:51+00:00,30.0,0.0
2026-01-14 15:02:31+00:00,8649036494,102676258,129,False,9766265,False,,2026-01-12 14:36:59+00:00,2.0177314814814813,2.0
2026-01-14 15:02:31+00:00,8649036494,1568566028,130,False,9766265,False,,,30.0,0.0
2026-01-14 15:02:31+00:00,8649036494,1078037901,128,False,9766265,False,,2026-01-07 15:03:34+00:00,6.999270833333333,1.0
2026-01-14 15:08:52+00:00,8649045305,208680365,131,False,10020128,False,,,30.0,0.0
2026-01-14 16:16:53+00:00,8649136081,195516068,4,True,9928636,True,,2026-01-14 15:08:52+00:00,0.047233796296296295,14.0
2026-01-14 16:16:53+00:00,8649136081,147130490,132,False,9824381,False,,2026-01-05 17:05:46+00:00,8.966053240740742,0.0
2026-01-14 16:16:53+00:00,8649136081,155564702,1,True,9928636,True,2.0,2026-01-14 15:08:52+00:00,0.047233796296296295,14.0
2026-01-14 22:42:19+00:00,8649523381,1027553502,128,False,9538442,False,1.0,2026-01-08 21:50:18+00:00,6.036122685185185,3.0
2026-01-14 22:42:19+00:00,8649523381,420104228,129,False,9538442,False,,2026-01-08 21:50:18+00:00,6.036122685185185,3.0
2026-01-15 00:49:31+00:00,8649590924,126340643,132,False,2885851,False,2.0,2026-01-14 23:31:41+00:00,0.054050925925925926,1.0
2026-01-15 00:49:31+00:00,8649590924,427017829,129,False,2885851,False,,2026-01-14 23:31:41+00:00,0.054050925925925926,1.0
2026-01-15 19:31:14+00:00,8650610579,1674311132,0,True,9627650,True,,2025-11-06 18:55:15+00:00,30.0,0.0
2026-01-15 22:12:23+00:00,8650750844,413339999,128,False,8526911,False,,2026-01-12 23:15:11+00:00,2.9563888888888887,2.0
2026-01-15 22:13:56+00:00,8650751875,1084642475,4,True,9579022,False,1.0,2026-01-15 21:12:03+00:00,0.04297453703703704,1.0
2026-01-15 22:13:56+00:00,8650751875,425075046,3,True,9579022,False,2.0,2026-01-15 21:12:03+00:00,0.04297453703703704,3.0
2026-01-15 22:13:56+00:00,8650751875,344161762,2,True,9579022,False,,2026-01-15 21:12:03+00:00,0.04297453703703704,3.0
2026-01-15 22:13:56+00:00,8650751875,133066657,1,True,9579022,False,1.0,2026-01-15 21:12:03+00:00,0.04297453703703704,3.0
2026-01-16 17:06:32+00:00,8651729762,997587648,129,False,9256405,False,,2026-01-16 16:04:39+00:00,0.04297453703703704,1.0
2026-01-17 05:30:45+00:00,8652382611,318286721,132,False,8944230,False,,2026-01-17 04:24:55+00:00,0.045717592592592594,5.0
2026-01-17 05:30:45+00:00,8652382611,199833749,130,False,8944230,False,1.0,2026-01-16 09:09:03+00:00,0.8484027777777777,2.0
2026-01-17 11:12:11+00:00,8652714203,195415954,128,False,9586122,False,,2026-01-17 10:00:17+00:00,0.049930555555555554,3.0
2026-01-17 11:12:11+00:00,8652714203,891154650,132,False,9586122,False,2.0,2026-01-17 10:00:17+00:00,0.049930555555555554,3.0
2026-01-17 11:12:11+00:00,8652714203,376571133,130,False,9586122,False,3.0,2026-01-17 10:00:17+00:00,0.049930555555555554,3.0
2026-01-17 14:23:38+00:00,8652996281,164555903,130,False,9455993,True,,2026-01-15 19:31:14+00:00,1.7863888888888888,1.0
2026-01-17 16:05:02+00:00,8653163985,1912106305,1,True,9455993,True,,2025-11-24 19:39:29+00:00,30.0,0.0
2026-01-17 16:05:02+00:00,8653163985,177314732,131,False,9823250,False,,2026-01-13 21:04:27+00:00,3.7920717592592594,1.0
2026-01-17 17:13:43+00:00,8653271735,113846851,130,False,9824381,False,,2026-01-17 15:59:28+00:00,0.0515625,1.0
2026-01-17 17:13:43+00:00,8653271735,364848722,4,True,10028056,True,,2026-01-17 15:59:28+00:00,0.0515625,1.0
2026-01-18 13:53:34+00:00,8654575324,266525664,0,True,8494848,False,,2026-01-18 13:01:05+00:00,0.03644675925925926,1.0
2026-01-19 17:49:19+00:00,8656223690,250199344,2,True,8965331,False,,2026-01-19 17:00:31+00:00,0.03388888888888889,8.0
2026-01-19 20:08:11+00:00,8656375036,212656698,128,False,8971308,False,,2026-01-19 19:05:14+00:00,0.043715277777777777,7.0
2026-01-19 22:17:09+00:00,8656483299,155332459,3,True,10033514,False,2.0,2026-01-19 21:00:17+00:00,0.05337962962962963,9.0
2026-01-20 14:27:41+00:00,8657208556,172213217,2,True,9948367,False,,2026-01-20 13:25:03+00:00,0.04349537037037037,1.0
2026-01-20 20:41:36+00:00,8657654410,121148866,1,True,9800464,True,,,30.0,0.0
2026-01-22 21:01:00+00:00,8660138752,1010173059,128,False,10019997,False,,2026-01-22 19:36:09+00:00,0.058923611111111114,3.0
2026-01-22 21:01:00+00:00,8660138752,34505203,130,False,10019997,False,1.0,2026-01-22 19:36:09+00:00,0.058923611111111114,3.0
2026-01-25 16:27:44+00:00,8664248483,1898185869,1,True,6165106,False,,2026-01-17 14:23:38+00:00,8.086180555555556,0.0
2026-01-25 18:06:39+00:00,8664383824,1109113267,130,False,6165106,True,,2026-01-25 16:27:44+00:00,0.06869212962962963,1.0
2026-01-25 18:06:39+00:00,8664383824,479596010,128,False,6165106,True,,2026-01-25 16:27:44+00:00,0.06869212962962963,1.0
2026-01-25 19:49:45+00:00,8664513440,223862611,131,False,10008212,False,,,30.0,0.0
2026-01-25 19:49:45+00:00,8664513440,264324580,130,False,10008212,False,,,30.0,0.0
2026-01-25 19:49:45+00:00,8664513440,363745658,129,False,10008212,False,,,30.0,0.0
2026-01-26 00:19:30+00:00,8664726994,461508641,131,False,9525216,False,,,30.0,0.0
2026-01-26 00:19:30+00:00,8664726994,876924874,129,False,9525216,False,,,30.0,0.0
2026-01-26 01:14:50+00:00,8664757049,399540905,128,False,10040688,False,,,30.0,0.0
2026-01-26 02:56:24+00:00,8664812922,841873113,131,False,8849966,False,,2026-01-26 02:12:16+00:00,0.030648148148148147,2.0
2026-01-26 02:56:24+00:00,8664812922,182095111,129,False,8849966,False,,2026-01-26 02:12:16+00:00,0.030648148148148147,2.0
2026-01-26 02:56:24+00:00,8664812922,1081195618,132,False,8849966,False,,2026-01-26 02:12:16+00:00,0.030648148148148147,2.0
2026-01-26 19:57:47+00:00,8665805314,19672354,1,True,10027124,False,,2026-01-26 18:51:24+00:00,0.046099537037037036,4.0
2026-01-26 19:57:47+00:00,8665805314,94054712,4,True,10027124,False,4.0,2026-01-26 18:51:24+00:00,0.046099537037037036,4.0
2026-01-26 19:57:47+00:00,8665805314,117015167,3,True,10027124,False,2.0,2026-01-26 18:51:24+00:00,0.046099537037037036,4.0
2026-01-26 19:57:47+00:00,8665805314,88271237,0,True,10027124,False,1.0,2026-01-26 18:51:24+00:00,0.046099537037037036,4.0
2026-01-27 04:05:47+00:00,8666109311,212560917,2,True,9917087,False,4.0,2026-01-27 03:17:17+00:00,0.033680555555555554,4.0
2026-01-27 12:20:33+00:00,8666468443,82305765,3,True,5014799,False,,2026-01-27 11:01:10+00:00,0.055127314814814816,9.0
2026-01-27 13:05:34+00:00,8666531842,191066225,128,False,8494848,False,,2026-01-27 12:01:21+00:00,0.04459490740740741,3.0
2026-01-27 14:46:30+00:00,8666670506,995397364,129,False,10028038,False,,2026-01-27 13:40:09+00:00,0.04607638888888889,9.0
2026-01-28 13:19:36+00:00,8667787406,162812365,2,True,10020128,False,,2026-01-28 12:28:24+00:00,0.035555555555555556,6.0
2026-01-28 17:48:06+00:00,8668156864,1097353000,4,True,9156936,False,,2026-01-25 18:06:39+00:00,2.9871180555555554,1.0
2026-01-28 17:48:06+00:00,8668156864,308133680,2,True,9156936,False,,,30.0,0.0
2026-01-28 18:09:31+00:00,8668176706,153609394,132,False,10040639,False,,2026-01-28 17:00:55+00:00,0.04763888888888889,3.0
2026-01-28 18:09:31+00:00,8668176706,266438396,128,False,10040639,False,2.0,2026-01-28 17:00:55+00:00,0.04763888888888889,3.0
2026-01-28 18:24:03+00:00,8668193931,192981126,130,False,10039784,False,,2026-01-28 17:15:50+00:00,0.047372685185185184,7.0
2026-01-29 13:16:46+00:00,8669018163,1092557725,131,False,9303383,False,,2026-01-29 12:04:45+00:00,0.050011574074074076,16.0
2026-02-01 16:11:55+00:00,8673671682,183916637,2,True,9627650,False,,2026-01-20 20:41:36+00:00,11.812719907407407,0.0
2026-02-01 16:11:55+00:00,8673671682,1427426621,132,False,9455993,True,,2026-01-28 17:48:06+00:00,3.9332060185185185,1.0
2026-02-02 00:04:58+00:00,8674172410,163176463,128,False,9525216,False,,,30.0,0.0
2026-02-02 00:59:53+00:00,8674201350,277211980,1,True,9525216,False,,2026-02-02 00:04:58+00:00,0.03813657407407407,1.0
2026-02-02 00:59:53+00:00,8674201350,921526814,2,True,9525216,False,,,30.0,0.0
2026-02-02 00:59:53+00:00,8674201350,245436061,0,True,9525216,False,,2026-02-02 00:04:58+00:00,0.03813657407407407,1.0
2026-02-02 01:53:39+00:00,8674230110,412012138,3,True,10008212,False,,2026-01-25 19:49:45+00:00,7.2527083333333335,0.0
2026-02-02 01:53:39+00:00,8674230110,1110328496,2,True,10008212,False,,,30.0,0.0
2026-02-02 01:53:39+00:00,8674230110,400178410,1,True,10008212,False,1.0,,30.0,0.0
2026-02-02 03:45:49+00:00,8674291338,353020118,130,False,8849966,False,,2026-02-02 02:42:38+00:00,0.04387731481481481,2.0
2026-02-02 03:45:49+00:00,8674291338,375695261,4,True,8835624,True,,2026-02-02 02:42:38+00:00,0.04387731481481481,3.0
2026-02-02 03:45:49+00:00,8674291338,1054820179,3,True,8835624,True,,2026-02-02 02:42:38+00:00,0.04387731481481481,3.0
2026-02-02 03:45:49+00:00,8674291338,395316741,129,False,8849966,False,,2026-02-02 02:42:38+00:00,0.04387731481481481,2.0
2026-02-03 17:08:36+00:00,8676356804,296552045,3,True,9823250,True,,,30.0,0.0
2026-02-03 17:08:36+00:00,8676356804,98714365,4,True,9823250,True,,,30.0,0.0
2026-02-03 17:08:36+00:00,8676356804,1183407741,132,False,9026338,False,,,30.0,0.0
2026-02-03 17:08:36+00:00,8676356804,860620183,128,False,9026338,False,,,30.0,0.0
2026-02-04 17:25:28+00:00,8677642930,1040433702,2,True,9455993,True,,,30.0,0.0
2026-02-04 17:25:28+00:00,8677642930,1888540074,4,True,9455993,True,,,30.0,0.0
2026-02-04 17:25:28+00:00,8677642930,405781421,3,True,9455993,True,,2026-02-01 16:11:55+00:00,3.0510763888888888,2.0
2026-02-07 04:39:14+00:00,8680841959,1115227642,4,True,10048511,True,,2026-02-07 03:17:21+00:00,0.05686342592592593,1.0
2026-02-07 16:30:13+00:00,8681675935,143786911,130,False,10048017,False,1.0,2026-02-07 15:34:24+00:00,0.03876157407407407,13.0
2026-02-11 17:28:53+00:00,8687146015,339642155,1,True,9477537,False,,2026-02-11 16:25:16+00:00,0.04417824074074074,2.0
2026-02-11 17:28:53+00:00,8687146015,147569798,4,True,9477537,False,,2026-02-11 16:25:16+00:00,0.04417824074074074,2.0
2026-02-11 17:28:53+00:00,8687146015,428397179,2,True,9477537,False,,2026-02-11 16:25:16+00:00,0.04417824074074074,2.0
2026-02-11 17:28:53+00:00,8687146015,347049835,0,True,9477537,False,,2026-02-11 16:25:16+00:00,0.04417824074074074,2.0
2026-02-11 17:28:53+00:00,8687146015,878173667,3,True,9477537,False,,2026-02-11 16:25:16+00:00,0.04417824074074074,2.0
2026-02-11 19:18:04+00:00,8687274254,129245408,4,True,9482900,True,,2026-02-11 18:34:52+00:00,0.03,1.0
2026-02-11 19:18:04+00:00,8687274254,89390985,0,True,9482900,True,,2026-02-11 18:34:52+00:00,0.03,1.0
2026-02-11 19:18:04+00:00,8687274254,91663166,2,True,9482900,True,,2026-02-11 18:34:52+00:00,0.03,1.0
2026-02-11 19:18:04+00:00,8687274254,1050218588,3,True,9482900,True,,2026-02-11 18:34:52+00:00,0.03,1.0
2026-02-11 19:37:39+00:00,8687297331,158804414,2,True,10054769,False,,2026-02-11 17:56:21+00:00,0.07034722222222223,2.0
2026-02-12 19:41:30+00:00,8688556293,1110183108,4,True,9026338,False,,,30.0,0.0
2026-02-12 21:07:23+00:00,8688637333,244199719,129,False,9897031,False,,2026-02-12 19:58:25+00:00,0.047893518518518516,6.0
2026-02-13 14:00:26+00:00,8689387731,912046553,130,False,9455993,True,,,30.0,0.0
2026-02-13 14:00:26+00:00,8689387731,934084828,2,True,9823250,False,,2026-02-01 16:11:55+00:00,11.90869212962963,0.0
2026-02-13 14:00:26+00:00,8689387731,1249632318,132,False,9455993,True,,,30.0,0.0
2026-02-13 14:00:26+00:00,8689387731,81183606,1,True,9823250,False,,,30.0,0.0
2026-02-14 07:07:41+00:00,8690340454,154884921,131,False,9939386,False,,2026-02-14 05:46:23+00:00,0.05645833333333333,2.0
2026-02-14 07:07:41+00:00,8690340454,220313786,129,False,9939386,False,,2026-02-14 05:46:23+00:00,0.05645833333333333,2.0
2026-02-17 08:06:18+00:00,8694493063,152238330,0,True,9939386,False,,2026-02-14 07:07:41+00:00,3.0407060185185184,2.0
2026-02-17 08:06:18+00:00,8694493063,100785249,4,True,9939386,False,,,30.0,0.0
2026-02-17 08:06:18+00:00,8694493063,398410583,3,True,9939386,False,,,30.0,0.0
2026-02-17 08:06:18+00:00,8694493063,237201026,1,True,9939386,False,,2026-02-14 07:07:41+00:00,3.0407060185185184,2.0
2026-02-20 15:56:24+00:00,8698754308,1675938999,130,False,9361469,False,2.0,2026-01-20 20:41:36+00:00,30.0,0.0
2026-02-22 12:06:25+00:00,8701550558,430109900,130,False,9461694,False,,,30.0,0.0
2026-02-22 13:34:36+00:00,8701690222,1890891399,128,False,9361469,False,,,30.0,0.0
2026-02-22 13:34:36+00:00,8701690222,1016501199,0,True,9063293,True,,2026-01-17 16:05:02+00:00,30.0,0.0
2026-02-22 14:23:38+00:00,8701774908,152770061,128,False,5956925,False,,2026-02-21 16:25:01+00:00,0.9157060185185185,2.0
2026-02-22 14:23:38+00:00,8701774908,933059891,1,True,9455993,True,,,30.0,0.0
2026-02-22 14:23:38+00:00,8701774908,1429599834,4,True,9455993,True,,,30.0,0.0
2026-02-22 19:56:38+00:00,8702280415,175370013,129,False,10040688,True,,2026-02-22 18:46:27+00:00,0.04873842592592593,1.0
2026-02-22 19:56:38+00:00,8702280415,1851112948,132,False,10040688,True,,2026-02-22 18:46:27+00:00,0.04873842592592593,1.0
2026-02-22 19:56:38+00:00,8702280415,228210239,0,True,10008212,False,,2026-02-02 01:53:39+00:00,20.75207175925926,0.0
2026-02-22 19:56:38+00:00,8702280415,1040840173,130,False,10040688,True,,2026-02-22 18:46:27+00:00,0.04873842592592593,1.0
2026-02-22 19:56:38+00:00,8702280415,774298202,2,True,10008212,False,,,30.0,0.0
2026-02-22 19:56:38+00:00,8702280415,179789993,131,False,10040688,True,,2026-02-22 18:46:27+00:00,0.04873842592592593,1.0
2026-02-22 19:56:38+00:00,8702280415,840066138,1,True,10008212,False,,,30.0,0.0
2026-02-22 19:56:38+00:00,8702280415,1216804674,3,True,10008212,False,,,30.0,0.0
2026-02-22 19:56:38+00:00,8702280415,293812223,4,True,10008212,False,,,30.0,0.0
2026-02-22 19:56:38+00:00,8702280415,878021633,128,False,10040688,True,,2026-02-22 18:46:27+00:00,0.04873842592592593,1.0
2026-02-22 20:14:55+00:00,8702304604,168126336,131,False,10028056,False,1.0,2026-02-22 19:00:54+00:00,0.05140046296296296,3.0
2026-02-22 20:14:55+00:00,8702304604,123051238,130,False,10028056,False,,2026-02-22 19:00:54+00:00,0.05140046296296296,3.0
2026-02-22 20:50:23+00:00,8702346509,812425082,129,False,9361469,True,,,30.0,0.0
2026-02-22 22:03:04+00:00,8702421357,353763523,130,False,8835624,True,,2026-02-22 18:46:27+00:00,0.13653935185185184,1.0
2026-02-22 23:54:03+00:00,8702504924,128629513,2,True,9823250,True,,2026-02-22 20:50:23+00:00,0.1275462962962963,4.0
2026-02-23 14:16:16+00:00,8703333995,428376930,129,False,10040864,False,,2026-02-23 13:02:13+00:00,0.051423611111111114,3.0
2026-02-23 16:15:01+00:00,8703510452,270630424,3,True,9063293,False,,2026-02-13 16:19:33+00:00,9.996851851851853,0.0
2026-02-23 17:45:35+00:00,8703633428,1112938235,1,True,9949250,False,,,30.0,0.0
2026-02-24 14:10:54+00:00,8704663348,199666759,3,True,10001733,False,,2026-02-24 13:00:06+00:00,0.049166666666666664,4.0
2026-02-24 20:47:54+00:00,8705169069,191502419,131,False,9824381,True,,2026-02-24 19:26:21+00:00,0.05663194444444444,1.0
2026-02-25 07:22:47+00:00,8705551319,361794356,128,False,10000479,False,,2026-02-25 06:19:47+00:00,0.04375,4.0
2026-02-25 11:11:38+00:00,8705736766,384854668,4,True,9886393,False,1.0,2026-02-25 10:02:20+00:00,0.048125,8.0
2026-02-25 15:43:12+00:00,8706103060,1585037597,4,True,9063293,True,,2026-02-22 14:23:38+00:00,3.0552546296296295,2.0
2026-02-25 15:43:12+00:00,8706103060,308321101,128,False,9455993,False,,,30.0,0.0
2026-02-25 15:43:12+00:00,8706103060,1290634670,132,False,9455993,False,,,30.0,0.0
2026-02-25 15:43:12+00:00,8706103060,1166085831,130,False,9455993,False,,2026-01-10 17:31:03+00:00,30.0,0.0
2026-02-25 17:04:32+00:00,8706210889,449667629,4,True,9455993,True,,,30.0,0.0
2026-02-25 17:04:32+00:00,8706210889,913035086,129,False,9026338,False,,2026-02-22 14:23:38+00:00,3.111736111111111,1.0
2026-02-26 15:10:43+00:00,8707357879,289171422,130,False,9824381,False,,2026-02-26 14:06:59+00:00,0.04425925925925926,10.0
2026-02-26 15:10:43+00:00,8707357879,128958133,131,False,9824381,False,,2026-02-26 14:06:59+00:00,0.04425925925925926,10.0
2026-02-26 15:10:43+00:00,8707357879,993824087,132,False,9824381,False,2.0,2026-02-26 14:06:59+00:00,0.04425925925925926,8.0
2026-02-27 05:18:16+00:00,8708073981,1015943043,132,False,9722899,False,,2026-02-27 04:08:42+00:00,0.048310185185185185,8.0
2026-02-27 08:14:40+00:00,8708190394,154223815,2,True,10048511,True,,2026-02-27 07:14:07+00:00,0.04204861111111111,1.0
2026-02-27 08:14:40+00:00,8708190394,146076829,0,True,10048511,True,1.0,2026-02-27 07:14:07+00:00,0.04204861111111111,1.0
2026-02-27 08:14:40+00:00,8708190394,836325393,1,True,10048511,True,,2026-02-27 07:14:07+00:00,0.04204861111111111,1.0
2026-02-27 08:14:40+00:00,8708190394,322925642,3,True,10048511,True,1.0,2026-02-27 07:14:07+00:00,0.04204861111111111,1.0
2026-02-28 08:27:06+00:00,8709619362,876794068,4,True,10067570,True,,2026-02-28 07:18:08+00:00,0.047893518518518516,13.0
2026-02-28 08:27:06+00:00,8709619362,322442240,3,True,10067570,True,2.0,2026-02-28 07:18:08+00:00,0.047893518518518516,13.0
2026-02-28 08:27:06+00:00,8709619362,353498499,1,True,10067570,True,,2026-02-28 07:18:08+00:00,0.047893518518518516,13.0
2026-02-28 19:10:53+00:00,8710502861,478048631,130,False,10041315,False,,2026-02-28 17:23:39+00:00,0.0744675925925926,7.0
2026-02-28 19:10:53+00:00,8710502861,442740593,128,False,10041315,False,,2026-02-28 17:23:39+00:00,0.0744675925925926,7.0
2026-02-28 19:10:53+00:00,8710502861,131040059,129,False,10041315,False,,2026-02-28 17:23:39+00:00,0.0744675925925926,7.0
2026-02-28 19:10:53+00:00,8710502861,187949640,131,False,10041315,False,,2026-02-28 17:23:39+00:00,0.0744675925925926,7.0
2026-02-28 19:10:53+00:00,8710502861,214389279,132,False,10041315,False,,2026-02-28 17:23:39+00:00,0.0744675925925926,7.0
2026-03-01 10:45:31+00:00,8711376189,387834132,3,True,9823250,True,,2026-02-24 12:01:51+00:00,4.94699074074074,1.0
2026-03-01 10:45:31+00:00,8711376189,849062216,129,False,9949250,False,,2026-02-22 20:50:23+00:00,6.579953703703704,2.0
2026-03-01 11:55:19+00:00,8711472459,878137745,3,True,9823250,False,,2026-03-01 10:45:31+00:00,0.04847222222222222,2.0
2026-03-01 12:44:09+00:00,8711548767,262692048,3,True,9949250,True,,2025-10-19 16:31:30+00:00,30.0,0.0
2026-03-01 12:44:09+00:00,8711548767,1770526699,128,False,10033493,False,,2026-03-01 11:55:19+00:00,0.03391203703703704,2.0
2026-03-01 12:44:09+00:00,8711548767,889401407,130,False,10033493,False,,2026-03-01 11:55:19+00:00,0.03391203703703704,1.0
2026-03-01 14:21:24+00:00,8711718228,1275704372,130,False,9455993,False,,,30.0,0.0
2026-03-01 16:25:07+00:00,8711916973,1593802980,4,True,9455993,False,,,30.0,0.0
2026-03-01 16:25:07+00:00,8711916973,801691007,130,False,9949250,True,,2026-03-01 14:21:24+00:00,0.08591435185185185,3.0
2026-03-02 09:26:23+00:00,8712705855,1014443978,3,True,9885310,False,,2026-03-02 08:32:56+00:00,0.03711805555555556,4.0
2026-03-03 11:54:06+00:00,8714099687,1475957566,130,False,9949250,False,,2026-03-01 16:25:07+00:00,1.8117939814814814,1.0
2026-03-03 11:54:06+00:00,8714099687,1216484449,131,False,9949250,False,,2026-03-01 11:55:19+00:00,1.9991550925925925,4.0
2026-03-07 16:06:20+00:00,8719659092,1074399069,1,True,9972930,False,,2025-12-13 18:34:37+00:00,30.0,0.0
2026-03-07 16:06:20+00:00,8719659092,1275139073,3,True,9972930,False,,2025-12-13 18:34:37+00:00,30.0,0.0
2026-03-07 16:06:20+00:00,8719659092,206874704,2,True,9972930,False,,2025-12-13 18:34:37+00:00,30.0,0.0
2026-03-07 16:10:35+00:00,8719664235,215111583,4,True,8621525,False,,2025-12-14 20:19:51+00:00,30.0,0.0
2026-03-07 16:10:35+00:00,8719664235,116790140,1,True,8621525,False,,,30.0,0.0
2026-03-07 16:10:35+00:00,8719664235,1057817199,3,True,8621525,False,,,30.0,0.0
2026-03-07 16:10:35+00:00,8719664235,147615653,0,True,8621525,False,,2025-12-14 20:19:51+00:00,30.0,0.0
2026-03-07 17:59:59+00:00,8719816242,809193071,128,False,9948273,False,,2026-03-07 17:23:53+00:00,0.025069444444444443,1.0
2026-03-07 17:59:59+00:00,8719816242,170193177,131,False,9948273,False,,2026-03-07 17:23:53+00:00,0.025069444444444443,1.0
2026-03-07 17:59:59+00:00,8719816242,1123191292,130,False,9948273,False,,2026-03-07 17:23:53+00:00,0.025069444444444443,1.0
2026-03-07 17:59:59+00:00,8719816242,1169127579,129,False,9948273,False,,2026-03-07 17:23:53+00:00,0.025069444444444443,1.0
2026-03-07 19:31:20+00:00,8719935477,162871324,4,True,9897031,False,,2026-03-07 18:45:51+00:00,0.03158564814814815,2.0
2026-03-07 19:31:20+00:00,8719935477,197002554,1,True,9897031,False,,2026-03-07 18:45:51+00:00,0.03158564814814815,2.0
2026-03-08 10:39:25+00:00,8720699659,1100650988,1,True,9461694,True,,,30.0,0.0
2026-03-08 10:39:25+00:00,8720699659,44206460,130,False,2425246,False,,2026-01-10 14:59:12+00:00,30.0,0.0
2026-03-08 17:25:54+00:00,8721262105,970496767,129,False,10054438,False,,2026-03-08 10:39:25+00:00,0.28228009259259257,1.0
2026-03-08 17:25:54+00:00,8721262105,1127140372,132,False,10054438,False,,,30.0,0.0
2026-03-08 18:14:50+00:00,8721323461,439722711,130,False,10067679,False,,2026-03-08 17:25:54+00:00,0.03398148148148148,1.0
2026-03-08 19:11:37+00:00,8721393290,1182993645,1,True,9455993,True,,,30.0,0.0
2026-03-08 19:11:37+00:00,8721393290,1894356752,129,False,10054438,False,,2026-02-25 17:04:32+00:00,11.088252314814815,0.0
2026-03-08 20:17:19+00:00,8721469909,165108864,132,False,10033493,True,,2026-03-08 19:11:37+00:00,0.045625,2.0
2026-03-08 20:17:19+00:00,8721469909,1124539478,131,False,10033493,True,,2026-03-08 19:11:37+00:00,0.045625,2.0
2026-03-08 20:32:33+00:00,8721486834,452987572,2,True,9957513,True,,2026-03-08 20:00:18+00:00,0.022395833333333334,4.0
2026-03-08 20:32:33+00:00,8721486834,180350857,128,False,9006126,False,,2026-03-08 20:00:18+00:00,0.022395833333333334,4.0
2026-03-08 20:32:33+00:00,8721486834,1869957260,132,False,9006126,False,,2026-03-08 20:00:18+00:00,0.022395833333333334,4.0
2026-03-08 20:32:33+00:00,8721486834,1109417339,3,True,9957513,True,,2026-03-08 20:00:18+00:00,0.022395833333333334,4.0
2026-03-08 20:32:33+00:00,8721486834,127058444,129,False,9006126,False,,2026-03-08 20:00:18+00:00,0.022395833333333334,4.0
2026-03-08 20:32:33+00:00,8721486834,1153474301,130,False,9006126,False,,2026-03-08 20:00:18+00:00,0.022395833333333334,4.0
2026-03-08 20:32:33+00:00,8721486834,900551258,1,True,9957513,True,,2026-03-08 20:00:18+00:00,0.022395833333333334,4.0
2026-03-08 20:32:33+00:00,8721486834,856687769,131,False,9006126,False,,2026-03-08 20:00:18+00:00,0.022395833333333334,4.0
2026-03-08 23:54:59+00:00,8721649631,87850774,0,True,10054769,False,,2026-03-08 23:02:47+00:00,0.03625,10.0
2026-03-08 23:54:59+00:00,8721649631,189798955,131,False,9949210,True,,2026-03-08 23:02:47+00:00,0.03625,9.0
2026-03-08 23:54:59+00:00,8721649631,235622709,2,True,10054769,False,,2026-03-08 23:02:47+00:00,0.03625,10.0
2026-03-08 23:54:59+00:00,8721649631,141878904,3,True,10054769,False,,2026-03-08 23:02:47+00:00,0.03625,10.0
2026-03-08 23:54:59+00:00,8721649631,468157836,4,True,10054769,False,,2026-03-08 23:02:47+00:00,0.03625,10.0
2026-03-08 23:54:59+00:00,8721649631,426728561,128,False,9949210,True,,2026-03-08 23:02:47+00:00,0.03625,9.0
2026-03-10 18:34:58+00:00,8723872540,326612974,1,True,10054438,True,,,30.0,0.0
2026-03-12 16:06:24+00:00,8726109737,1011460351,129,False,10054438,False,,,30.0,0.0
2026-03-12 17:04:26+00:00,8726183870,1015789058,128,False,9026338,False,,2026-03-12 16:06:24+00:00,0.04030092592592593,2.0
2026-03-12 17:04:26+00:00,8726183870,976527666,4,True,10054438,True,,2026-03-08 18:14:50+00:00,3.951111111111111,1.0
2026-03-12 18:01:32+00:00,8726253224,238605754,129,False,10054438,True,,,30.0,0.0
2026-03-14 18:16:15+00:00,8729054766,796141507,2,True,9455993,True,,,30.0,0.0
2026-03-14 18:16:15+00:00,8729054766,871445079,128,False,9823250,False,,2026-03-12 16:06:24+00:00,2.090173611111111,2.0
2026-03-14 20:11:32+00:00,8729205117,417429939,129,False,9949250,False,,2026-03-14 19:14:01+00:00,0.03994212962962963,1.0
2026-03-14 20:11:32+00:00,8729205117,1017822495,1,True,9026338,True,,2026-03-14 19:14:01+00:00,0.03994212962962963,1.0
2026-03-14 20:59:19+00:00,8729261803,1885248984,4,True,9026338,False,,2026-03-14 20:11:32+00:00,0.03318287037037037,3.0
2026-03-14 22:04:32+00:00,8729327398,1613681026,130,False,10054438,False,,2026-03-14 20:59:19+00:00,0.04528935185185185,1.0
2026-03-14 22:04:32+00:00,8729327398,807817135,131,False,10054438,False,,2026-03-14 20:59:19+00:00,0.04528935185185185,4.0
2026-03-14 22:04:32+00:00,8729327398,1226185287,132,False,10054438,False,,2026-03-12 18:57:08+00:00,2.130138888888889,2.0
2026-03-15 22:37:38+00:00,8730898097,173929969,0,True,8849966,False,,2026-03-15 21:46:57+00:00,0.03519675925925926,1.0
2026-03-15 22:37:38+00:00,8730898097,198032590,1,True,8849966,False,,2026-03-15 21:46:57+00:00,0.03519675925925926,1.0
2026-03-15 22:37:38+00:00,8730898097,248861963,4,True,8849966,False,,2026-03-15 21:46:57+00:00,0.03519675925925926,1.0
2026-03-15 22:37:38+00:00,8730898097,376077951,130,False,8835624,True,,2026-03-15 21:46:57+00:00,0.03519675925925926,1.0
2026-03-15 22:37:38+00:00,8730898097,132863483,132,False,8835624,True,3.0,2026-03-15 21:46:57+00:00,0.03519675925925926,1.0
2026-03-15 22:37:38+00:00,8730898097,1192384510,129,False,8835624,True,,2026-03-15 21:46:57+00:00,0.03519675925925926,1.0
2026-03-15 22:37:38+00:00,8730898097,872380220,3,True,8849966,False,,2026-03-15 21:46:57+00:00,0.03519675925925926,1.0
2026-03-15 22:37:38+00:00,8730898097,366614071,131,False,8835624,True,0.0,2026-03-15 21:46:57+00:00,0.03519675925925926,1.0
2026-03-15 22:37:38+00:00,8730898097,174758617,2,True,8849966,False,,2026-03-15 21:46:57+00:00,0.03519675925925926,1.0
2026-03-15 22:37:38+00:00,8730898097,123576291,128,False,8835624,True,,2026-03-15 21:46:57+00:00,0.03519675925925926,1.0
2026-03-17 16:33:40+00:00,8733039125,176484314,128,False,9156936,False,,2026-03-14 20:59:19+00:00,2.8155208333333333,3.0
2026-03-17 16:33:40+00:00,8733039125,1900444929,130,False,9156936,False,,2026-03-01 14:21:24+00:00,16.091851851851853,0.0
2026-03-19 16:52:31+00:00,8735529893,193087967,1,True,9455993,True,,,30.0,0.0
2026-03-19 16:52:31+00:00,8735529893,1281507501,2,True,9455993,True,,,30.0,0.0
2026-03-19 16:52:31+00:00,8735529893,873619049,4,True,9455993,True,,2026-03-14 22:04:32+00:00,4.783321759259259,2.0
2026-03-19 16:52:31+00:00,8735529893,262711956,130,False,9026338,False,,2026-03-01 14:21:24+00:00,18.10494212962963,0.0
2026-03-19 18:12:46+00:00,8735627727,163458082,2,True,9872667,False,1.0,2026-03-19 17:00:08+00:00,0.05043981481481481,5.0
2026-03-20 09:29:24+00:00,8736255306,402285018,2,True,10067598,False,,2026-03-20 08:30:11+00:00,0.041122685185185186,8.0
2026-03-20 09:29:24+00:00,8736255306,134556694,0,True,10067598,False,2.0,2026-03-20 08:30:11+00:00,0.041122685185185186,9.0
2026-03-20 09:29:24+00:00,8736255306,1224974216,4,True,10067598,False,,2026-03-20 08:30:11+00:00,0.041122685185185186,9.0
2026-03-21 12:13:15+00:00,8737827439,117421467,128,False,10081431,False,2.0,2026-03-21 11:03:37+00:00,0.04835648148148148,12.0
2026-03-21 12:55:44+00:00,8737877182,116881520,130,False,9498970,False,1.0,2026-03-21 11:54:02+00:00,0.042847222222222224,12.0
2026-03-21 16:51:08+00:00,8738243757,908254231,129,False,9948367,False,1.0,2026-03-21 16:00:02+00:00,0.035486111111111114,10.0
2026-03-24 17:16:45+00:00,8742260265,1109989916,129,False,8623207,False,,2026-03-24 16:10:16+00:00,0.046168981481481484,2.0
2026-03-24 17:16:45+00:00,8742260265,1164920192,128,False,8623207,False,,2026-03-24 16:10:16+00:00,0.046168981481481484,2.0
2026-03-24 17:16:45+00:00,8742260265,449870948,132,False,8623207,False,,2026-03-24 16:10:16+00:00,0.046168981481481484,2.0
2026-03-24 17:16:45+00:00,8742260265,292305454,131,False,8623207,False,,2026-03-24 16:10:16+00:00,0.046168981481481484,2.0
2026-03-24 17:16:45+00:00,8742260265,391301310,130,False,8623207,False,,2026-03-24 16:10:16+00:00,0.046168981481481484,2.0
2026-03-24 17:28:49+00:00,8742274880,121024905,130,False,9972930,False,,2026-03-24 16:34:08+00:00,0.037974537037037036,2.0
2026-03-24 17:28:49+00:00,8742274880,75881244,128,False,9972930,False,,2026-03-24 16:34:08+00:00,0.037974537037037036,2.0
2026-03-24 17:28:49+00:00,8742274880,128391201,129,False,9972930,False,,2026-03-24 16:34:08+00:00,0.037974537037037036,2.0
2026-03-24 17:28:49+00:00,8742274880,1188518907,131,False,9972930,False,,2026-03-24 16:34:08+00:00,0.037974537037037036,2.0
2026-03-24 17:28:49+00:00,8742274880,47646696,132,False,9972930,False,,2026-03-24 16:34:08+00:00,0.037974537037037036,2.0
2026-03-24 19:18:25+00:00,8742398301,123452953,2,True,10095057,False,,2026-03-24 18:24:54+00:00,0.03716435185185185,4.0
2026-03-24 19:18:25+00:00,8742398301,120056214,0,True,10095057,False,,2026-03-24 18:24:54+00:00,0.03716435185185185,4.0
2026-03-24 19:18:25+00:00,8742398301,145007755,3,True,10095057,False,,2026-03-24 18:24:54+00:00,0.03716435185185185,4.0
2026-03-24 19:18:25+00:00,8742398301,309097063,4,True,10095057,False,,2026-03-24 18:24:54+00:00,0.03716435185185185,4.0
2026-03-24 19:18:25+00:00,8742398301,960748514,1,True,10095057,False,,2026-03-24 18:24:54+00:00,0.03716435185185185,4.0
2026-03-25 17:29:25+00:00,8743649096,1095498973,2,True,9964995,False,,2026-03-25 16:07:07+00:00,0.057152777777777775,1.0
2026-03-25 17:29:25+00:00,8743649096,1454362289,4,True,9964995,False,,2026-03-25 16:07:07+00:00,0.057152777777777775,1.0
2026-03-25 17:29:25+00:00,8743649096,1039433490,1,True,9964995,False,,2026-03-25 16:07:07+00:00,0.057152777777777775,1.0
2026-03-25 17:29:25+00:00,8743649096,1234677166,0,True,9964995,False,,2026-03-25 16:07:07+00:00,0.057152777777777775,1.0
2026-03-25 17:29:25+00:00,8743649096,282338286,3,True,9964995,False,,2026-03-25 16:07:07+00:00,0.057152777777777775,1.0
2026-03-25 17:57:31+00:00,8743685965,1847344518,129,False,9054301,False,,2026-03-25 17:10:26+00:00,0.03269675925925926,4.0
2026-03-25 17:57:31+00:00,8743685965,210354813,128,False,9054301,False,,2026-03-25 17:10:26+00:00,0.03269675925925926,4.0
2026-03-25 17:57:31+00:00,8743685965,968908227,132,False,9054301,False,,2026-03-25 17:10:26+00:00,0.03269675925925926,4.0
2026-03-25 17:57:31+00:00,8743685965,1197119761,131,False,9054301,False,,2026-03-25 17:10:26+00:00,0.03269675925925926,4.0
2026-03-25 17:57:31+00:00,8743685965,1686589290,130,False,9054301,False,,2026-03-25 17:10:26+00:00,0.03269675925925926,4.0
2026-03-25 21:39:45+00:00,8743921139,78434936,1,True,10054769,False,,2026-03-25 20:26:04+00:00,0.05116898148148148,7.0
2026-03-25 21:39:45+00:00,8743921139,1849875747,130,False,10095079,True,,2026-03-25 20:26:04+00:00,0.05116898148148148,5.0
2026-03-25 21:39:45+00:00,8743921139,1267387397,129,False,10095079,True,,2026-03-25 20:26:04+00:00,0.05116898148148148,5.0
2026-03-25 21:39:45+00:00,8743921139,201449287,131,False,10095079,True,,2026-03-25 20:26:04+00:00,0.05116898148148148,5.0
2026-03-25 21:39:45+00:00,8743921139,1086129003,0,True,10054769,False,,2026-03-25 20:26:04+00:00,0.05116898148148148,7.0
2026-03-25 21:39:45+00:00,8743921139,925716060,4,True,10054769,False,,2026-03-25 20:26:04+00:00,0.05116898148148148,7.0
2026-03-25 21:39:45+00:00,8743921139,382514676,3,True,10054769,False,,2026-03-25 20:26:04+00:00,0.05116898148148148,7.0
2026-03-25 21:39:45+00:00,8743921139,5600161,128,False,10095079,True,,2026-03-25 20:26:04+00:00,0.05116898148148148,5.0
2026-03-25 21:39:45+00:00,8743921139,69138058,2,True,10054769,False,,2026-03-25 20:26:04+00:00,0.05116898148148148,7.0
2026-03-25 21:39:45+00:00,8743921139,1115878075,132,False,10095079,True,,2026-03-25 20:26:04+00:00,0.05116898148148148,5.0
2026-03-26 18:44:08+00:00,8745090122,135230164,3,True,9455993,False,,,30.0,0.0
2026-03-26 18:44:08+00:00,8745090122,433397349,0,True,9455993,False,,2026-03-19 16:52:31+00:00,7.077511574074074,0.0
2026-03-26 18:44:08+00:00,8745090122,1584706722,2,True,9455993,False,,,30.0,0.0
2026-03-26 18:44:08+00:00,8745090122,176019821,131,False,9026338,True,,2026-03-03 11:54:06+00:00,23.28474537037037,0.0
2026-03-27 14:17:00+00:00,8746052384,91730177,132,False,9338413,False,2.0,2026-03-27 13:04:57+00:00,0.050034722222222223,16.0
2026-03-30 07:00:08+00:00,8750123500,155430086,1,True,9895695,False,0.0,,30.0,0.0
2026-03-31 07:55:23+00:00,8751482407,433008412,2,True,10101293,False,,2026-03-31 06:58:22+00:00,0.039594907407407405,5.0
2026-03-31 07:55:23+00:00,8751482407,279734740,0,True,10101293,False,,2026-03-31 06:58:22+00:00,0.039594907407407405,5.0
2026-03-31 07:55:23+00:00,8751482407,152095304,3,True,10101293,False,,2026-03-31 06:58:22+00:00,0.039594907407407405,5.0
2026-03-31 07:55:23+00:00,8751482407,118127154,1,True,10101293,False,1.0,2026-03-31 06:58:22+00:00,0.039594907407407405,5.0
2026-04-02 06:32:31+00:00,8754021619,257945712,132,False,10101464,False,,2026-04-02 05:28:30+00:00,0.04445601851851852,5.0
2026-04-02 06:32:31+00:00,8754021619,137272985,130,False,10101464,False,,2026-04-02 05:28:30+00:00,0.04445601851851852,5.0
2026-04-02 08:57:16+00:00,8754127507,859505832,132,False,9886289,False,2.0,2026-04-02 08:02:27+00:00,0.03806712962962963,4.0
2026-04-02 11:01:11+00:00,8754236176,186577691,128,False,9444076,False,,2026-04-02 10:07:57+00:00,0.036967592592592594,5.0
2026-04-02 12:07:42+00:00,8754305127,150862738,129,False,9917087,False,4.0,2026-04-02 10:53:56+00:00,0.05122685185185185,2.0
2026-04-03 16:34:26+00:00,8756106030,1883781021,1,True,9455993,True,,,30.0,0.0
2026-04-03 16:34:26+00:00,8756106030,481509978,130,False,9823250,False,,,30.0,0.0
2026-04-03 16:34:26+00:00,8756106030,1768366638,131,False,9823250,False,,,30.0,0.0
2026-04-04 15:23:12+00:00,8757544713,1026120293,2,True,9455993,True,,,30.0,0.0
2026-04-04 15:23:12+00:00,8757544713,877409811,132,False,9026338,False,,2026-04-03 16:34:26+00:00,0.9505324074074074,1.0
2026-04-04 15:23:12+00:00,8757544713,1168943616,1,True,9455993,True,,,30.0,0.0
2026-04-04 15:23:12+00:00,8757544713,125429767,130,False,9026338,False,,2026-04-03 16:34:26+00:00,0.9505324074074074,1.0
2026-04-06 18:02:08+00:00,8760831584,1240683812,1,True,9026338,True,,2026-03-26 18:44:08+00:00,10.970833333333333,0.0
2026-04-06 18:02:08+00:00,8760831584,1576474214,132,False,9823250,False,,2026-03-01 16:25:07+00:00,30.0,0.0
2026-04-06 18:02:08+00:00,8760831584,787761388,4,True,9026338,True,,,30.0,0.0
2026-04-06 18:02:08+00:00,8760831584,1772794232,131,False,9823250,False,,2026-04-04 15:23:12+00:00,2.1103703703703705,2.0
2026-04-06 18:02:08+00:00,8760831584,1427563529,130,False,9823250,False,,2026-04-04 15:23:12+00:00,2.1103703703703705,2.0
2026-04-06 18:02:08+00:00,8760831584,1298830008,0,True,9026338,True,,2026-04-04 15:23:12+00:00,2.1103703703703705,1.0
2026-04-06 18:02:08+00:00,8760831584,1520989227,129,False,9823250,False,,,30.0,0.0
2026-04-08 07:06:30+00:00,8762634495,235549078,4,True,9885928,False,,2026-03-31 09:35:05+00:00,7.896817129629629,0.0
2026-04-08 13:59:24+00:00,8763037271,325697153,130,False,10040864,True,3.0,2026-02-23 14:16:16+00:00,30.0,0.0
2026-04-08 13:59:24+00:00,8763037271,309345956,131,False,10040864,True,4.0,2026-02-23 14:16:16+00:00,30.0,0.0
2026-04-08 13:59:24+00:00,8763037271,201839427,132,False,10040864,True,,2026-02-23 14:16:16+00:00,30.0,0.0
2026-04-08 13:59:24+00:00,8763037271,114596500,129,False,10040864,True,0.0,2026-02-23 14:16:16+00:00,30.0,0.0
2026-04-08 13:59:24+00:00,8763037271,386314004,128,False,10040864,True,,,30.0,0.0
2026-04-08 13:59:24+00:00,8763037271,316631735,3,True,10047709,False,,2026-01-15 17:43:06+00:00,30.0,0.0
2026-04-08 22:50:35+00:00,8763639623,116080282,4,True,9081369,False,1.0,2026-01-19 17:49:19+00:00,30.0,0.0
2026-04-09 10:16:07+00:00,8764044881,341678201,129,False,9917087,False,,2026-04-02 12:07:42+00:00,6.922511574074074,2.0
2026-04-09 10:16:07+00:00,8764044881,152545459,128,False,9917087,False,1.0,2026-04-02 12:07:42+00:00,6.922511574074074,2.0
2026-04-09 10:16:07+00:00,8764044881,164532005,130,False,9917087,False,0.0,2026-01-29 05:13:59+00:00,30.0,0.0
2026-04-09 10:16:07+00:00,8764044881,1689281790,4,True,9098294,True,,2026-04-08 09:11:00+00:00,1.0452199074074073,1.0
2026-04-10 08:21:49+00:00,8765233808,376421854,132,False,10102110,False,0.0,,30.0,0.0
2026-04-10 09:24:25+00:00,8765281928,158338766,128,False,7917893,False,,,30.0,0.0
2026-04-10 09:24:25+00:00,8765281928,156029808,131,False,7917893,False,2.0,2026-01-11 09:17:20+00:00,30.0,0.0
2026-04-10 13:05:37+00:00,8765514495,296569241,129,False,9766265,False,,,30.0,0.0
2026-04-10 13:05:37+00:00,8765514495,148780703,131,False,9766265,False,,,30.0,0.0
2026-04-10 13:05:37+00:00,8765514495,312542697,0,True,9872558,True,3.0,2026-04-07 07:59:27+00:00,3.2126157407407407,10.0
2026-04-10 13:05:37+00:00,8765514495,861520790,132,False,9766265,False,,2026-01-14 15:02:31+00:00,30.0,0.0
2026-04-10 13:05:37+00:00,8765514495,364893392,130,False,9766265,False,,2026-01-12 14:36:59+00:00,30.0,0.0
2026-04-10 13:05:37+00:00,8765514495,1281944743,2,True,9872558,True,,2026-01-17 11:12:11+00:00,30.0,0.0
2026-04-10 13:05:37+00:00,8765514495,399466265,128,False,9766265,False,,2026-01-14 15:02:31+00:00,30.0,0.0
2026-04-10 13:47:25+00:00,8765576597,1123091097,1,True,9948367,False,,,30.0,0.0
2026-04-10 13:47:25+00:00,8765576597,482364904,3,True,9948367,False,0.0,2026-03-21 16:51:08+00:00,19.87241898148148,0.0
2026-04-10 21:52:35+00:00,8766239588,31818853,0,True,9658086,True,,,30.0,0.0
2026-04-10 21:52:35+00:00,8766239588,372569020,128,False,9866136,False,,,30.0,0.0
2026-04-10 21:52:35+00:00,8766239588,206220806,132,False,9866136,False,,2026-01-10 22:00:40+00:00,30.0,0.0
2026-04-10 21:52:35+00:00,8766239588,287966650,131,False,9866136,False,,,30.0,0.0
2026-04-11 06:06:52+00:00,8766562168,129858884,0,True,9895695,False,,2026-01-02 06:53:50+00:00,30.0,0.0
2026-04-11 06:06:52+00:00,8766562168,188551857,1,True,9895695,False,,2026-03-30 07:00:08+00:00,11.963009259259259,0.0
2026-04-11 11:08:07+00:00,8766868898,102099826,130,False,10020555,False,2.0,2026-04-11 09:07:10+00:00,0.08399305555555556,6.0
2026-04-11 11:08:07+00:00,8766868898,184950344,128,False,10020555,False,2.0,2026-04-11 09:07:10+00:00,0.08399305555555556,6.0
2026-04-11 22:31:42+00:00,8767845436,406420893,4,True,10053545,False,,2026-04-11 21:11:09+00:00,0.0559375,3.0
2026-04-11 22:31:42+00:00,8767845436,317506304,1,True,10053545,False,,2026-04-11 21:11:09+00:00,0.0559375,3.0
2026-04-11 22:31:42+00:00,8767845436,148480336,2,True,10053545,False,1.0,2026-04-11 21:11:09+00:00,0.0559375,3.0
2026-04-11 22:31:42+00:00,8767845436,297118630,0,True,10053545,False,1.0,2026-04-11 21:11:09+00:00,0.0559375,3.0
2026-04-13 06:04:34+00:00,8769650815,325674279,130,False,9886289,False,3.0,2026-04-13 05:10:29+00:00,0.03755787037037037,7.0
2026-04-13 06:04:34+00:00,8769650815,404004408,131,False,9886289,False,,2026-04-13 05:10:29+00:00,0.03755787037037037,7.0
2026-04-13 09:08:09+00:00,8769775657,205515858,132,False,9894442,False,,2026-04-13 08:02:30+00:00,0.04559027777777778,7.0
2026-04-13 10:21:09+00:00,8769823322,935495351,131,False,9098294,False,,2026-04-13 09:20:18+00:00,0.042256944444444444,9.0
2026-04-13 22:18:11+00:00,8770686611,86822085,4,True,7119077,False,1.0,2026-04-13 21:05:45+00:00,0.05030092592592592,7.0
2026-04-14 06:41:01+00:00,8770945218,148526973,130,False,9691969,False,2.0,2026-04-14 05:29:03+00:00,0.04997685185185185,11.0
2026-04-14 19:23:58+00:00,8771808831,1433323770,2,True,10108600,False,,2026-04-14 18:05:04+00:00,0.05479166666666667,17.0
2026-04-18 06:11:29+00:00,8775919432,141543406,0,True,9895695,True,,2026-04-11 06:06:52+00:00,7.003206018518519,0.0
2026-04-18 06:11:29+00:00,8775919432,126397214,3,True,9895695,True,2.0,2026-02-25 07:22:47+00:00,30.0,0.0
2026-04-18 06:11:29+00:00,8775919432,133372681,2,True,9895695,True,,2026-04-11 06:06:52+00:00,7.003206018518519,0.0
2026-04-18 06:11:29+00:00,8775919432,113152484,1,True,9895695,True,1.0,2026-02-25 07:22:47+00:00,30.0,0.0
2026-04-19 10:16:51+00:00,8777647377,885187787,129,False,9885928,False,,2026-04-19 09:05:42+00:00,0.04940972222222222,2.0
2026-04-20 19:26:51+00:00,8779658823,152455523,132,False,8291895,False,1.0,2026-04-20 18:13:54+00:00,0.050659722222222224,8.0
2026-04-22 21:28:45+00:00,8782215329,893135754,128,False,8680909,False,,2026-04-22 20:21:15+00:00,0.046875,7.0
2026-04-24 06:08:12+00:00,8783774718,137823304,1,True,9444076,False,,2026-04-17 07:34:29+00:00,6.940081018518518,1.0
2026-04-24 06:08:12+00:00,8783774718,893395618,2,True,9444076,False,,2026-04-17 07:34:29+00:00,6.940081018518518,1.0
2026-04-24 06:08:12+00:00,8783774718,175520789,4,True,9444076,False,,2026-04-17 07:34:29+00:00,6.940081018518518,1.0
2026-04-24 06:08:12+00:00,8783774718,172141367,3,True,9444076,False,,2026-04-17 07:34:29+00:00,6.940081018518518,1.0
2026-04-24 06:08:12+00:00,8783774718,108839644,0,True,9444076,False,,2026-04-17 07:34:29+00:00,6.940081018518518,1.0
2026-04-26 06:50:09+00:00,8786741092,430579976,128,False,9315393,False,,2026-04-26 06:02:42+00:00,0.03295138888888889,2.0
2026-04-26 06:50:09+00:00,8786741092,103354522,130,False,9315393,False,,2026-04-26 06:02:42+00:00,0.03295138888888889,2.0
2026-04-26 09:09:49+00:00,8786888121,361748943,3,True,9885928,False,0.0,2026-04-26 08:05:06+00:00,0.04494212962962963,2.0
2026-04-26 09:09:49+00:00,8786888121,435460860,2,True,9885928,False,3.0,2026-04-26 08:05:06+00:00,0.04494212962962963,2.0
2026-04-26 09:09:49+00:00,8786888121,992662924,1,True,9885928,False,,2026-04-26 08:05:06+00:00,0.04494212962962963,2.0
2026-04-26 09:09:49+00:00,8786888121,128660724,4,True,9885928,False,2.0,2026-04-26 08:05:06+00:00,0.04494212962962963,1.0
2026-04-26 09:09:49+00:00,8786888121,241107899,0,True,9885928,False,1.0,2026-04-26 08:05:06+00:00,0.04494212962962963,2.0
2026-04-26 14:21:39+00:00,8787325574,349569834,128,False,8680909,False,,2026-04-26 13:28:01+00:00,0.03724537037037037,5.0
2026-05-01 10:43:40+00:00,8793378602,179313961,129,False,10108166,False,1.0,2026-05-01 09:32:53+00:00,0.04915509259259259,6.0
2026-05-01 10:43:40+00:00,8793378602,1112797393,131,False,10108166,False,0.0,2026-05-01 09:32:53+00:00,0.04915509259259259,6.0
2026-05-01 13:32:11+00:00,8793585529,143693439,3,True,10007878,False,2.0,2026-05-01 12:01:37+00:00,0.06289351851851852,2.0
2026-05-02 05:14:36+00:00,8794511950,1171877280,0,True,9894442,False,1.0,2026-05-01 13:32:11+00:00,0.6544560185185185,3.0
2026-05-02 05:14:36+00:00,8794511950,1388432956,3,True,9894442,False,,2026-05-01 13:32:11+00:00,0.6544560185185185,3.0
2026-05-02 05:14:36+00:00,8794511950,489696354,2,True,9894442,False,0.0,2026-05-01 13:32:11+00:00,0.6544560185185185,3.0
2026-05-02 05:14:36+00:00,8794511950,863282361,4,True,9894442,False,,2026-05-01 13:32:11+00:00,0.6544560185185185,3.0
2026-05-02 09:41:02+00:00,8794744726,98887913,4,True,8261500,False,,2026-05-02 08:36:45+00:00,0.044641203703703704,4.0
2026-05-03 15:55:16+00:00,8796670334,193432335,131,False,9425776,True,,,30.0,0.0
2026-05-03 15:55:16+00:00,8796670334,154509738,129,False,9425776,True,1.0,,30.0,0.0
2026-05-03 15:55:16+00:00,8796670334,859881158,4,True,7777322,False,,2026-02-21 16:25:01+00:00,30.0,0.0
2026-05-03 15:55:16+00:00,8796670334,1143830419,130,False,9425776,True,,,30.0,0.0
2026-05-03 15:55:16+00:00,8796670334,1130039860,128,False,9425776,True,,,30.0,0.0
2026-05-03 15:55:16+00:00,8796670334,124675117,1,True,7777322,False,,2026-02-21 16:25:01+00:00,30.0,0.0
2026-05-03 15:55:16+00:00,8796670334,160637401,0,True,7777322,False,,2026-02-21 16:25:01+00:00,30.0,0.0
2026-05-03 15:55:16+00:00,8796670334,367988577,3,True,7777322,False,,2026-02-21 16:25:01+00:00,30.0,0.0
2026-05-03 15:55:16+00:00,8796670334,206593195,132,False,9425776,True,,,30.0,0.0
2026-05-03 15:55:16+00:00,8796670334,846348640,2,True,7777322,False,,2026-02-21 16:25:01+00:00,30.0,0.0
2026-05-29 10:12:41+00:00,8829950756,283494184,128,False,10047709,False,1.0,2025-10-26 14:03:45+00:00,30.0,0.0
2026-05-29 12:02:11+00:00,8830060643,221532774,1,True,10001733,False,2.0,2026-04-11 14:03:15+00:00,30.0,0.0
2026-05-29 12:02:11+00:00,8830060643,1041811781,4,True,10001733,False,1.0,2026-04-11 14:03:15+00:00,30.0,0.0
2026-05-29 16:14:34+00:00,8830419543,160391554,4,True,10040639,False,,2026-01-18 17:45:38+00:00,30.0,0.0
2026-05-29 16:14:34+00:00,8830419543,319124110,1,True,10040639,False,,2026-01-18 17:45:38+00:00,30.0,0.0
2026-05-29 16:14:34+00:00,8830419543,142147636,2,True,10040639,False,,2026-04-10 22:12:21+00:00,30.0,0.0
2026-05-29 16:14:34+00:00,8830419543,425224180,0,True,10040639,False,,,30.0,0.0
2026-05-29 17:50:32+00:00,8830548633,123097213,4,True,8971308,False,1.0,2026-01-12 23:15:11+00:00,30.0,0.0
2026-05-29 17:50:32+00:00,8830548633,493967542,2,True,8971308,False,2.0,2025-10-04 17:58:09+00:00,30.0,0.0
2026-05-29 18:02:34+00:00,8830562971,134268169,129,False,9798986,False,1.0,2026-05-29 17:10:54+00:00,0.03587962962962963,2.0
2026-05-29 18:02:34+00:00,8830562971,189977584,131,False,9798986,False,3.0,2026-05-29 17:10:54+00:00,0.03587962962962963,2.0
2026-05-29 18:02:34+00:00,8830562971,910023324,130,False,9798986,False,2.0,2026-05-29 17:10:54+00:00,0.03587962962962963,2.0
2026-05-29 18:02:34+00:00,8830562971,129683847,132,False,9798986,False,,2026-05-29 17:10:54+00:00,0.03587962962962963,2.0
2026-05-29 18:02:34+00:00,8830562971,161092840,128,False,9798986,False,2.0,2026-05-29 17:10:54+00:00,0.03587962962962963,2.0
2026-05-30 04:56:51+00:00,8831089393,293904640,132,False,9546449,False,2.0,2026-05-30 04:00:08+00:00,0.039386574074074074,1.0
2026-05-30 09:50:50+00:00,8831344795,1041276674,128,False,5014799,False,1.0,2026-05-30 08:57:12+00:00,0.03724537037037037,1.0
2026-05-30 09:50:50+00:00,8831344795,127565532,132,False,5014799,False,2.0,2026-05-30 08:57:12+00:00,0.03724537037037037,1.0
2026-05-30 13:08:54+00:00,8831571711,431770905,0,True,2586976,False,1.0,2026-05-30 11:56:06+00:00,0.050555555555555555,12.0
2026-05-30 18:02:04+00:00,8831993377,329589381,130,False,10027376,False,2.0,2026-05-30 17:04:52+00:00,0.03972222222222222,1.0
2026-05-30 18:02:04+00:00,8831993377,338769995,131,False,10027376,False,1.0,2026-05-30 17:04:52+00:00,0.03972222222222222,1.0
2026-05-30 18:02:04+00:00,8831993377,1131665504,129,False,10027376,False,4.0,2026-05-30 17:04:52+00:00,0.03972222222222222,1.0
2026-05-30 18:02:04+00:00,8831993377,131246802,132,False,10027376,False,2.0,2026-05-30 17:04:52+00:00,0.03972222222222222,1.0
2026-05-30 18:13:58+00:00,8832008519,387836517,132,False,2885851,False,1.0,2026-05-30 17:09:49+00:00,0.04454861111111111,1.0
2026-05-30 18:13:58+00:00,8832008519,350885810,128,False,2885851,False,3.0,2026-05-30 17:09:49+00:00,0.04454861111111111,1.0
2026-05-30 18:13:58+00:00,8832008519,133958007,130,False,2885851,False,1.0,2026-05-30 17:09:49+00:00,0.04454861111111111,1.0
2026-05-30 18:13:58+00:00,8832008519,207916561,131,False,2885851,False,2.0,2026-05-30 17:09:49+00:00,0.04454861111111111,1.0
2026-05-30 18:13:58+00:00,8832008519,398747760,129,False,2885851,False,1.0,2026-05-30 17:09:49+00:00,0.04454861111111111,1.0
2026-05-30 19:20:09+00:00,8832083806,445646028,130,False,9895350,False,3.0,2026-05-30 18:19:20+00:00,0.0422337962962963,2.0
2026-05-30 19:20:09+00:00,8832083806,329076390,132,False,9895350,False,2.0,2026-05-30 18:19:20+00:00,0.0422337962962963,2.0
2026-06-01 10:53:57+00:00,8834238278,115506817,4,True,9547052,False,,2026-06-01 10:04:25+00:00,0.03439814814814815,2.0
2026-06-01 10:53:57+00:00,8834238278,1178451669,3,True,9547052,False,2.0,2026-06-01 10:04:25+00:00,0.03439814814814815,2.0
2026-06-01 10:53:57+00:00,8834238278,195608714,2,True,9547052,False,,2026-06-01 10:04:25+00:00,0.03439814814814815,2.0
2026-06-01 10:53:57+00:00,8834238278,111656727,129,False,10150610,True,,2026-06-01 10:04:25+00:00,0.03439814814814815,6.0
2026-06-01 10:53:57+00:00,8834238278,311534425,1,True,9547052,False,,2026-06-01 10:04:25+00:00,0.03439814814814815,2.0
2026-06-01 10:53:57+00:00,8834238278,180077091,0,True,9547052,False,,2026-06-01 10:04:25+00:00,0.03439814814814815,2.0
2026-06-01 11:00:50+00:00,8834244800,226786631,0,True,10101793,False,1.0,2026-06-01 10:01:49+00:00,0.040983796296296296,5.0
2026-06-01 11:00:50+00:00,8834244800,1218097624,3,True,10101793,False,2.0,2026-06-01 10:01:49+00:00,0.040983796296296296,5.0
2026-06-01 11:00:50+00:00,8834244800,1152948930,1,True,10101793,False,1.0,2026-06-01 10:01:49+00:00,0.040983796296296296,5.0
2026-06-01 11:00:50+00:00,8834244800,135709988,4,True,10101793,False,2.0,2026-06-01 10:01:49+00:00,0.040983796296296296,5.0
2026-06-01 11:00:50+00:00,8834244800,207527352,2,True,10101793,False,3.0,2026-06-01 10:01:49+00:00,0.040983796296296296,5.0
2026-06-01 18:21:43+00:00,8834808503,369342470,4,True,10145416,False,2.0,2026-06-01 17:04:51+00:00,0.05337962962962963,8.0
2026-06-01 18:21:43+00:00,8834808503,161839895,2,True,10145416,False,3.0,2026-06-01 17:04:51+00:00,0.05337962962962963,8.0
2026-06-01 18:21:43+00:00,8834808503,904131336,0,True,10145416,False,1.0,2026-06-01 17:04:51+00:00,0.05337962962962963,8.0
2026-06-01 19:32:03+00:00,8834889454,293731272,128,False,9928636,False,1.0,2026-06-01 18:00:06+00:00,0.06385416666666667,8.0
2026-06-02 13:46:08+00:00,8835684858,205389770,128,False,10041696,False,,2026-06-02 12:59:36+00:00,0.03231481481481482,4.0
2026-06-02 13:46:08+00:00,8835684858,224514487,132,False,10041696,False,,2026-06-02 12:59:36+00:00,0.03231481481481482,4.0
2026-06-02 13:46:08+00:00,8835684858,860706122,131,False,10041696,False,,2026-06-02 12:59:36+00:00,0.03231481481481482,4.0
2026-06-02 13:46:08+00:00,8835684858,174704427,130,False,10041696,False,,2026-06-02 12:59:36+00:00,0.03231481481481482,4.0
2026-06-02 13:46:08+00:00,8835684858,188212380,129,False,10041696,False,,2026-06-02 12:59:36+00:00,0.03231481481481482,4.0
2026-06-02 14:20:04+00:00,8835734817,837245291,131,False,9981569,False,,2026-06-02 13:02:20+00:00,0.053981481481481484,4.0
2026-06-02 14:20:04+00:00,8835734817,1200050970,129,False,9981569,False,,2026-06-02 13:02:20+00:00,0.053981481481481484,4.0
2026-06-02 14:20:04+00:00,8835734817,460989174,128,False,9981569,False,,2026-06-02 13:02:20+00:00,0.053981481481481484,4.0
2026-06-02 14:20:04+00:00,8835734817,154171908,132,False,9981569,False,,2026-06-02 13:02:20+00:00,0.053981481481481484,4.0
2026-06-02 14:20:04+00:00,8835734817,240477861,130,False,9981569,False,,2026-06-02 13:02:20+00:00,0.053981481481481484,4.0
2026-06-02 18:28:11+00:00,8836057732,185001854,0,True,9799036,False,2.0,2026-06-02 17:18:10+00:00,0.048622685185185185,7.0
2026-06-02 18:28:11+00:00,8836057732,908940454,2,True,9799036,False,0.0,2026-06-02 17:18:10+00:00,0.048622685185185185,7.0
2026-06-02 18:28:11+00:00,8836057732,176923146,1,True,9799036,False,1.0,2026-06-02 17:18:10+00:00,0.048622685185185185,7.0
2026-06-02 18:28:11+00:00,8836057732,121591254,3,True,9799036,False,2.0,2026-06-02 17:18:10+00:00,0.048622685185185185,7.0
2026-06-02 19:46:10+00:00,8836144558,242885483,129,False,9600331,False,2.0,2026-06-02 18:29:41+00:00,0.053113425925925925,5.0
2026-06-02 19:46:10+00:00,8836144558,197574429,132,False,9600331,False,1.0,2026-06-02 18:29:41+00:00,0.053113425925925925,5.0
2026-06-02 19:46:10+00:00,8836144558,874981361,130,False,9600331,False,1.0,2026-06-02 18:29:41+00:00,0.053113425925925925,5.0
2026-06-02 19:46:10+00:00,8836144558,288144026,128,False,9600331,False,2.0,2026-06-02 18:29:41+00:00,0.053113425925925925,5.0
2026-06-02 22:18:55+00:00,8836275621,120416283,132,False,8965331,False,2.0,2026-06-02 21:06:05+00:00,0.0505787037037037,6.0
2026-06-04 01:00:28+00:00,8837603031,85696663,131,False,9678463,False,2.0,2026-06-03 23:28:37+00:00,0.06378472222222223,11.0
2026-06-04 18:22:50+00:00,8838520571,232763274,0,True,10164102,False,,2026-06-04 17:13:39+00:00,0.04804398148148148,4.0
2026-06-04 18:22:50+00:00,8838520571,255339080,3,True,10164102,False,1.0,2026-06-04 17:13:39+00:00,0.04804398148148148,4.0
2026-06-04 18:22:50+00:00,8838520571,123953528,1,True,10164102,False,1.0,2026-06-04 17:13:39+00:00,0.04804398148148148,4.0
2026-06-04 21:33:51+00:00,8838730648,1674486174,128,False,10144722,False,1.0,2026-06-04 20:43:41+00:00,0.034837962962962966,8.0
2026-06-04 21:33:51+00:00,8838730648,1166358463,132,False,10144722,False,,2026-06-04 20:43:41+00:00,0.034837962962962966,8.0
2026-06-15 09:55:23+00:00,8852757973,108221389,4,True,9351740,True,2.0,2026-06-15 09:00:19+00:00,0.03824074074074074,1.0
2026-06-16 06:40:10+00:00,8853851704,1101855381,128,False,9885310,False,1.0,2026-06-16 05:35:39+00:00,0.04480324074074074,4.0
2026-06-16 06:40:10+00:00,8853851704,137895298,129,False,9885310,False,1.0,2026-06-16 05:35:39+00:00,0.04480324074074074,4.0
2026-06-16 06:40:10+00:00,8853851704,165178538,130,False,9885310,False,3.0,2026-06-16 05:35:39+00:00,0.04480324074074074,4.0
2026-06-16 06:40:10+00:00,8853851704,135607261,132,False,9885310,False,2.0,2026-06-16 05:35:39+00:00,0.04480324074074074,4.0
2026-06-16 06:40:10+00:00,8853851704,164530809,131,False,9885310,False,2.0,2026-06-16 05:35:39+00:00,0.04480324074074074,4.0
2026-06-16 17:55:54+00:00,8854572364,283545554,128,False,8971308,False,1.0,2026-06-16 16:46:15+00:00,0.04836805555555555,4.0
2026-06-16 17:55:54+00:00,8854572364,358507879,132,False,8971308,False,2.0,2026-06-16 16:46:15+00:00,0.04836805555555555,4.0
2026-06-16 17:55:54+00:00,8854572364,349342480,131,False,8971308,False,0.0,2026-06-16 16:46:15+00:00,0.04836805555555555,4.0
2026-06-16 17:55:54+00:00,8854572364,88611330,129,False,8971308,False,1.0,2026-06-16 16:46:15+00:00,0.04836805555555555,4.0
2026-06-16 17:55:54+00:00,8854572364,138535219,130,False,8971308,False,3.0,2026-06-16 16:46:15+00:00,0.04836805555555555,4.0
2026-06-17 05:10:40+00:00,8855025901,138857296,128,False,10008067,False,3.0,2026-06-17 04:00:13+00:00,0.04892361111111111,3.0
2026-06-17 05:10:40+00:00,8855025901,168028715,129,False,10008067,False,1.0,2026-06-17 04:00:13+00:00,0.04892361111111111,3.0
2026-06-17 05:10:40+00:00,8855025901,138543123,130,False,10008067,False,2.0,2026-06-17 04:00:13+00:00,0.04892361111111111,3.0
2026-06-17 07:32:27+00:00,8855109208,195072449,132,False,9886289,False,2.0,2026-06-17 06:38:04+00:00,0.037766203703703705,6.0
2026-06-17 07:32:27+00:00,8855109208,212011074,131,False,9886289,False,2.0,2026-06-17 06:38:04+00:00,0.037766203703703705,6.0
2026-06-17 12:15:11+00:00,8855342929,139937922,130,False,10007878,False,3.0,2026-06-17 10:35:01+00:00,0.06956018518518518,8.0
2026-06-17 12:15:11+00:00,8855342929,137193239,129,False,10007878,False,1.0,2026-06-17 10:35:01+00:00,0.06956018518518518,8.0
2026-06-17 12:15:11+00:00,8855342929,76904792,132,False,10007878,False,2.0,2026-06-17 10:35:01+00:00,0.06956018518518518,8.0
2026-06-17 12:15:11+00:00,8855342929,148215639,128,False,10007878,False,1.0,2026-06-17 10:35:01+00:00,0.06956018518518518,8.0
2026-06-17 14:54:02+00:00,8855564822,180775030,129,False,10150568,False,1.0,2026-06-17 14:01:11+00:00,0.03670138888888889,6.0
2026-06-17 14:54:02+00:00,8855564822,252520776,130,False,10150568,False,0.0,2026-06-17 14:01:11+00:00,0.03670138888888889,6.0
2026-06-17 14:54:02+00:00,8855564822,419948853,131,False,10150568,False,3.0,2026-06-17 14:01:11+00:00,0.03670138888888889,6.0
2026-06-17 14:54:02+00:00,8855564822,202464276,128,False,10150568,False,1.0,2026-06-17 14:01:11+00:00,0.03670138888888889,6.0
2026-06-17 17:13:49+00:00,8855749193,183057960,1,True,10150267,False,1.0,2026-06-17 16:07:22+00:00,0.04614583333333333,5.0
2026-06-18 11:15:07+00:00,8856501050,139822354,129,False,9351740,False,1.0,2026-06-18 10:16:39+00:00,0.040601851851851854,8.0
2026-06-18 16:31:31+00:00,8856921723,173842160,132,False,9678463,False,1.0,2026-06-18 15:32:16+00:00,0.04114583333333333,6.0
2026-06-18 16:31:31+00:00,8856921723,324627809,129,False,9678463,False,2.0,2026-06-18 15:32:16+00:00,0.04114583333333333,6.0
2026-06-18 16:31:31+00:00,8856921723,99796146,130,False,9678463,False,2.0,2026-06-18 15:32:16+00:00,0.04114583333333333,6.0
2026-06-18 19:36:32+00:00,8857142180,185202677,132,False,9973656,True,3.0,2026-06-18 18:09:37+00:00,0.0603587962962963,5.0
2026-06-20 03:58:59+00:00,8858763196,110759067,132,False,9546449,False,2.0,2026-06-20 02:58:10+00:00,0.0422337962962963,5.0
2026-06-20 03:58:59+00:00,8858763196,162274034,131,False,9546449,False,2.0,2026-06-20 02:58:10+00:00,0.0422337962962963,5.0
2026-06-21 03:08:10+00:00,8860108789,252551173,128,False,9098294,False,2.0,2026-06-21 02:02:40+00:00,0.04548611111111111,6.0
2026-06-21 03:08:10+00:00,8860108789,333700720,130,False,9098294,False,1.0,2026-06-21 02:02:40+00:00,0.04548611111111111,6.0
2026-06-21 05:06:40+00:00,8860187335,899495504,2,True,7917893,False,3.0,2026-06-21 04:06:43+00:00,0.041631944444444444,6.0
2026-06-22 04:49:52+00:00,8861575178,390015464,2,True,10144695,False,0.0,2026-06-22 03:18:13+00:00,0.06364583333333333,8.0
2026-06-22 04:49:52+00:00,8861575178,116837520,1,True,10144695,False,1.0,2026-06-22 03:18:13+00:00,0.06364583333333333,8.0
2026-06-23 09:24:16+00:00,8862980143,399804216,130,False,9872558,False,1.0,2026-06-23 08:19:14+00:00,0.045162037037037035,3.0
2026-06-23 09:24:16+00:00,8862980143,383361785,129,False,9872558,False,3.0,2026-06-23 08:19:14+00:00,0.045162037037037035,3.0
2026-06-23 11:27:19+00:00,8863091025,101259972,132,False,10135834,False,2.0,2026-06-23 09:57:01+00:00,0.06270833333333334,16.0
2026-06-23 11:27:19+00:00,8863091025,146711951,129,False,10135834,False,1.0,2026-06-23 09:57:01+00:00,0.06270833333333334,16.0
2026-06-25 23:40:45+00:00,8866547078,363178741,1,True,9866136,False,2.0,2026-06-25 20:38:14+00:00,0.12674768518518517,3.0
2026-06-25 23:40:45+00:00,8866547078,133615285,2,True,9866136,False,3.0,2026-06-25 20:38:14+00:00,0.12674768518518517,3.0
2026-06-25 23:40:45+00:00,8866547078,206266593,4,True,9866136,False,1.0,2026-06-25 20:38:14+00:00,0.12674768518518517,3.0
2026-06-25 23:40:45+00:00,8866547078,197525587,3,True,9866136,False,1.0,2026-06-25 20:38:14+00:00,0.12674768518518517,3.0
2026-06-25 23:40:45+00:00,8866547078,1009469018,0,True,9866136,False,2.0,2026-06-25 20:38:14+00:00,0.12674768518518517,3.0
2026-06-26 13:56:12+00:00,8867373444,184620877,4,True,7299465,False,0.0,2026-06-26 12:56:08+00:00,0.041712962962962966,6.0
2026-06-26 17:59:18+00:00,8867798521,50580004,4,True,10164198,False,1.0,2026-06-26 16:55:50+00:00,0.04407407407407407,5.0
2026-06-26 21:10:04+00:00,8868075845,86811043,128,False,10170364,False,1.0,2026-06-26 20:03:43+00:00,0.04607638888888889,5.0
2026-06-26 21:10:04+00:00,8868075845,94364925,131,False,10170364,False,1.0,2026-06-26 20:03:43+00:00,0.04607638888888889,5.0
2026-06-26 21:10:04+00:00,8868075845,92706637,129,False,10170364,False,1.0,2026-06-26 20:03:43+00:00,0.04607638888888889,5.0
2026-06-26 21:10:04+00:00,8868075845,1296625,130,False,10170364,False,2.0,2026-06-26 20:03:43+00:00,0.04607638888888889,5.0
2026-06-26 21:10:04+00:00,8868075845,192120253,132,False,10170364,False,2.0,2026-06-26 20:03:43+00:00,0.04607638888888889,5.0
2026-06-27 01:08:51+00:00,8868289953,151508316,132,False,10170769,False,2.0,2026-06-27 00:23:31+00:00,0.03148148148148148,8.0
2026-06-27 01:08:51+00:00,8868289953,361688848,129,False,10170769,False,1.0,2026-06-27 00:23:31+00:00,0.03148148148148148,8.0
2026-06-27 01:08:51+00:00,8868289953,86692726,128,False,10170769,False,2.0,2026-06-27 00:23:31+00:00,0.03148148148148148,8.0
2026-06-27 01:08:51+00:00,8868289953,99036634,130,False,10170769,False,3.0,2026-06-27 00:23:31+00:00,0.03148148148148148,8.0
2026-06-27 01:08:51+00:00,8868289953,396651757,131,False,10170769,False,1.0,2026-06-27 00:23:31+00:00,0.03148148148148148,8.0
2026-06-29 15:56:13+00:00,8873136109,197309434,4,True,10182482,False,,,30.0,0.0
2026-06-29 16:00:22+00:00,8873143287,40013910,130,False,10182519,True,,2026-06-29 15:05:28+00:00,0.038125,1.0
2026-06-29 20:01:20+00:00,8873508536,186411992,128,False,10182715,False,,2026-06-29 18:38:03+00:00,0.05783564814814815,1.0
2026-06-30 02:30:11+00:00,8873843108,95145869,131,False,10182514,True,1.0,2026-06-30 01:38:35+00:00,0.035833333333333335,1.0
2026-06-30 02:30:11+00:00,8873843108,416098293,2,True,10182752,False,,2026-06-30 01:38:35+00:00,0.035833333333333335,3.0
2026-06-30 15:10:26+00:00,8874675861,963252025,128,False,10182482,False,,2026-06-30 14:11:03+00:00,0.04123842592592593,3.0
2026-06-30 15:10:26+00:00,8874675861,371546728,132,False,10182482,False,,2026-06-30 14:11:03+00:00,0.04123842592592593,2.0
2026-06-30 15:10:26+00:00,8874675861,1185065451,130,False,10182482,False,,2026-06-30 14:11:03+00:00,0.04123842592592593,3.0
2026-06-30 15:10:26+00:00,8874675861,290031756,131,False,10182482,False,,2026-06-30 14:11:03+00:00,0.04123842592592593,3.0
2026-06-30 15:10:26+00:00,8874675861,254617977,129,False,10182482,False,,2026-06-30 14:11:03+00:00,0.04123842592592593,3.0
2026-06-30 16:35:06+00:00,8874815986,97218286,4,True,8838495,False,,2026-06-30 15:31:04+00:00,0.04446759259259259,4.0
2026-06-30 16:35:06+00:00,8874815986,143067868,1,True,8838495,False,,2026-06-30 15:31:04+00:00,0.04446759259259259,4.0
2026-06-30 16:35:06+00:00,8874815986,367831537,0,True,8838495,False,,2026-06-30 15:31:04+00:00,0.04446759259259259,4.0
2026-06-30 16:35:06+00:00,8874815986,492748110,3,True,8838495,False,,2026-06-30 15:31:04+00:00,0.04446759259259259,4.0
2026-06-30 16:35:06+00:00,8874815986,147796322,2,True,8838495,False,,2026-06-30 15:31:04+00:00,0.04446759259259259,4.0
2026-06-30 16:59:22+00:00,8874853800,244373403,4,True,10182678,False,,2026-06-30 14:57:29+00:00,0.0846412037037037,3.0
2026-06-30 16:59:22+00:00,8874853800,123172078,2,True,10182678,False,,2026-06-30 14:57:29+00:00,0.0846412037037037,3.0
2026-06-30 16:59:22+00:00,8874853800,113833980,0,True,10182678,False,,2026-06-30 14:57:29+00:00,0.0846412037037037,3.0
2026-06-30 16:59:22+00:00,8874853800,308281650,3,True,10182678,False,,2026-06-30 14:57:29+00:00,0.0846412037037037,3.0
2026-06-30 16:59:22+00:00,8874853800,112954736,1,True,10182678,False,,2026-06-30 14:57:29+00:00,0.0846412037037037,3.0
2026-06-30 17:18:18+00:00,8874882061,1853791662,130,False,10186458,False,,2026-06-29 20:10:14+00:00,0.8806018518518518,2.0
2026-06-30 17:36:16+00:00,8874903366,188688583,3,True,10182486,False,,2026-06-30 16:20:17+00:00,0.052766203703703704,4.0
2026-06-30 17:36:16+00:00,8874903366,89415289,0,True,10182486,False,,2026-06-30 16:20:17+00:00,0.052766203703703704,4.0
2026-06-30 17:36:16+00:00,8874903366,92687904,2,True,10182486,False,,2026-06-30 16:20:17+00:00,0.052766203703703704,4.0
2026-06-30 17:36:16+00:00,8874903366,379755783,1,True,10182486,False,,2026-06-30 16:20:17+00:00,0.052766203703703704,4.0
2026-06-30 17:36:16+00:00,8874903366,114285547,4,True,10182486,False,,2026-06-30 16:20:17+00:00,0.052766203703703704,4.0
2026-06-30 18:15:28+00:00,8874963926,129692936,2,True,5095368,False,,2026-06-30 17:04:35+00:00,0.04922453703703704,5.0
2026-06-30 18:15:28+00:00,8874963926,108928414,4,True,5095368,False,,2026-06-30 17:04:35+00:00,0.04922453703703704,5.0
2026-06-30 18:15:28+00:00,8874963926,417737942,1,True,5095368,False,,2026-06-30 17:04:35+00:00,0.04922453703703704,5.0
2026-06-30 18:15:28+00:00,8874963926,56672696,3,True,5095368,False,,2026-06-30 17:04:35+00:00,0.04922453703703704,5.0
2026-06-30 18:15:28+00:00,8874963926,1674203764,0,True,5095368,False,,2026-06-30 17:04:35+00:00,0.04922453703703704,5.0
2026-06-30 18:19:52+00:00,8874970148,923708928,130,False,10182713,False,,2026-06-30 17:01:36+00:00,0.05435185185185185,4.0
2026-06-30 18:19:52+00:00,8874970148,379454309,131,False,10182713,False,,2026-06-30 17:01:36+00:00,0.05435185185185185,4.0
2026-06-30 18:19:52+00:00,8874970148,165213126,132,False,10182713,False,,2026-06-30 17:01:36+00:00,0.05435185185185185,4.0
2026-06-30 18:19:52+00:00,8874970148,399681795,128,False,10182713,False,,2026-06-30 17:01:36+00:00,0.05435185185185185,4.0
2026-06-30 18:19:52+00:00,8874970148,851178649,129,False,10182713,False,,2026-06-30 17:01:36+00:00,0.05435185185185185,4.0
2026-06-30 18:23:55+00:00,8874975868,1520663597,129,False,10186458,False,,2026-06-30 17:18:18+00:00,0.04556712962962963,1.0
2026-06-30 18:23:55+00:00,8874975868,385344057,128,False,10186458,False,,2026-06-30 17:18:18+00:00,0.04556712962962963,3.0
2026-06-30 18:23:55+00:00,8874975868,1249045783,131,False,10186458,False,,2026-06-30 17:18:18+00:00,0.04556712962962963,3.0
2026-06-30 18:23:55+00:00,8874975868,1313455300,132,False,10186458,False,,2026-06-29 20:10:14+00:00,0.9261689814814815,2.0
2026-06-30 18:23:55+00:00,8874975868,1794698612,130,False,10186458,False,,2026-06-30 17:18:18+00:00,0.04556712962962963,3.0
2026-06-30 19:39:43+00:00,8875081913,99132107,128,False,9055189,False,,2026-06-30 18:06:10+00:00,0.06496527777777777,3.0
2026-06-30 19:39:43+00:00,8875081913,128580956,131,False,9055189,False,,2026-06-30 18:06:10+00:00,0.06496527777777777,3.0
2026-06-30 19:39:43+00:00,8875081913,970438316,130,False,9055189,False,,2026-06-30 18:06:10+00:00,0.06496527777777777,3.0
2026-06-30 19:39:43+00:00,8875081913,98167706,132,False,9055189,False,,2026-06-30 18:06:10+00:00,0.06496527777777777,3.0
2026-06-30 19:39:43+00:00,8875081913,151482973,129,False,9055189,False,,2026-06-30 18:06:10+00:00,0.06496527777777777,3.0
2026-06-30 19:52:05+00:00,8875098637,31388939,2,True,10182732,False,,2026-06-30 18:54:15+00:00,0.04016203703703704,6.0
2026-06-30 19:52:05+00:00,8875098637,322278701,4,True,10182732,False,,2026-06-30 18:54:15+00:00,0.04016203703703704,6.0
2026-06-30 19:52:05+00:00,8875098637,106810939,3,True,10182732,False,,2026-06-30 18:54:15+00:00,0.04016203703703704,6.0
2026-06-30 19:52:05+00:00,8875098637,309224793,0,True,10182732,False,,2026-06-30 18:54:15+00:00,0.04016203703703704,6.0
2026-06-30 19:52:05+00:00,8875098637,86832913,1,True,10182732,False,,2026-06-30 18:54:15+00:00,0.04016203703703704,6.0
2026-06-30 20:07:49+00:00,8875120208,111532561,130,False,10182715,False,,2026-06-30 19:05:04+00:00,0.04357638888888889,3.0
2026-06-30 20:07:49+00:00,8875120208,309636925,128,False,10182715,False,,2026-06-30 19:05:04+00:00,0.04357638888888889,3.0
2026-06-30 20:07:49+00:00,8875120208,860792911,129,False,10182715,False,,2026-06-30 19:05:04+00:00,0.04357638888888889,3.0
2026-06-30 20:07:49+00:00,8875120208,384723384,132,False,10182715,False,,2026-06-30 19:05:04+00:00,0.04357638888888889,3.0
2026-06-30 20:07:49+00:00,8875120208,84422118,131,False,10182715,False,1.0,2026-06-30 19:05:04+00:00,0.04357638888888889,1.0
2026-06-30 20:27:36+00:00,8875145072,86999597,128,False,10182501,False,,2026-06-30 19:16:54+00:00,0.04909722222222222,4.0
2026-06-30 20:27:36+00:00,8875145072,123343197,129,False,10182501,False,,2026-06-30 19:16:54+00:00,0.04909722222222222,4.0
2026-06-30 20:27:36+00:00,8875145072,84592370,130,False,10182501,False,,2026-06-30 19:16:54+00:00,0.04909722222222222,4.0
2026-06-30 20:27:36+00:00,8875145072,257988627,132,False,10182501,False,,2026-06-30 19:16:54+00:00,0.04909722222222222,4.0
2026-06-30 20:27:36+00:00,8875145072,5844432,131,False,10182501,False,,2026-06-30 19:16:54+00:00,0.04909722222222222,4.0
2026-06-30 21:17:56+00:00,8875200893,208212987,132,False,10182752,False,,2026-06-30 02:30:11+00:00,0.7831597222222222,1.0
2026-06-30 22:03:54+00:00,8875248292,78577268,1,True,8795230,False,,2026-06-30 21:07:32+00:00,0.03914351851851852,4.0
2026-06-30 22:03:54+00:00,8875248292,166017709,4,True,8795230,False,,2026-06-30 21:07:32+00:00,0.03914351851851852,4.0
2026-06-30 22:03:54+00:00,8875248292,149027778,3,True,8795230,False,,2026-06-30 21:07:32+00:00,0.03914351851851852,4.0
2026-06-30 22:03:54+00:00,8875248292,87856234,2,True,8795230,False,,2026-06-30 21:07:32+00:00,0.03914351851851852,4.0
2026-06-30 22:03:54+00:00,8875248292,395661906,0,True,8795230,False,,2026-06-30 21:07:32+00:00,0.03914351851851852,4.0
2026-06-30 22:23:06+00:00,8875264186,196892309,2,True,10182752,False,,2026-06-30 21:17:56+00:00,0.04525462962962963,2.0
2026-06-30 22:23:06+00:00,8875264186,133672082,0,True,10182752,False,,2026-06-30 21:17:56+00:00,0.04525462962962963,6.0
2026-06-30 22:23:06+00:00,8875264186,186495296,1,True,10182752,False,,2026-06-30 02:30:11+00:00,0.8284143518518519,5.0
2026-06-30 22:23:06+00:00,8875264186,880455909,3,True,10182752,False,,2026-06-30 21:17:56+00:00,0.04525462962962963,6.0
2026-06-30 22:23:06+00:00,8875264186,480048979,4,True,10182752,False,,2026-06-30 21:17:56+00:00,0.04525462962962963,5.0
2026-06-30 22:34:06+00:00,8875272998,194049929,2,True,10182793,False,,2026-06-30 21:30:13+00:00,0.044363425925925924,8.0
2026-06-30 22:34:06+00:00,8875272998,86885915,1,True,10182793,False,,2026-06-30 21:30:13+00:00,0.044363425925925924,8.0
2026-06-30 22:34:06+00:00,8875272998,48660805,0,True,10182793,False,,2026-06-30 21:30:13+00:00,0.044363425925925924,8.0
2026-06-30 22:34:06+00:00,8875272998,107757716,3,True,10182793,False,,2026-06-30 21:30:13+00:00,0.044363425925925924,8.0
2026-06-30 22:34:06+00:00,8875272998,148213417,4,True,10182793,False,,2026-06-30 21:30:13+00:00,0.044363425925925924,8.0
2026-06-30 23:04:11+00:00,8875290762,356875951,130,False,10182851,False,,2026-06-30 21:39:14+00:00,0.058993055555555556,6.0
2026-06-30 23:04:11+00:00,8875290762,121916030,129,False,10182851,False,,2026-06-30 21:39:14+00:00,0.058993055555555556,6.0
2026-06-30 23:04:11+00:00,8875290762,205749939,128,False,10182851,False,,2026-06-30 21:39:14+00:00,0.058993055555555556,6.0
2026-06-30 23:04:11+00:00,8875290762,251135365,132,False,10182851,False,,2026-06-30 21:39:14+00:00,0.058993055555555556,6.0
2026-06-30 23:04:11+00:00,8875290762,1699330914,131,False,10182851,False,,2026-06-30 21:39:14+00:00,0.058993055555555556,6.0
2026-06-30 23:04:11+00:00,8875290762,366489992,4,True,10182524,True,,2026-06-30 21:39:14+00:00,0.058993055555555556,2.0
2026-07-01 01:04:23+00:00,8875372362,209783719,3,True,10182650,False,1.0,2026-07-01 00:03:45+00:00,0.04210648148148148,6.0
2026-07-01 01:04:23+00:00,8875372362,208657652,2,True,10182650,False,,2026-07-01 00:03:45+00:00,0.04210648148148148,6.0
2026-07-01 01:04:23+00:00,8875372362,119875714,4,True,10182650,False,1.0,2026-07-01 00:03:45+00:00,0.04210648148148148,6.0
2026-07-01 01:04:23+00:00,8875372362,48873099,1,True,10182650,False,,2026-07-01 00:03:45+00:00,0.04210648148148148,6.0
2026-07-01 01:04:23+00:00,8875372362,298027834,0,True,10182650,False,2.0,2026-07-01 00:03:45+00:00,0.04210648148148148,6.0
2026-07-01 01:20:12+00:00,8875381884,39155815,132,False,10186497,False,,2026-07-01 00:19:11+00:00,0.04237268518518519,3.0
2026-07-01 01:20:12+00:00,8875381884,203596299,131,False,10186497,False,2.0,2026-07-01 00:19:11+00:00,0.04237268518518519,3.0
2026-07-01 01:20:12+00:00,8875381884,283629288,129,False,10186497,False,2.0,2026-07-01 00:19:11+00:00,0.04237268518518519,3.0
2026-07-01 01:20:12+00:00,8875381884,102652420,128,False,10186497,False,,2026-07-01 00:19:11+00:00,0.04237268518518519,3.0
2026-07-01 01:20:12+00:00,8875381884,102382586,130,False,10186497,False,,2026-07-01 00:19:11+00:00,0.04237268518518519,3.0
2026-07-01 01:20:39+00:00,8875382139,1673981140,131,False,10182710,True,,2026-07-01 00:07:26+00:00,0.05084490740740741,3.0
2026-07-01 02:57:36+00:00,8875439021,114950635,4,True,10182710,False,,,30.0,0.0
2026-07-01 02:57:36+00:00,8875439021,117511039,0,True,10182710,False,,2026-07-01 01:20:39+00:00,0.0673263888888889,4.0
2026-07-01 02:57:36+00:00,8875439021,1874506858,3,True,10182710,False,,2026-07-01 01:20:39+00:00,0.0673263888888889,4.0
2026-07-01 02:57:36+00:00,8875439021,135191692,2,True,10182710,False,,2026-07-01 01:20:39+00:00,0.0673263888888889,4.0
2026-07-01 02:57:36+00:00,8875439021,197813893,1,True,10182710,False,3.0,2026-07-01 01:20:39+00:00,0.0673263888888889,4.0
2026-07-01 07:13:55+00:00,8875607269,118736004,131,False,10182469,False,,2026-07-01 06:26:08+00:00,0.03318287037037037,3.0
2026-07-01 07:13:55+00:00,8875607269,144105312,132,False,10182469,False,,2026-07-01 06:26:08+00:00,0.03318287037037037,3.0
2026-07-01 07:13:55+00:00,8875607269,120901780,129,False,10182469,False,2.0,2026-07-01 06:26:08+00:00,0.03318287037037037,3.0
2026-07-01 07:13:55+00:00,8875607269,89972122,130,False,10182469,False,,2026-07-01 06:26:08+00:00,0.03318287037037037,3.0
2026-07-01 07:13:55+00:00,8875607269,188037232,128,False,10182469,False,1.0,2026-07-01 06:26:08+00:00,0.03318287037037037,3.0
2026-07-01 08:25:45+00:00,8875666922,1201927095,129,False,10186547,False,1.0,2026-07-01 07:24:35+00:00,0.04247685185185185,4.0
2026-07-01 08:25:45+00:00,8875666922,145331311,2,True,10182498,True,1.0,2026-07-01 07:24:35+00:00,0.04247685185185185,5.0
2026-07-01 08:25:45+00:00,8875666922,193815691,131,False,10186547,False,2.0,2026-07-01 07:24:35+00:00,0.04247685185185185,4.0
2026-07-01 08:25:45+00:00,8875666922,375507918,128,False,10186547,False,1.0,2026-07-01 07:24:35+00:00,0.04247685185185185,4.0
2026-07-01 11:00:40+00:00,8875824584,95651573,4,True,10182654,False,,2026-07-01 10:03:08+00:00,0.03995370370370371,8.0
2026-07-01 11:00:40+00:00,8875824584,232939147,1,True,10182654,False,,2026-07-01 10:03:08+00:00,0.03995370370370371,8.0
2026-07-01 11:00:40+00:00,8875824584,162675753,0,True,10182654,False,,2026-07-01 10:03:08+00:00,0.03995370370370371,8.0
2026-07-01 11:00:40+00:00,8875824584,846051882,2,True,10182654,False,,2026-07-01 10:03:08+00:00,0.03995370370370371,8.0
2026-07-01 11:00:40+00:00,8875824584,838547248,3,True,10182654,False,2.0,2026-07-01 10:03:08+00:00,0.03995370370370371,8.0
2026-07-01 11:10:34+00:00,8875836468,105965535,131,False,10182706,False,,2026-07-01 10:07:49+00:00,0.04357638888888889,5.0
2026-07-01 11:10:34+00:00,8875836468,115793260,128,False,10182706,False,,2026-07-01 10:07:49+00:00,0.04357638888888889,5.0
2026-07-01 11:10:34+00:00,8875836468,131777112,132,False,10182706,False,,2026-07-01 10:07:49+00:00,0.04357638888888889,5.0
2026-07-01 11:10:34+00:00,8875836468,98885811,130,False,10182706,False,1.0,2026-07-01 10:07:49+00:00,0.04357638888888889,5.0
2026-07-01 11:10:34+00:00,8875836468,174727276,129,False,10182706,False,,2026-07-01 10:07:49+00:00,0.04357638888888889,5.0
2026-07-01 11:22:27+00:00,8875849130,129807919,4,True,10182755,False,,2026-07-01 10:15:34+00:00,0.04644675925925926,9.0
2026-07-01 11:22:27+00:00,8875849130,1004229172,1,True,10182755,False,,2026-07-01 10:15:34+00:00,0.04644675925925926,9.0
2026-07-01 11:22:27+00:00,8875849130,346174811,3,True,10182755,False,,2026-07-01 10:15:34+00:00,0.04644675925925926,9.0
2026-07-01 11:22:27+00:00,8875849130,154259887,2,True,10182755,False,,2026-07-01 10:15:34+00:00,0.04644675925925926,9.0
2026-07-01 12:11:31+00:00,8875915348,52197664,131,False,10164510,False,,2026-07-01 11:15:11+00:00,0.03912037037037037,6.0
2026-07-01 12:11:31+00:00,8875915348,63564640,128,False,10164510,False,,2026-07-01 11:15:11+00:00,0.03912037037037037,6.0
2026-07-01 12:11:31+00:00,8875915348,22010146,129,False,10164510,False,,2026-07-01 11:15:11+00:00,0.03912037037037037,6.0
2026-07-01 12:11:31+00:00,8875915348,186360994,132,False,10164510,False,,2026-07-01 11:15:11+00:00,0.03912037037037037,6.0
2026-07-01 12:11:31+00:00,8875915348,315016949,130,False,10164510,False,,2026-07-01 11:15:11+00:00,0.03912037037037037,6.0
2026-07-01 12:39:41+00:00,8875954479,137530209,131,False,10182476,False,,2026-07-01 11:30:12+00:00,0.04825231481481482,2.0
2026-07-01 12:39:41+00:00,8875954479,180302127,130,False,10182476,False,,2026-07-01 11:30:12+00:00,0.04825231481481482,2.0
2026-07-01 12:39:41+00:00,8875954479,339686412,0,True,10182601,True,,2026-07-01 11:30:12+00:00,0.04825231481481482,2.0
2026-07-01 12:39:41+00:00,8875954479,207098798,132,False,10182476,False,,2026-07-01 11:30:12+00:00,0.04825231481481482,2.0
2026-07-01 12:39:41+00:00,8875954479,421257589,1,True,10182601,True,,2026-07-01 11:30:12+00:00,0.04825231481481482,2.0
2026-07-01 12:39:41+00:00,8875954479,108452107,4,True,10182601,True,,2026-07-01 11:30:12+00:00,0.04825231481481482,2.0
2026-07-01 12:39:41+00:00,8875954479,102126005,128,False,10182476,False,,2026-07-01 11:30:12+00:00,0.04825231481481482,2.0
2026-07-01 12:39:41+00:00,8875954479,191116892,3,True,10182601,True,,2026-07-01 11:30:12+00:00,0.04825231481481482,2.0
2026-07-01 12:39:41+00:00,8875954479,108625414,2,True,10182601,True,,2026-07-01 11:30:12+00:00,0.04825231481481482,2.0
2026-07-01 13:18:22+00:00,8876020336,198981766,0,True,10182693,True,,2026-07-01 12:05:09+00:00,0.05084490740740741,1.0
2026-07-01 13:37:06+00:00,8876051856,135113005,2,True,10182459,False,,2026-07-01 12:39:33+00:00,0.03996527777777778,7.0
2026-07-01 13:37:06+00:00,8876051856,104314302,4,True,10182459,False,,2026-07-01 12:39:33+00:00,0.03996527777777778,7.0
2026-07-01 13:37:06+00:00,8876051856,120613892,0,True,10182459,False,,2026-07-01 12:39:33+00:00,0.03996527777777778,7.0
2026-07-01 14:10:53+00:00,8876111537,109757023,4,True,10182773,False,1.0,2026-07-01 13:01:18+00:00,0.04832175925925926,7.0
2026-07-01 14:10:53+00:00,8876111537,92028391,0,True,10182773,False,,2026-07-01 13:01:18+00:00,0.04832175925925926,7.0
2026-07-01 14:10:53+00:00,8876111537,86700461,3,True,10182773,False,,2026-07-01 13:01:18+00:00,0.04832175925925926,7.0
2026-07-01 14:10:53+00:00,8876111537,94439767,2,True,10182773,False,3.0,2026-07-01 13:01:18+00:00,0.04832175925925926,7.0
2026-07-01 14:10:53+00:00,8876111537,124583384,1,True,10182773,False,,2026-07-01 13:01:18+00:00,0.04832175925925926,7.0
2026-07-01 15:22:18+00:00,8876228139,68007361,130,False,10182833,True,,2026-07-01 14:13:30+00:00,0.04777777777777778,6.0
2026-07-01 15:22:18+00:00,8876228139,99611577,132,False,10182833,True,,2026-07-01 14:13:30+00:00,0.04777777777777778,2.0
2026-07-01 15:22:18+00:00,8876228139,124603973,131,False,10182833,True,,2026-07-01 14:13:30+00:00,0.04777777777777778,6.0
2026-07-01 15:35:12+00:00,8876250327,238509899,2,True,10182496,True,,2026-07-01 14:28:05+00:00,0.046608796296296294,6.0
2026-07-01 15:35:12+00:00,8876250327,136031695,0,True,10182496,True,,2026-07-01 14:28:05+00:00,0.046608796296296294,6.0
2026-07-01 15:35:12+00:00,8876250327,108810964,3,True,10182496,True,,2026-07-01 14:28:05+00:00,0.046608796296296294,6.0
2026-07-01 15:35:12+00:00,8876250327,121885658,4,True,10182496,True,,2026-07-01 14:28:05+00:00,0.046608796296296294,6.0
2026-07-01 15:35:12+00:00,8876250327,112426916,1,True,10182496,True,4.0,2026-07-01 14:28:05+00:00,0.046608796296296294,6.0
2026-07-01 16:28:19+00:00,8876335535,164025762,4,True,10186464,False,,2026-07-01 14:50:55+00:00,0.06763888888888889,11.0
2026-07-01 16:28:19+00:00,8876335535,176019913,2,True,10186464,False,,2026-07-01 14:50:55+00:00,0.06763888888888889,11.0
2026-07-01 16:28:19+00:00,8876335535,1081125817,3,True,10186464,False,,2026-07-01 14:50:55+00:00,0.06763888888888889,11.0
2026-07-01 16:28:19+00:00,8876335535,49570863,0,True,10186464,False,,2026-07-01 14:50:55+00:00,0.06763888888888889,11.0
2026-07-01 17:46:44+00:00,8876453217,100483784,129,False,10182492,True,,2026-07-01 15:00:12+00:00,0.11564814814814815,10.0
2026-07-01 17:46:44+00:00,8876453217,1052101649,128,False,10182492,True,,2026-07-01 15:00:12+00:00,0.11564814814814815,10.0
2026-07-01 17:46:44+00:00,8876453217,134432641,1,True,9855768,False,,2026-07-01 15:00:12+00:00,0.11564814814814815,10.0
2026-07-01 17:46:44+00:00,8876453217,163152486,4,True,9855768,False,,2026-07-01 15:00:12+00:00,0.11564814814814815,10.0
2026-07-01 17:46:44+00:00,8876453217,93845249,2,True,9855768,False,,2026-07-01 15:00:12+00:00,0.11564814814814815,10.0
2026-07-01 17:46:44+00:00,8876453217,279460864,131,False,10182492,True,2.0,2026-07-01 15:00:12+00:00,0.11564814814814815,10.0
2026-07-01 17:46:44+00:00,8876453217,354160772,130,False,10182492,True,,2026-07-01 15:00:12+00:00,0.11564814814814815,10.0
2026-07-01 17:48:45+00:00,8876455921,921032897,2,True,10182524,False,,2026-07-01 16:16:07+00:00,0.06432870370370371,5.0
2026-07-01 17:48:45+00:00,8876455921,285947750,4,True,10182524,False,,2026-07-01 16:16:07+00:00,0.06432870370370371,8.0
2026-07-01 17:48:45+00:00,8876455921,377699384,0,True,10182524,False,,2026-07-01 16:16:07+00:00,0.06432870370370371,8.0
2026-07-01 17:48:45+00:00,8876455921,1060568191,1,True,10182524,False,,2026-07-01 16:16:07+00:00,0.06432870370370371,8.0
2026-07-01 17:48:45+00:00,8876455921,362711800,3,True,10182524,False,,2026-07-01 16:16:07+00:00,0.06432870370370371,8.0
2026-07-01 18:39:56+00:00,8876522645,989268035,4,True,10182738,False,,2026-07-01 17:48:45+00:00,0.03554398148148148,3.0
2026-07-01 19:37:27+00:00,8876602958,865067597,131,False,10182738,False,,2026-07-01 18:39:56+00:00,0.03994212962962963,7.0
2026-07-01 19:37:27+00:00,8876602958,108997922,2,True,10182748,True,1.0,2026-07-01 18:39:56+00:00,0.03994212962962963,5.0
2026-07-01 19:37:27+00:00,8876602958,376577750,129,False,10182738,False,,2026-07-01 18:39:56+00:00,0.03994212962962963,7.0
2026-07-01 19:37:27+00:00,8876602958,888117850,4,True,10182748,True,,2026-07-01 18:39:56+00:00,0.03994212962962963,5.0
2026-07-01 19:37:27+00:00,8876602958,61374441,1,True,10182748,True,,2026-07-01 18:39:56+00:00,0.03994212962962963,5.0
2026-07-01 19:37:27+00:00,8876602958,337057519,128,False,10182738,False,,2026-07-01 18:39:56+00:00,0.03994212962962963,7.0
2026-07-01 19:37:27+00:00,8876602958,258410531,0,True,10182748,True,,2026-07-01 18:39:56+00:00,0.03994212962962963,5.0
2026-07-01 19:37:27+00:00,8876602958,389350615,130,False,10182738,False,,2026-07-01 16:16:07+00:00,0.1398148148148148,3.0
2026-07-01 19:37:27+00:00,8876602958,158497863,3,True,10182748,True,,2026-07-01 18:39:56+00:00,0.03994212962962963,5.0
2026-07-01 19:37:27+00:00,8876602958,247133387,132,False,10182738,False,,2026-07-01 18:39:56+00:00,0.03994212962962963,7.0
2026-07-01 19:39:06+00:00,8876599600,27178898,132,False,8532176,True,1.0,2026-07-01 18:08:43+00:00,0.0627662037037037,10.0
2026-07-01 19:39:06+00:00,8876599600,107855479,130,False,8532176,True,,2026-07-01 18:08:43+00:00,0.0627662037037037,10.0
2026-07-01 19:39:06+00:00,8876599600,35504297,4,True,10182639,False,,2026-07-01 18:08:43+00:00,0.0627662037037037,9.0
2026-07-01 19:39:06+00:00,8876599600,98172857,0,True,10182639,False,2.0,2026-07-01 18:08:43+00:00,0.0627662037037037,9.0
2026-07-01 19:39:06+00:00,8876599600,196490133,128,False,8532176,True,1.0,2026-07-01 18:08:43+00:00,0.0627662037037037,10.0
2026-07-01 19:39:06+00:00,8876599600,1674334778,3,True,10182639,False,,2026-07-01 18:08:43+00:00,0.0627662037037037,9.0
2026-07-01 19:40:40+00:00,8876607269,208181197,129,False,10177742,True,,2026-07-01 18:21:56+00:00,0.054675925925925926,11.0
2026-07-01 19:40:40+00:00,8876607269,107746371,3,True,10182519,False,,2026-07-01 18:21:56+00:00,0.054675925925925926,12.0
2026-07-01 19:40:40+00:00,8876607269,64527692,1,True,10182519,False,,2026-07-01 18:21:56+00:00,0.054675925925925926,12.0
2026-07-01 19:40:40+00:00,8876607269,257698084,132,False,10177742,True,,2026-07-01 18:21:56+00:00,0.054675925925925926,11.0
2026-07-01 19:40:40+00:00,8876607269,1119556666,4,True,10182519,False,,2026-07-01 18:21:56+00:00,0.054675925925925926,12.0
2026-07-01 19:40:40+00:00,8876607269,270293472,130,False,10177742,True,,2026-07-01 18:21:56+00:00,0.054675925925925926,11.0
2026-07-01 19:40:40+00:00,8876607269,317725979,131,False,10177742,True,2.0,2026-07-01 18:21:56+00:00,0.054675925925925926,11.0
2026-07-01 19:40:40+00:00,8876607269,258607808,0,True,10182519,False,,2026-07-01 18:21:56+00:00,0.054675925925925926,12.0
2026-07-01 19:40:40+00:00,8876607269,220621418,128,False,10177742,True,,2026-07-01 18:21:56+00:00,0.054675925925925926,11.0
2026-07-01 19:40:40+00:00,8876607269,123622845,2,True,10182519,False,,2026-07-01 18:21:56+00:00,0.054675925925925926,10.0
2026-07-01 19:53:31+00:00,8876624227,200450157,132,False,10182810,False,,2026-07-01 18:04:41+00:00,0.0755787037037037,6.0
2026-07-01 19:53:31+00:00,8876624227,86850560,128,False,10182810,False,2.0,2026-07-01 18:04:41+00:00,0.0755787037037037,6.0
2026-07-01 19:53:31+00:00,8876624227,193490297,129,False,10182810,False,,2026-07-01 18:04:41+00:00,0.0755787037037037,6.0
2026-07-01 19:53:31+00:00,8876624227,410707457,131,False,10182810,False,0.0,2026-07-01 18:04:41+00:00,0.0755787037037037,6.0
2026-07-01 19:53:31+00:00,8876624227,145372258,130,False,10182810,False,1.0,2026-07-01 18:04:41+00:00,0.0755787037037037,6.0
2026-07-01 21:06:47+00:00,8876713570,220114337,3,True,10182892,False,1.0,2026-07-01 20:05:42+00:00,0.04241898148148148,8.0
2026-07-01 21:06:47+00:00,8876713570,116776337,1,True,10182892,False,1.0,2026-07-01 20:05:42+00:00,0.04241898148148148,8.0
2026-07-01 21:06:47+00:00,8876713570,396792504,4,True,10182892,False,2.0,2026-07-01 20:05:42+00:00,0.04241898148148148,8.0
2026-07-01 21:06:47+00:00,8876713570,412758827,0,True,10182892,False,,2026-07-01 20:05:42+00:00,0.04241898148148148,8.0
2026-07-01 21:06:47+00:00,8876713570,250317389,2,True,10182892,False,,2026-07-01 20:05:42+00:00,0.04241898148148148,8.0
2026-07-02 00:32:19+00:00,8876860563,248180032,131,False,10182705,False,2.0,2026-07-01 23:13:22+00:00,0.05482638888888889,6.0
2026-07-02 00:32:19+00:00,8876860563,143659264,1,True,10186492,True,,2026-07-01 23:13:22+00:00,0.05482638888888889,8.0
2026-07-02 00:32:19+00:00,8876860563,452400903,128,False,10182705,False,,2026-07-01 23:13:22+00:00,0.05482638888888889,6.0
2026-07-02 00:32:19+00:00,8876860563,249986681,2,True,10186492,True,4.0,2026-07-01 23:13:22+00:00,0.05482638888888889,8.0
2026-07-02 00:32:19+00:00,8876860563,101779337,0,True,10186492,True,,2026-07-01 23:13:22+00:00,0.05482638888888889,8.0
2026-07-02 00:32:19+00:00,8876860563,182322692,129,False,10182705,False,1.0,2026-07-01 23:13:22+00:00,0.05482638888888889,6.0
2026-07-02 00:32:19+00:00,8876860563,125989153,3,True,10186492,True,,2026-07-01 23:13:22+00:00,0.05482638888888889,8.0
2026-07-02 00:32:19+00:00,8876860563,866438572,4,True,10186492,True,,2026-07-01 23:13:22+00:00,0.05482638888888889,8.0
2026-07-02 00:32:19+00:00,8876860563,116293223,132,False,10182705,False,,2026-07-01 23:13:22+00:00,0.05482638888888889,6.0
2026-07-02 01:18:59+00:00,8876894624,893049966,0,True,10186491,False,,2026-07-02 00:16:17+00:00,0.043541666666666666,10.0
2026-07-02 01:18:59+00:00,8876894624,40547474,131,False,10182514,True,0.0,2026-07-02 00:16:17+00:00,0.043541666666666666,6.0
2026-07-02 01:18:59+00:00,8876894624,1088362710,3,True,10186491,False,2.0,2026-07-02 00:16:17+00:00,0.043541666666666666,10.0
2026-07-02 01:18:59+00:00,8876894624,86745912,128,False,10182514,True,1.0,2026-07-02 00:16:17+00:00,0.043541666666666666,6.0
2026-07-02 01:18:59+00:00,8876894624,850309212,2,True,10186491,False,3.0,2026-07-02 00:16:17+00:00,0.043541666666666666,10.0
2026-07-02 01:18:59+00:00,8876894624,238239590,129,False,10182514,True,,2026-07-02 00:16:17+00:00,0.043541666666666666,6.0
2026-07-02 01:18:59+00:00,8876894624,1190137167,4,True,10186491,False,2.0,2026-07-02 00:16:17+00:00,0.043541666666666666,10.0
2026-07-02 01:18:59+00:00,8876894624,38628747,130,False,10182514,True,,2026-07-02 00:16:17+00:00,0.043541666666666666,6.0
2026-07-02 01:18:59+00:00,8876894624,288775038,1,True,10186491,False,1.0,2026-07-02 00:16:17+00:00,0.043541666666666666,10.0
2026-07-11 13:54:48+00:00,8891519142,352545711,130,False,10182309,False,1.0,2026-07-11 12:11:00+00:00,0.07208333333333333,9.0
2026-07-12 10:40:11+00:00,8892958964,81475303,132,False,9691969,False,1.0,2026-07-12 09:05:02+00:00,0.06607638888888889,9.0
2026-07-12 13:19:01+00:00,8893208737,117514269,130,False,10019843,False,1.0,2026-07-12 12:04:01+00:00,0.052083333333333336,9.0
2026-07-14 13:50:59+00:00,8896380183,241884166,131,False,9895392,False,2.0,2026-07-14 12:17:00+00:00,0.0652662037037037,12.0
2026-07-14 13:50:59+00:00,8896380183,94155156,132,False,9895392,False,2.0,2026-07-14 12:17:00+00:00,0.0652662037037037,12.0
2026-07-15 12:27:54+00:00,8897695379,301750126,129,False,9467224,False,4.0,2026-07-15 10:59:51+00:00,0.06114583333333334,9.0
2026-07-15 12:27:54+00:00,8897695379,124801257,128,False,9467224,False,1.0,2026-07-15 10:59:51+00:00,0.06114583333333334,9.0
2026-07-16 12:27:06+00:00,8899120700,321580662,0,True,7119388,False,1.0,2026-07-16 11:06:45+00:00,0.05579861111111111,10.0
2026-07-16 12:27:06+00:00,8899120700,106305042,2,True,7119388,False,4.0,2026-07-16 11:06:45+00:00,0.05579861111111111,10.0
2026-07-16 12:27:06+00:00,8899120700,847565596,1,True,7119388,False,2.0,2026-07-16 11:06:45+00:00,0.05579861111111111,10.0
2026-07-16 12:27:06+00:00,8899120700,302214028,4,True,7119388,False,1.0,2026-07-16 11:06:45+00:00,0.05579861111111111,10.0
2026-07-16 12:27:06+00:00,8899120700,218231587,3,True,7119388,False,2.0,2026-07-16 11:06:45+00:00,0.05579861111111111,10.0
2026-07-19 17:49:01+00:00,8904419709,73401082,4,True,9824702,True,2.0,2026-07-19 16:35:00+00:00,0.05140046296296296,8.0
2026-07-19 17:49:01+00:00,8904419709,164199202,3,True,9824702,True,2.0,2026-07-19 16:35:00+00:00,0.05140046296296296,8.0
2026-07-19 17:49:01+00:00,8904419709,195108598,1,True,9824702,True,1.0,2026-07-19 16:35:00+00:00,0.05140046296296296,8.0
2026-07-19 17:49:01+00:00,8904419709,1044002267,0,True,9824702,True,1.0,2026-07-19 16:35:00+00:00,0.05140046296296296,8.0
2026-07-19 17:49:01+00:00,8904419709,106573901,2,True,9824702,True,4.0,2026-07-19 16:35:00+00:00,0.05140046296296296,8.0
2026-07-21 18:03:09+00:00,8907319204,96803083,1,True,9928636,False,4.0,2026-07-21 17:07:10+00:00,0.038877314814814816,4.0
2026-07-22 08:15:27+00:00,8907997366,332342615,130,False,9360651,False,,2026-07-22 07:04:07+00:00,0.04953703703703704,3.0
2026-07-23 09:17:03+00:00,8909498494,185996267,3,True,9360651,False,,2026-07-23 08:10:24+00:00,0.04628472222222222,6.0
2026-07-23 17:54:56+00:00,8910216725,107265057,1,True,10201970,False,,2026-07-23 16:33:34+00:00,0.05650462962962963,2.0
2026-07-24 09:59:29+00:00,8911066658,171097887,4,True,9360651,False,1.0,2026-07-24 08:28:26+00:00,0.06322916666666667,9.0
2026-07-24 09:59:29+00:00,8911066658,84385735,3,True,9360651,False,,2026-07-24 08:28:26+00:00,0.06322916666666667,2.0
2026-07-24 09:59:29+00:00,8911066658,92949094,0,True,9360651,False,2.0,2026-07-24 08:28:26+00:00,0.06322916666666667,9.0
2026-07-24 09:59:29+00:00,8911066658,179684293,2,True,9360651,False,,2026-07-24 08:28:26+00:00,0.06322916666666667,5.0
2026-07-25 08:12:51+00:00,8912622476,465972635,132,False,10182412,False,,2026-07-25 07:06:15+00:00,0.04625,11.0
2026-07-25 08:12:51+00:00,8912622476,312082610,130,False,10182412,False,,2026-07-25 07:06:15+00:00,0.04625,11.0
2026-07-25 08:12:51+00:00,8912622476,394234915,128,False,10182412,False,,2026-07-25 07:06:15+00:00,0.04625,7.0
2026-07-25 19:13:14+00:00,8913598312,337926153,130,False,10201970,True,2.0,2025-10-12 13:23:53+00:00,30.0,0.0
2026-07-25 22:06:45+00:00,8913824141,1074436691,0,True,9928636,True,,2026-07-25 20:42:02+00:00,0.05883101851851852,12.0
2026-07-25 22:06:45+00:00,8913824141,1302599438,1,True,9928636,True,,2026-07-25 20:42:02+00:00,0.05883101851851852,7.0
2026-07-26 11:50:11+00:00,8914637220,241519559,0,True,10047709,True,1.0,2026-07-26 10:27:26+00:00,0.057465277777777775,13.0
2026-07-26 16:33:18+00:00,8915137972,209103998,4,True,10201970,False,,2026-07-26 15:16:27+00:00,0.05336805555555556,1.0
2026-07-26 16:33:18+00:00,8915137972,165110440,1,True,10201970,False,1.0,2026-07-26 15:16:27+00:00,0.05336805555555556,18.0
2026-07-26 16:33:18+00:00,8915137972,223342537,3,True,10201970,False,,2026-07-26 15:16:27+00:00,0.05336805555555556,13.0
2026-07-26 16:33:18+00:00,8915137972,872008996,0,True,10201970,False,,2026-07-26 15:16:27+00:00,0.05336805555555556,14.0
2026-07-26 16:33:18+00:00,8915137972,405351356,2,True,10201970,False,,2026-07-26 15:16:27+00:00,0.05336805555555556,14.0
2026-07-26 20:41:19+00:00,8915498965,177953305,1,True,10201538,False,2.0,2026-07-26 19:21:52+00:00,0.05517361111111111,14.0
2026-07-30 10:17:52+00:00,8920655724,323562138,128,False,10164236,False,1.0,2026-07-30 09:08:34+00:00,0.048125,6.0
2026-08-01 07:23:51+00:00,8923614281,164685175,128,False,10108655,False,0.0,2026-08-01 06:21:12+00:00,0.043506944444444445,10.0
2026-08-01 07:51:42+00:00,8923643650,155162307,4,True,10207962,False,1.0,2026-08-01 06:48:33+00:00,0.043854166666666666,4.0
2026-08-01 07:51:42+00:00,8923643650,9403474,0,True,10207962,False,2.0,2026-08-01 06:48:33+00:00,0.043854166666666666,4.0
2026-08-01 07:51:42+00:00,8923643650,87063175,3,True,10207962,False,2.0,2026-08-01 06:48:33+00:00,0.043854166666666666,4.0
2026-08-01 07:51:42+00:00,8923643650,116585378,2,True,10207962,False,1.0,2026-08-01 06:48:33+00:00,0.043854166666666666,4.0
2026-08-02 08:27:30+00:00,8925425359,330534326,132,False,10207960,False,1.0,2026-08-02 06:51:00+00:00,0.06701388888888889,7.0
2026-08-02 10:17:09+00:00,8925564849,101356886,131,False,10136357,False,2.0,2026-08-02 09:05:02+00:00,0.05008101851851852,7.0
2026-08-02 17:58:37+00:00,8926381426,156328257,130,False,10208008,False,3.0,2026-08-02 16:24:47+00:00,0.06516203703703703,7.0
2026-08-02 17:58:37+00:00,8926381426,181716137,131,False,10208008,False,1.0,2026-08-02 16:24:47+00:00,0.06516203703703703,7.0
2026-08-02 20:51:11+00:00,8926636219,72393079,1,True,10208035,False,1.0,2026-08-02 19:43:02+00:00,0.04732638888888889,12.0
2026-08-03 08:11:25+00:00,8927132943,392169957,1,True,10208003,False,1.0,2026-08-03 06:39:45+00:00,0.06365740740740741,4.0
2026-08-03 12:03:19+00:00,8927380776,101695162,3,True,10208071,False,2.0,2026-08-03 10:47:34+00:00,0.05260416666666667,7.0
2026-08-03 12:03:19+00:00,8927380776,129958758,2,True,10208071,False,1.0,2026-08-03 10:47:34+00:00,0.05260416666666667,7.0
2026-08-03 12:03:19+00:00,8927380776,94296097,4,True,10208071,False,2.0,2026-08-03 10:47:34+00:00,0.05260416666666667,7.0
2026-08-03 12:03:19+00:00,8927380776,173978074,1,True,10208071,False,4.0,2026-08-03 10:47:34+00:00,0.05260416666666667,7.0
2026-08-03 20:29:00+00:00,8928163118,1026694469,129,False,10208068,False,0.0,2026-08-03 19:03:00+00:00,0.059722222222222225,16.0
2026-08-03 20:29:00+00:00,8928163118,292921272,130,False,10208068,False,1.0,2026-08-03 19:03:00+00:00,0.059722222222222225,16.0
2026-08-04 12:08:14+00:00,8928916055,355168766,129,False,2586976,False,1.0,2026-08-04 10:41:14+00:00,0.06041666666666667,12.0
2026-08-04 12:08:14+00:00,8928916055,324277900,128,False,2586976,False,4.0,2026-08-04 10:41:14+00:00,0.06041666666666667,12.0
2026-08-04 12:08:14+00:00,8928916055,100594231,130,False,2586976,False,2.0,2026-08-04 10:41:14+00:00,0.06041666666666667,12.0
2026-08-04 14:32:43+00:00,8929156216,320252024,0,True,726228,False,1.0,2026-08-04 13:29:40+00:00,0.043784722222222225,20.0
2026-08-04 14:32:43+00:00,8929156216,111114687,4,True,726228,False,2.0,2026-08-04 13:29:40+00:00,0.043784722222222225,20.0
2026-08-04 14:32:43+00:00,8929156216,118134220,2,True,726228,False,1.0,2026-08-04 13:29:40+00:00,0.043784722222222225,20.0
2026-08-05 09:11:28+00:00,8930258778,150961567,3,True,10207984,True,2.0,2026-08-05 08:07:38+00:00,0.044328703703703703,14.0
2026-08-05 11:22:40+00:00,8930387649,196878136,4,True,8255888,False,2.0,2026-08-05 10:23:40+00:00,0.04097222222222222,15.0
2026-08-05 11:22:40+00:00,8930387649,317880638,3,True,8255888,False,2.0,2026-08-05 10:23:40+00:00,0.04097222222222222,15.0
2026-08-05 11:22:40+00:00,8930387649,172099728,0,True,8255888,False,1.0,2026-08-05 10:23:40+00:00,0.04097222222222222,15.0
2026-08-05 11:22:40+00:00,8930387649,480412663,1,True,8255888,False,4.0,2026-08-05 10:23:40+00:00,0.04097222222222222,15.0
2026-08-05 11:22:40+00:00,8930387649,165564598,2,True,8255888,False,1.0,2026-08-05 10:23:40+00:00,0.04097222222222222,15.0
2026-08-05 14:19:06+00:00,8930664368,331855530,132,False,10182357,False,1.0,2026-08-05 13:15:52+00:00,0.043912037037037034,16.0
2026-08-05 14:55:22+00:00,8930736914,157989498,131,False,10207983,True,2.0,2026-08-05 13:45:07+00:00,0.04878472222222222,14.0
2026-08-05 14:55:22+00:00,8930736914,154715080,129,False,10207983,True,0.0,2026-08-05 13:45:07+00:00,0.04878472222222222,14.0
2026-08-05 14:55:22+00:00,8930736914,903184860,4,True,10208034,False,0.0,2026-08-05 13:45:07+00:00,0.04878472222222222,14.0
2026-08-05 19:53:46+00:00,8931183918,898455820,2,True,9247354,False,0.0,2026-08-05 18:53:48+00:00,0.04164351851851852,14.0
2026-08-05 19:53:46+00:00,8931183918,152962063,132,False,2163,True,1.0,2026-08-05 18:53:48+00:00,0.04164351851851852,15.0
2026-08-05 19:53:46+00:00,8931183918,77490514,131,False,2163,True,2.0,2026-08-05 18:53:48+00:00,0.04164351851851852,15.0
2026-08-05 19:53:46+00:00,8931183918,25907144,4,True,9247354,False,2.0,2026-08-05 18:53:48+00:00,0.04164351851851852,14.0
2026-08-05 19:53:46+00:00,8931183918,201358612,130,False,2163,True,4.0,2026-08-05 18:53:48+00:00,0.04164351851851852,15.0
2026-08-05 19:53:46+00:00,8931183918,16497807,128,False,2163,True,2.0,2026-08-05 18:53:48+00:00,0.04164351851851852,15.0
2026-08-05 19:53:46+00:00,8931183918,97590558,129,False,2163,True,1.0,2026-08-05 18:53:48+00:00,0.04164351851851852,15.0
2026-08-07 10:27:21+00:00,8933453728,146383297,131,False,10001885,False,2.0,2026-08-07 09:17:19+00:00,0.04863425925925926,7.0
2026-08-07 19:18:57+00:00,8934279386,219755398,131,False,10201538,False,2.0,2026-08-07 18:19:50+00:00,0.04105324074074074,3.0
2026-08-07 19:18:57+00:00,8934279386,210167497,128,False,10201538,False,,2026-08-07 18:19:50+00:00,0.04105324074074074,1.0
2026-08-08 16:31:07+00:00,8935755968,155370747,2,True,10201538,False,,2026-08-08 15:13:37+00:00,0.05381944444444445,5.0
2026-08-08 19:13:12+00:00,8936009381,103162342,131,False,10201538,False,1.0,2026-08-08 18:09:25+00:00,0.04429398148148148,7.0
2026-08-08 19:13:12+00:00,8936009381,352623024,2,True,10108655,True,3.0,2026-08-08 18:09:25+00:00,0.04429398148148148,1.0
2026-08-08 19:13:12+00:00,8936009381,1232481380,132,False,10201538,False,,2026-08-08 18:09:25+00:00,0.04429398148148148,3.0
2026-08-08 19:13:12+00:00,8936009381,117089283,3,True,10108655,True,2.0,2026-08-08 18:09:25+00:00,0.04429398148148148,1.0
2026-08-08 19:13:12+00:00,8936009381,399920568,0,True,10108655,True,1.0,2026-08-08 18:09:25+00:00,0.04429398148148148,1.0
2026-08-08 19:13:12+00:00,8936009381,287279252,129,False,10201538,False,0.0,2026-08-08 18:09:25+00:00,0.04429398148148148,1.0
2026-08-08 19:13:12+00:00,8936009381,111440116,128,False,10201538,False,,2026-08-08 18:09:25+00:00,0.04429398148148148,3.0
2026-08-08 19:13:12+00:00,8936009381,392385140,4,True,10108655,True,2.0,2026-08-08 18:09:25+00:00,0.04429398148148148,1.0
2026-08-08 19:13:12+00:00,8936009381,383867949,1,True,10108655,True,0.0,2026-08-08 18:09:25+00:00,0.04429398148148148,1.0
2026-08-08 19:13:12+00:00,8936009381,178366364,130,False,10201538,False,,2026-08-08 18:09:25+00:00,0.04429398148148148,3.0
2026-08-10 09:58:24+00:00,8938565057,103812784,4,True,9338413,True,,2026-08-10 09:08:31+00:00,0.0346412037037037,1.0
2026-08-10 11:02:11+00:00,8938634026,307173570,0,True,55,False,,2026-08-10 09:58:24+00:00,0.04429398148148148,12.0
2026-08-10 11:02:11+00:00,8938634026,858106446,1,True,55,False,0.0,2026-08-10 09:58:24+00:00,0.04429398148148148,12.0
2026-08-10 13:26:27+00:00,8938855404,193884241,132,False,10047709,False,2.0,2026-08-10 12:10:45+00:00,0.052569444444444446,8.0
2026-08-10 13:26:27+00:00,8938855404,170809075,131,False,10047709,False,,2026-08-10 12:10:45+00:00,0.052569444444444446,8.0
2026-08-11 14:10:08+00:00,8940487898,140288368,4,True,9338413,False,2.0,2026-08-11 12:58:34+00:00,0.049699074074074076,5.0
2026-08-11 14:10:08+00:00,8940487898,127617979,0,True,9338413,False,1.0,2026-08-11 12:58:34+00:00,0.049699074074074076,7.0
2026-08-11 14:10:08+00:00,8940487898,181267255,3,True,9338413,False,2.0,2026-08-11 12:58:34+00:00,0.049699074074074076,7.0
2026-08-11 20:33:21+00:00,8941092540,374875067,2,True,9600141,False,3.0,2026-08-11 19:26:03+00:00,0.04673611111111111,10.0
2026-08-11 20:33:21+00:00,8941092540,115464954,4,True,9600141,False,2.0,2026-08-11 19:26:03+00:00,0.04673611111111111,10.0
2026-08-24 13:27:57+00:00,8962998009,1424443759,0,True,9823250,False,,2026-04-04 15:23:12+00:00,30.0,0.0
2026-08-24 13:27:57+00:00,8962998009,1278386891,132,False,9691418,True,,2026-04-06 18:02:08+00:00,30.0,0.0
2026-08-24 13:27:57+00:00,8962998009,260672720,1,True,9823250,False,,2026-04-04 15:23:12+00:00,30.0,0.0
2026-08-24 13:27:57+00:00,8962998009,1907973300,4,True,9823250,False,,2026-04-06 18:02:08+00:00,30.0,0.0
2026-08-24 13:27:57+00:00,8962998009,1003810911,131,False,9691418,True,,2025-11-21 20:04:04+00:00,30.0,0.0
2026-08-24 13:27:57+00:00,8962998009,314533615,129,False,9691418,True,,2026-04-06 18:02:08+00:00,30.0,0.0
2026-08-24 13:27:57+00:00,8962998009,1792423694,3,True,9823250,False,,,30.0,0.0
2026-08-24 13:27:57+00:00,8962998009,1269581820,128,False,9691418,True,,,30.0,0.0
2026-08-24 13:27:57+00:00,8962998009,1001901062,2,True,9823250,False,,,30.0,0.0
2026-08-24 13:27:57+00:00,8962998009,834634286,130,False,9691418,True,,2026-03-17 16:33:40+00:00,30.0,0.0
2026-08-24 14:00:13+00:00,8963071441,176616331,0,True,10182865,False,1.0,2026-08-24 13:12:40+00:00,0.03302083333333333,1.0
2026-08-24 14:00:13+00:00,8963071441,286985748,2,True,10182865,False,1.0,2026-08-24 13:12:40+00:00,0.03302083333333333,1.0
2026-08-24 17:22:46+00:00,8963508714,120840516,132,False,10163973,False,,2026-08-24 16:09:03+00:00,0.05119212962962963,1.0
2026-08-25 08:10:13+00:00,8964471270,401653350,128,False,10182865,False,1.0,2026-08-24 14:00:13+00:00,0.7569444444444444,2.0
2026-08-25 08:10:13+00:00,8964471270,345803031,132,False,10182865,False,2.0,2026-08-24 14:00:13+00:00,0.7569444444444444,2.0
2026-08-25 08:10:13+00:00,8964471270,158425391,129,False,10182865,False,1.0,2026-06-21 05:06:40+00:00,30.0,0.0
2026-08-25 14:28:40+00:00,8965097316,274266360,1,True,10207497,False,1.0,2026-08-25 13:35:51+00:00,0.03667824074074074,5.0
2026-08-25 17:10:36+00:00,8965420200,1028012361,0,True,10212329,False,1.0,2026-08-25 16:06:24+00:00,0.044583333333333336,1.0
2026-08-25 20:38:14+00:00,8965757562,163061132,1,True,10212329,True,2.0,2026-08-25 19:09:06+00:00,0.06189814814814815,3.0
2026-08-28 19:59:17+00:00,8971007454,389276156,129,False,10232231,True,,2026-08-11 20:33:21+00:00,16.97634259259259,0.0
2026-08-28 21:11:47+00:00,8971115054,169516760,131,False,10207497,True,,2026-08-28 20:03:10+00:00,0.047650462962962964,9.0
2026-08-28 21:11:47+00:00,8971115054,256444993,128,False,10207497,True,1.0,2026-08-28 20:03:10+00:00,0.047650462962962964,9.0
2026-08-28 21:11:47+00:00,8971115054,331711578,130,False,10207497,True,3.0,2026-08-28 20:03:10+00:00,0.047650462962962964,9.0
2026-08-29 03:06:36+00:00,8971423978,167488455,131,False,10102110,False,1.0,2026-08-29 02:02:34+00:00,0.04446759259259259,1.0
2026-08-29 03:06:36+00:00,8971423978,176372519,129,False,10102110,False,2.0,2026-08-29 02:02:34+00:00,0.04446759259259259,1.0
2026-08-29 03:06:36+00:00,8971423978,184654765,130,False,10102110,False,,2026-08-29 02:02:34+00:00,0.04446759259259259,1.0
2026-08-29 03:06:36+00:00,8971423978,282359850,132,False,10102110,False,1.0,2026-08-29 02:02:34+00:00,0.04446759259259259,1.0
2026-08-29 03:06:36+00:00,8971423978,285770518,128,False,10102110,False,3.0,2026-08-29 02:02:34+00:00,0.04446759259259259,1.0
2026-08-29 08:25:02+00:00,8971760457,227657377,1,True,9315393,False,4.0,2026-08-29 07:48:13+00:00,0.02556712962962963,1.0
2026-08-29 08:25:02+00:00,8971760457,253962772,0,True,9315393,False,,2026-08-29 07:48:13+00:00,0.02556712962962963,1.0
2026-08-29 08:25:02+00:00,8971760457,152083285,4,True,9315393,False,,2026-08-29 07:48:13+00:00,0.02556712962962963,1.0
2026-08-29 08:25:02+00:00,8971760457,189155591,3,True,9315393,False,,2026-08-29 07:48:13+00:00,0.02556712962962963,1.0
2026-08-29 08:25:02+00:00,8971760457,230617400,2,True,9315393,False,0.0,2026-08-29 07:48:13+00:00,0.02556712962962963,1.0
2026-08-29 10:03:12+00:00,8971891627,1220993352,128,False,5014799,False,1.0,2026-08-24 08:12:22+00:00,5.076967592592593,2.0
2026-08-29 11:05:36+00:00,8971987707,113112046,129,False,5014799,False,4.0,2026-08-29 10:03:12+00:00,0.043333333333333335,9.0
2026-08-29 11:05:36+00:00,8971987707,158072796,131,False,5014799,False,1.0,2026-08-29 10:03:12+00:00,0.043333333333333335,11.0
2026-08-29 11:05:36+00:00,8971987707,166806255,130,False,5014799,False,1.0,2026-08-29 10:03:12+00:00,0.043333333333333335,11.0
2026-08-29 12:06:20+00:00,8972087667,377594124,132,False,9722892,False,1.0,2026-08-29 11:00:01+00:00,0.04605324074074074,1.0
2026-08-29 12:06:20+00:00,8972087667,902207238,130,False,9722892,False,,2026-08-29 11:00:01+00:00,0.04605324074074074,1.0
2026-08-29 12:06:20+00:00,8972087667,196400041,128,False,9722892,False,2.0,2026-08-29 11:00:01+00:00,0.04605324074074074,1.0
2026-08-29 12:15:10+00:00,8972103119,196481318,129,False,10225911,False,4.0,2026-08-29 11:09:07+00:00,0.04586805555555556,12.0
2026-08-29 12:15:10+00:00,8972103119,212958343,130,False,10225911,False,,2026-08-29 11:09:07+00:00,0.04586805555555556,6.0
2026-08-29 12:15:10+00:00,8972103119,1114792376,131,False,10225911,False,,2026-08-29 11:09:07+00:00,0.04586805555555556,12.0
2026-08-29 12:15:10+00:00,8972103119,296702734,132,False,10225911,False,,2026-08-29 11:09:07+00:00,0.04586805555555556,12.0
2026-08-29 12:15:10+00:00,8972103119,193564777,128,False,10225911,False,1.0,2026-08-29 11:09:07+00:00,0.04586805555555556,12.0
2026-08-29 12:22:22+00:00,8972115962,140835095,4,True,2576071,False,1.0,2026-08-29 10:59:39+00:00,0.05744212962962963,1.0
2026-08-29 13:56:49+00:00,8972298342,128614292,3,True,10182865,False,,2026-08-29 13:02:27+00:00,0.03775462962962963,6.0
2026-08-29 13:56:49+00:00,8972298342,336937491,2,True,10182865,False,,2026-08-29 13:02:27+00:00,0.03775462962962963,4.0
2026-08-29 13:56:49+00:00,8972298342,494553157,4,True,10182865,False,,2026-08-29 13:02:27+00:00,0.03775462962962963,3.0
2026-08-29 13:56:49+00:00,8972298342,97822451,0,True,10182865,False,2.0,2026-08-29 13:02:27+00:00,0.03775462962962963,3.0
2026-08-29 13:56:49+00:00,8972298342,105074295,1,True,10182865,False,,2026-08-29 13:02:27+00:00,0.03775462962962963,3.0
2026-08-29 16:38:04+00:00,8972611918,402583877,132,False,10149530,False,1.0,2026-08-29 15:36:38+00:00,0.04266203703703704,2.0
2026-08-30 04:15:14+00:00,8973462028,84772440,129,False,10232560,False,,2026-08-30 03:06:22+00:00,0.047824074074074074,2.0
2026-08-30 04:15:14+00:00,8973462028,113457795,130,False,10232560,False,0.0,2026-08-30 03:06:22+00:00,0.047824074074074074,2.0
2026-08-30 06:48:03+00:00,8973613420,191597529,131,False,9886289,False,2.0,2026-08-30 05:58:13+00:00,0.03460648148148148,2.0
2026-08-30 06:48:03+00:00,8973613420,307291170,129,False,9886289,False,1.0,2026-08-30 05:58:13+00:00,0.03460648148148148,2.0
2026-08-30 06:48:03+00:00,8973613420,188953151,130,False,9886289,False,1.0,2026-08-30 05:58:13+00:00,0.03460648148148148,2.0
2026-08-30 06:48:03+00:00,8973613420,373667079,132,False,9886289,False,1.0,2026-08-30 05:58:13+00:00,0.03460648148148148,2.0
2026-08-30 06:48:03+00:00,8973613420,355409883,128,False,9886289,False,,2026-08-30 05:58:13+00:00,0.03460648148148148,2.0
2026-08-30 07:12:15+00:00,8973653314,290354460,2,True,10150434,False,2.0,2026-08-30 05:55:04+00:00,0.053599537037037036,3.0
2026-08-30 10:09:49+00:00,8973896494,145957968,130,False,5017210,False,1.0,2026-08-30 09:18:08+00:00,0.0358912037037037,2.0
2026-08-30 10:09:49+00:00,8973896494,249835593,132,False,5017210,False,2.0,2026-08-30 09:18:08+00:00,0.0358912037037037,2.0
2026-08-30 10:09:49+00:00,8973896494,391423488,131,False,5017210,False,2.0,2026-08-30 09:18:08+00:00,0.0358912037037037,2.0
2026-08-30 10:09:49+00:00,8973896494,315272623,129,False,5017210,False,4.0,2026-08-30 09:18:08+00:00,0.0358912037037037,2.0
2026-08-30 10:09:49+00:00,8973896494,170896543,128,False,5017210,False,1.0,2026-08-30 09:18:08+00:00,0.0358912037037037,2.0
2026-08-30 12:53:24+00:00,8974185539,323266527,1,True,9338413,False,,2026-08-30 11:48:59+00:00,0.0447337962962963,3.0
2026-08-30 19:11:41+00:00,8974898633,285282252,4,True,55,False,2.0,2026-08-30 18:00:13+00:00,0.04962962962962963,2.0
2026-08-31 10:19:42+00:00,8975732660,445291085,129,False,10164236,False,1.0,2026-08-31 09:08:11+00:00,0.04966435185185185,13.0
2026-09-02 14:41:40+00:00,8979241530,439345730,129,False,10225542,True,,2026-09-02 13:41:04+00:00,0.042083333333333334,1.0
2026-09-02 17:07:00+00:00,8979484553,127530803,129,False,10233067,False,0.0,2026-09-02 15:43:40+00:00,0.05787037037037037,10.0
2026-09-02 17:07:00+00:00,8979484553,114162163,131,False,10233067,False,2.0,2026-09-02 15:43:40+00:00,0.05787037037037037,8.0
2026-09-03 17:10:59+00:00,8980994942,383788462,130,False,10225542,False,3.0,2026-09-03 15:56:52+00:00,0.05146990740740741,12.0
2026-09-04 12:58:04+00:00,8982107035,480210721,132,False,9948367,False,,2026-09-04 12:03:21+00:00,0.03799768518518518,13.0
2026-09-04 16:11:20+00:00,8982458661,417604379,2,True,10212329,False,,2026-09-04 15:07:24+00:00,0.044398148148148145,17.0
2026-09-04 19:28:59+00:00,8982790285,1172719712,2,True,10019843,False,2.0,2026-09-04 18:06:32+00:00,0.057256944444444444,12.0
2026-09-04 19:28:59+00:00,8982790285,187123736,3,True,10019843,False,1.0,2026-09-04 18:06:32+00:00,0.057256944444444444,12.0
2026-09-04 19:28:59+00:00,8982790285,968545762,0,True,10019843,False,1.0,2026-09-04 18:06:32+00:00,0.057256944444444444,12.0
2026-09-04 19:28:59+00:00,8982790285,223382342,4,True,10019843,False,1.0,2026-09-04 18:06:32+00:00,0.057256944444444444,12.0
2026-09-04 19:28:59+00:00,8982790285,104334048,1,True,10019843,False,2.0,2026-09-04 18:06:32+00:00,0.057256944444444444,12.0
2026-09-05 13:21:38+00:00,8983925037,371495800,1,True,10164236,False,0.0,2026-09-05 12:18:52+00:00,0.04358796296296296,7.0
2026-09-05 13:21:38+00:00,8983925037,167976729,0,True,10164236,False,1.0,2026-09-05 12:18:52+00:00,0.04358796296296296,12.0
2026-09-05 13:21:38+00:00,8983925037,1675320614,3,True,10164236,False,2.0,2026-09-05 12:18:52+00:00,0.04358796296296296,12.0
2026-09-05 13:21:38+00:00,8983925037,343909498,4,True,10164236,False,2.0,2026-09-05 12:18:52+00:00,0.04358796296296296,12.0
2026-09-05 13:21:38+00:00,8983925037,1001714951,2,True,10164236,False,3.0,2026-09-05 12:18:52+00:00,0.04358796296296296,12.0
2026-09-05 18:05:56+00:00,8984433236,164047347,128,False,9948367,True,1.0,2026-09-04 12:58:04+00:00,1.2137962962962963,12.0
2026-09-05 20:48:32+00:00,8984703068,188351504,131,False,9948367,True,0.0,2026-09-05 19:57:42+00:00,0.03530092592592592,13.0
2026-09-05 20:48:32+00:00,8984703068,450454900,129,False,9948367,True,1.0,2026-09-05 19:57:42+00:00,0.03530092592592592,13.0
2026-09-05 20:48:32+00:00,8984703068,860145568,130,False,9948367,True,1.0,2026-09-05 19:57:42+00:00,0.03530092592592592,1.0
2026-09-05 20:48:32+00:00,8984703068,892486081,128,False,9948367,True,0.0,2026-09-05 19:57:42+00:00,0.03530092592592592,13.0
2026-09-06 13:45:58+00:00,8985886048,1675898897,132,False,10225542,False,2.0,2026-09-06 12:39:21+00:00,0.04626157407407407,11.0
2026-09-06 13:45:58+00:00,8985886048,164506534,131,False,10225542,False,1.0,2026-09-06 12:39:21+00:00,0.04626157407407407,11.0
2026-09-06 13:45:58+00:00,8985886048,847851833,3,True,9600141,True,2.0,2026-09-06 12:39:21+00:00,0.04626157407407407,10.0
2026-09-06 13:45:58+00:00,8985886048,1682179459,128,False,10225542,False,2.0,2026-09-06 12:39:21+00:00,0.04626157407407407,5.0
2026-09-06 13:45:58+00:00,8985886048,1657135701,0,True,9600141,True,0.0,2026-09-06 12:39:21+00:00,0.04626157407407407,10.0
2026-09-06 13:45:58+00:00,8985886048,116865891,129,False,10225542,False,0.0,2026-09-06 12:39:21+00:00,0.04626157407407407,9.0
2026-09-06 16:28:51+00:00,8986194009,217472313,4,True,10233067,True,2.0,2026-09-06 15:03:21+00:00,0.059375,1.0
2026-09-06 16:28:51+00:00,8986194009,1675517497,2,True,10233067,True,3.0,2026-09-06 15:03:21+00:00,0.059375,11.0
2026-09-06 16:28:51+00:00,8986194009,1153798101,0,True,10233067,True,1.0,2026-09-06 15:03:21+00:00,0.059375,1.0
2026-09-06 16:28:51+00:00,8986194009,435139370,3,True,10233067,True,2.0,2026-09-06 15:03:21+00:00,0.059375,6.0
2026-09-06 16:28:51+00:00,8986194009,234119750,1,True,10233067,True,1.0,2026-09-06 15:03:21+00:00,0.059375,6.0
2026-09-06 20:24:49+00:00,8986549600,196482746,129,False,9256405,False,1.0,2026-09-06 18:59:42+00:00,0.0591087962962963,9.0
2026-09-06 20:24:49+00:00,8986549600,206097366,131,False,9256405,False,2.0,2026-09-06 18:59:42+00:00,0.0591087962962963,9.0
2026-09-06 20:24:49+00:00,8986549600,340421206,132,False,9256405,False,2.0,2026-09-06 18:59:42+00:00,0.0591087962962963,9.0
2026-09-06 20:24:49+00:00,8986549600,1092267175,130,False,9256405,False,1.0,2026-09-06 18:59:42+00:00,0.0591087962962963,9.0
2026-09-06 20:24:49+00:00,8986549600,148612029,2,True,9928636,True,3.0,2026-09-06 18:59:42+00:00,0.0591087962962963,9.0
2026-09-06 20:24:49+00:00,8986549600,40805086,1,True,9928636,True,0.0,2026-09-06 18:59:42+00:00,0.0591087962962963,9.0
2026-09-06 20:24:49+00:00,8986549600,1048617659,4,True,9928636,True,2.0,2026-09-06 18:59:42+00:00,0.0591087962962963,9.0
2026-09-06 20:24:49+00:00,8986549600,93526520,128,False,9256405,False,1.0,2026-09-06 18:59:42+00:00,0.0591087962962963,9.0
2026-09-06 20:24:49+00:00,8986549600,96183976,0,True,9928636,True,1.0,2026-09-06 18:59:42+00:00,0.0591087962962963,9.0
2026-09-06 20:24:49+00:00,8986549600,276449590,3,True,9928636,True,2.0,2026-09-06 18:59:42+00:00,0.0591087962962963,9.0
2026-09-08 11:30:35+00:00,8988695634,111030315,2,True,55,False,2.0,2026-09-08 10:28:36+00:00,0.04304398148148148,11.0
2026-09-08 11:30:35+00:00,8988695634,295697470,4,True,55,False,2.0,2026-09-08 10:28:36+00:00,0.04304398148148148,11.0
2026-09-08 11:30:35+00:00,8988695634,125445069,0,True,55,False,1.0,2026-09-08 10:28:36+00:00,0.04304398148148148,11.0
2026-09-08 11:30:35+00:00,8988695634,294135421,1,True,55,False,1.0,2026-09-08 10:28:36+00:00,0.04304398148148148,11.0
2026-09-08 23:26:09+00:00,8989644322,140297552,2,True,9338413,False,1.0,2026-09-08 21:50:36+00:00,0.06635416666666667,5.0
2026-09-09 13:53:26+00:00,8990366825,417235485,131,False,10149530,False,2.0,2026-09-09 13:00:31+00:00,0.03674768518518518,10.0
2026-09-09 13:53:26+00:00,8990366825,92487440,132,False,10149530,False,1.0,2026-09-09 13:00:31+00:00,0.03674768518518518,7.0
2026-09-09 19:43:00+00:00,8990903199,48823667,4,True,10212329,False,2.0,2026-09-09 18:34:01+00:00,0.04790509259259259,8.0
2026-09-09 19:43:00+00:00,8990903199,860264647,2,True,10212329,False,3.0,2026-09-09 18:34:01+00:00,0.04790509259259259,10.0
2026-09-09 19:43:00+00:00,8990903199,202256116,0,True,10212329,False,,2026-09-09 18:34:01+00:00,0.04790509259259259,10.0
2026-09-09 19:43:00+00:00,8990903199,123717676,3,True,10212329,False,2.0,2026-09-09 18:34:01+00:00,0.04790509259259259,10.0
2026-09-09 19:43:00+00:00,8990903199,917164766,1,True,10212329,False,1.0,2026-09-09 18:34:01+00:00,0.04790509259259259,10.0
2026-09-09 23:22:33+00:00,8991067333,879017980,0,True,9338413,False,1.0,2026-09-09 22:05:30+00:00,0.05350694444444445,11.0
2026-09-09 23:22:33+00:00,8991067333,326327879,3,True,9338413,False,2.0,2026-09-09 22:05:30+00:00,0.05350694444444445,11.0
2026-09-12 03:19:56+00:00,8994445898,103045129,3,True,7917893,False,2.0,2026-09-12 02:01:09+00:00,0.05471064814814815,1.0
2026-09-12 03:19:56+00:00,8994445898,861414087,1,True,7917893,False,1.0,2026-09-12 02:01:09+00:00,0.05471064814814815,1.0
2026-09-12 03:19:56+00:00,8994445898,136737280,4,True,7917893,False,4.0,2026-09-12 02:01:09+00:00,0.05471064814814815,1.0
2026-09-12 03:19:56+00:00,8994445898,100598959,0,True,7917893,False,2.0,2026-09-12 02:01:09+00:00,0.05471064814814815,1.0
2026-09-12 03:19:56+00:00,8994445898,353424606,2,True,7917893,False,,2026-09-12 02:01:09+00:00,0.05471064814814815,1.0
2026-09-12 05:59:41+00:00,8994571666,349495318,128,False,9722899,False,4.0,2026-09-12 05:00:00+00:00,0.04144675925925926,1.0
2026-09-12 05:59:41+00:00,8994571666,248388120,129,False,9722899,False,,2026-09-12 05:00:00+00:00,0.04144675925925926,1.0
2026-09-12 05:59:41+00:00,8994571666,274078636,131,False,9722899,False,2.0,2026-09-12 05:00:00+00:00,0.04144675925925926,1.0
2026-09-12 05:59:41+00:00,8994571666,285319482,130,False,9722899,False,2.0,2026-09-12 05:00:00+00:00,0.04144675925925926,1.0
2026-09-12 05:59:41+00:00,8994571666,242835570,132,False,9722899,False,3.0,2026-09-12 05:00:00+00:00,0.04144675925925926,1.0
2026-09-12 09:20:26+00:00,8994796331,194979527,0,True,9600141,False,1.0,2026-09-12 08:08:52+00:00,0.049699074074074076,1.0
2026-09-12 09:20:26+00:00,8994796331,185059559,2,True,9600141,False,0.0,2026-09-12 08:08:52+00:00,0.049699074074074076,3.0
2026-09-12 09:20:26+00:00,8994796331,116249155,4,True,9600141,False,1.0,2026-09-12 08:08:52+00:00,0.049699074074074076,3.0
2026-09-12 09:20:26+00:00,8994796331,173539244,1,True,9600141,False,0.0,2026-09-12 08:08:52+00:00,0.049699074074074076,3.0
2026-09-12 09:20:26+00:00,8994796331,156485213,3,True,9600141,False,2.0,2026-09-12 08:08:52+00:00,0.049699074074074076,1.0
2026-09-12 09:59:05+00:00,8994847185,160708663,1,True,9546449,False,2.0,2026-09-12 08:58:03+00:00,0.04238425925925926,2.0
2026-09-12 09:59:05+00:00,8994847185,360648679,2,True,9546449,False,1.0,2026-09-12 08:58:03+00:00,0.04238425925925926,2.0
2026-09-12 09:59:05+00:00,8994847185,318371533,3,True,9546449,False,2.0,2026-09-12 08:58:03+00:00,0.04238425925925926,2.0
2026-09-12 09:59:05+00:00,8994847185,1129118044,4,True,9546449,False,1.0,2026-09-12 08:58:03+00:00,0.04238425925925926,2.0
2026-09-12 09:59:05+00:00,8994847185,1125296112,0,True,9546449,False,1.0,2026-09-12 08:58:03+00:00,0.04238425925925926,2.0
2026-09-12 18:00:04+00:00,8995710809,140251702,128,False,10149530,False,4.0,2026-09-12 16:59:49+00:00,0.041840277777777775,9.0
2026-09-12 18:00:04+00:00,8995710809,363739653,131,False,10149530,False,1.0,2026-09-12 16:59:49+00:00,0.041840277777777775,6.0
2026-09-12 18:00:04+00:00,8995710809,145065875,129,False,10149530,False,2.0,2026-09-12 16:59:49+00:00,0.041840277777777775,1.0
2026-09-12 18:00:04+00:00,8995710809,123787715,130,False,10149530,False,2.0,2026-09-12 16:59:49+00:00,0.041840277777777775,9.0
2026-09-12 18:00:04+00:00,8995710809,122817493,3,True,10232231,True,2.0,2026-09-12 16:59:49+00:00,0.041840277777777775,20.0
2026-09-12 18:00:04+00:00,8995710809,175311897,2,True,10232231,True,2.0,2026-09-12 16:59:49+00:00,0.041840277777777775,20.0
2026-09-12 18:00:04+00:00,8995710809,1150772339,1,True,10232231,True,,2026-09-12 16:59:49+00:00,0.041840277777777775,20.0
2026-09-12 18:00:04+00:00,8995710809,123023873,4,True,10232231,True,1.0,2026-09-12 16:59:49+00:00,0.041840277777777775,20.0
2026-09-12 18:00:04+00:00,8995710809,320017600,132,False,10149530,False,1.0,2026-09-12 16:59:49+00:00,0.041840277777777775,9.0
2026-09-13 04:37:21+00:00,8996384883,292829433,2,True,10150434,False,1.0,2026-09-13 03:17:13+00:00,0.05564814814814815,4.0
2026-09-13 04:37:21+00:00,8996384883,874735136,4,True,10150434,False,1.0,2026-09-13 03:17:13+00:00,0.05564814814814815,4.0
2026-09-13 04:37:21+00:00,8996384883,155447692,3,True,10150434,False,2.0,2026-09-13 03:17:13+00:00,0.05564814814814815,4.0
2026-09-13 04:37:21+00:00,8996384883,153727297,0,True,10150434,False,1.0,2026-09-13 03:17:13+00:00,0.05564814814814815,4.0
2026-09-13 04:37:21+00:00,8996384883,389033587,1,True,10150434,False,1.0,2026-09-13 03:17:13+00:00,0.05564814814814815,4.0
2026-09-13 08:39:13+00:00,8996644979,173378701,1,True,8254145,False,1.0,2026-09-13 07:37:31+00:00,0.042847222222222224,5.0
2026-09-13 08:39:13+00:00,8996644979,389022189,4,True,8254145,False,1.0,2026-09-13 07:37:31+00:00,0.042847222222222224,5.0
2026-09-13 08:39:13+00:00,8996644979,399862798,3,True,8254145,False,2.0,2026-09-13 07:37:31+00:00,0.042847222222222224,5.0
2026-09-13 08:39:13+00:00,8996644979,100616105,0,True,8254145,False,2.0,2026-09-13 07:37:31+00:00,0.042847222222222224,5.0
2026-09-13 08:39:13+00:00,8996644979,337575662,2,True,8254145,False,3.0,2026-09-13 07:37:31+00:00,0.042847222222222224,5.0
2026-09-13 11:31:55+00:00,8996904414,132309493,131,False,10252241,False,1.0,2026-09-13 10:11:34+00:00,0.05579861111111111,4.0
2026-09-13 11:31:55+00:00,8996904414,118559150,132,False,10252241,False,2.0,2026-09-13 10:11:34+00:00,0.05579861111111111,4.0
2026-09-13 11:31:55+00:00,8996904414,218367241,1,True,9691969,True,1.0,2026-09-13 10:11:34+00:00,0.05579861111111111,6.0
2026-09-13 11:31:55+00:00,8996904414,140411011,128,False,10252241,False,1.0,2026-09-13 10:11:34+00:00,0.05579861111111111,4.0
2026-09-13 11:31:55+00:00,8996904414,100471531,0,True,9691969,True,1.0,2026-09-13 10:11:34+00:00,0.05579861111111111,6.0
2026-09-13 11:31:55+00:00,8996904414,104512126,130,False,10252241,False,0.0,2026-09-13 10:11:34+00:00,0.05579861111111111,4.0
2026-09-13 11:31:55+00:00,8996904414,155494381,129,False,10252241,False,2.0,2026-09-13 10:11:34+00:00,0.05579861111111111,4.0
2026-09-21 14:16:50+00:00,9009747865,177203952,128,False,10020555,False,1.0,2026-09-21 12:56:06+00:00,0.05606481481481482,7.0
2026-09-21 14:16:50+00:00,9009747865,1031547092,131,False,10020555,False,2.0,2026-09-21 12:56:06+00:00,0.05606481481481482,7.0
2026-09-21 14:16:50+00:00,9009747865,107579895,130,False,10020555,False,1.0,2026-09-21 12:56:06+00:00,0.05606481481481482,7.0
2026-09-21 14:16:50+00:00,9009747865,81306398,132,False,10020555,False,2.0,2026-09-21 12:56:06+00:00,0.05606481481481482,7.0
2026-09-21 14:16:50+00:00,9009747865,131303632,129,False,10020555,False,1.0,2026-09-21 12:56:06+00:00,0.05606481481481482,7.0
2026-09-21 17:06:13+00:00,9010021798,100758751,132,False,10208608,False,2.0,2026-09-21 15:34:17+00:00,0.06384259259259259,5.0
2026-09-21 17:06:13+00:00,9010021798,421515107,131,False,10208608,False,3.0,2026-09-21 15:34:17+00:00,0.06384259259259259,5.0
2026-09-21 17:06:13+00:00,9010021798,186837494,130,False,10208608,False,2.0,2026-09-21 15:34:17+00:00,0.06384259259259259,5.0
2026-09-21 17:06:13+00:00,9010021798,191290281,128,False,10208608,False,1.0,2026-09-21 15:34:17+00:00,0.06384259259259259,5.0
2026-09-21 17:06:13+00:00,9010021798,914221413,129,False,10208608,False,1.0,2026-09-21 15:34:17+00:00,0.06384259259259259,5.0
2026-09-22 08:05:14+00:00,9010740459,202217968,1,True,9351740,False,1.0,2026-09-22 07:04:17+00:00,0.042326388888888886,9.0
2026-09-22 08:05:14+00:00,9010740459,158847773,4,True,9351740,False,0.0,2026-09-22 07:04:17+00:00,0.042326388888888886,9.0
2026-09-22 08:05:14+00:00,9010740459,185908355,0,True,9351740,False,1.0,2026-09-22 07:04:17+00:00,0.042326388888888886,9.0
2026-09-22 08:05:14+00:00,9010740459,139031324,2,True,9351740,False,3.0,2026-09-22 07:04:17+00:00,0.042326388888888886,9.0
2026-09-22 08:05:14+00:00,9010740459,139876032,3,True,9351740,False,2.0,2026-09-22 07:04:17+00:00,0.042326388888888886,9.0
2026-09-22 11:45:57+00:00,9010940591,118948666,1,True,10250936,False,4.0,2026-09-22 10:20:14+00:00,0.05952546296296296,9.0
2026-09-22 11:45:57+00:00,9010940591,252737052,4,True,10250936,False,0.0,2026-09-22 10:20:14+00:00,0.05952546296296296,9.0
2026-09-22 11:45:57+00:00,9010940591,1012061568,2,True,10250936,False,2.0,2026-09-22 10:20:14+00:00,0.05952546296296296,9.0
2026-09-22 11:45:57+00:00,9010940591,1171243748,0,True,10250936,False,1.0,2026-09-22 10:20:14+00:00,0.05952546296296296,9.0
2026-09-22 11:45:57+00:00,9010940591,183126002,3,True,10250936,False,2.0,2026-09-22 10:20:14+00:00,0.05952546296296296,9.0
2026-09-22 13:47:30+00:00,9011114952,125995177,0,True,7119077,False,0.0,2026-09-22 12:50:10+00:00,0.03981481481481482,7.0
2026-09-22 13:47:30+00:00,9011114952,395770377,3,True,7119077,False,2.0,2026-09-22 12:50:10+00:00,0.03981481481481482,7.0
2026-09-22 13:47:30+00:00,9011114952,1673586483,1,True,7119077,False,1.0,2026-09-22 12:50:10+00:00,0.03981481481481482,7.0
2026-09-22 13:47:30+00:00,9011114952,425588742,4,True,7119077,False,1.0,2026-09-22 12:50:10+00:00,0.03981481481481482,7.0
2026-09-22 13:47:30+00:00,9011114952,138177198,2,True,7119077,False,3.0,2026-09-22 12:50:10+00:00,0.03981481481481482,7.0
2026-09-23 08:06:18+00:00,9012167647,230487729,3,True,10150633,False,2.0,2026-09-23 07:00:18+00:00,0.04583333333333333,13.0
2026-09-23 08:06:18+00:00,9012167647,115651292,2,True,10150633,False,0.0,2026-09-23 07:00:18+00:00,0.04583333333333333,13.0
2026-09-23 08:06:18+00:00,9012167647,1202267677,1,True,10150633,False,2.0,2026-09-23 07:00:18+00:00,0.04583333333333333,13.0
2026-09-23 08:06:18+00:00,9012167647,203351055,4,True,10150633,False,3.0,2026-09-23 07:00:18+00:00,0.04583333333333333,13.0
2026-09-23 08:06:18+00:00,9012167647,418942836,0,True,10150633,False,1.0,2026-09-23 07:00:18+00:00,0.04583333333333333,13.0
2026-09-23 12:08:06+00:00,9012384862,56351509,130,False,10261180,False,1.0,2026-09-23 11:04:26+00:00,0.04421296296296296,13.0
2026-09-23 12:08:06+00:00,9012384862,210053851,131,False,10261180,False,4.0,2026-09-23 11:04:26+00:00,0.04421296296296296,13.0
2026-09-23 12:08:06+00:00,9012384862,206642367,128,False,10261180,False,1.0,2026-09-23 11:04:26+00:00,0.04421296296296296,13.0
2026-09-23 12:08:06+00:00,9012384862,108958769,132,False,10261180,False,2.0,2026-09-23 11:04:26+00:00,0.04421296296296296,13.0
2026-09-23 12:08:06+00:00,9012384862,152168157,129,False,10261180,False,2.0,2026-09-23 11:04:26+00:00,0.04421296296296296,13.0
2026-09-23 14:37:54+00:00,9012612710,190826739,4,True,9338413,False,1.0,2026-09-23 13:20:50+00:00,0.05351851851851852,10.0
2026-09-23 14:37:54+00:00,9012612710,58513047,2,True,9338413,False,4.0,2026-09-23 13:20:50+00:00,0.05351851851851852,10.0
2026-09-23 14:37:54+00:00,9012612710,333351042,3,True,9338413,False,2.0,2026-09-23 13:20:50+00:00,0.05351851851851852,10.0
2026-09-23 14:37:54+00:00,9012612710,349310876,0,True,9338413,False,2.0,2026-09-23 13:20:50+00:00,0.05351851851851852,10.0
2026-09-23 14:37:54+00:00,9012612710,458287006,1,True,9338413,False,1.0,2026-09-23 13:20:50+00:00,0.05351851851851852,10.0
2026-09-24 08:09:18+00:00,9013571077,207829314,4,True,8261500,True,2.0,2026-09-24 07:01:55+00:00,0.04679398148148148,8.0
2026-09-24 08:09:18+00:00,9013571077,898754153,0,True,8261500,True,1.0,2026-09-24 07:01:55+00:00,0.04679398148148148,8.0
2026-09-24 08:09:18+00:00,9013571077,157475523,3,True,8261500,True,2.0,2026-09-24 07:01:55+00:00,0.04679398148148148,8.0
2026-09-24 08:09:18+00:00,9013571077,137129583,1,True,8261500,True,4.0,2026-09-24 07:01:55+00:00,0.04679398148148148,8.0
2026-09-24 08:09:18+00:00,9013571077,147767183,2,True,8261500,True,1.0,2026-09-24 07:01:55+00:00,0.04679398148148148,8.0
2026-09-24 11:24:04+00:00,9013743409,111620041,1,True,15,True,4.0,2026-09-24 10:22:54+00:00,0.04247685185185185,13.0
2026-09-24 11:24:04+00:00,9013743409,105045291,3,True,15,True,2.0,2026-09-24 10:22:54+00:00,0.04247685185185185,13.0
2026-09-24 11:24:04+00:00,9013743409,363758022,4,True,15,True,1.0,2026-09-24 10:22:54+00:00,0.04247685185185185,13.0
2026-09-24 11:24:04+00:00,9013743409,138880576,2,True,15,True,1.0,2026-09-24 10:22:54+00:00,0.04247685185185185,13.0
2026-09-24 11:24:04+00:00,9013743409,10366616,0,True,15,True,2.0,2026-09-24 10:22:54+00:00,0.04247685185185185,13.0
2026-09-24 14:04:17+00:00,9013968851,126842529,128,False,9467224,True,1.0,2026-09-24 12:56:00+00:00,0.04741898148148148,10.0
2026-09-24 14:04:17+00:00,9013968851,160119017,3,True,9964962,False,1.0,2026-09-24 12:56:00+00:00,0.04741898148148148,11.0
2026-09-24 14:04:17+00:00,9013968851,97658618,4,True,9964962,False,1.0,2026-09-24 12:56:00+00:00,0.04741898148148148,11.0
2026-09-24 14:04:17+00:00,9013968851,256156323,131,False,9467224,True,2.0,2026-09-24 12:56:00+00:00,0.04741898148148148,10.0
2026-09-24 14:04:17+00:00,9013968851,100058342,129,False,9467224,True,1.0,2026-09-24 12:56:00+00:00,0.04741898148148148,10.0
2026-09-24 14:04:17+00:00,9013968851,191362875,1,True,9964962,False,2.0,2026-09-24 12:56:00+00:00,0.04741898148148148,11.0
2026-09-24 14:04:17+00:00,9013968851,154974246,0,True,9964962,False,4.0,2026-09-24 12:56:00+00:00,0.04741898148148148,11.0
2026-09-24 14:04:17+00:00,9013968851,90423751,2,True,9964962,False,2.0,2026-09-24 12:56:00+00:00,0.04741898148148148,11.0
2026-09-24 14:04:17+00:00,9013968851,320219866,132,False,9467224,True,2.0,2026-09-24 12:56:00+00:00,0.04741898148148148,10.0
2026-09-24 14:04:17+00:00,9013968851,262476000,130,False,9467224,True,1.0,2026-09-24 12:56:00+00:00,0.04741898148148148,10.0
2026-09-24 16:43:41+00:00,9014237664,171262902,0,True,9823272,True,1.0,2026-09-24 15:24:52+00:00,0.054733796296296294,8.0
2026-09-24 16:43:41+00:00,9014237664,103735745,4,True,9823272,True,2.0,2026-09-24 15:24:52+00:00,0.054733796296296294,8.0
2026-09-24 16:43:41+00:00,9014237664,164962869,132,False,10182357,False,1.0,2026-09-24 15:24:52+00:00,0.054733796296296294,14.0
2026-09-24 16:43:41+00:00,9014237664,312436974,1,True,9823272,True,4.0,2026-09-24 15:24:52+00:00,0.054733796296296294,8.0
2026-09-24 16:43:41+00:00,9014237664,93817671,3,True,9823272,True,2.0,2026-09-24 15:24:52+00:00,0.054733796296296294,8.0
2026-09-24 16:43:41+00:00,9014237664,346412363,129,False,10182357,False,2.0,2026-09-24 15:24:52+00:00,0.054733796296296294,14.0
2026-09-24 16:43:41+00:00,9014237664,86698277,128,False,10182357,False,1.0,2026-09-24 15:24:52+00:00,0.054733796296296294,14.0
2026-09-24 16:43:41+00:00,9014237664,93618577,131,False,10182357,False,4.0,2026-09-24 15:24:52+00:00,0.054733796296296294,14.0
2026-09-24 16:43:41+00:00,9014237664,183719386,2,True,9823272,True,1.0,2026-09-24 15:24:52+00:00,0.054733796296296294,8.0
2026-09-24 16:43:41+00:00,9014237664,136829091,130,False,10182357,False,2.0,2026-09-24 15:24:52+00:00,0.054733796296296294,14.0
2026-09-25 09:22:29+00:00,9015110394,152859296,3,True,9691969,False,2.0,2026-09-25 08:12:33+00:00,0.04856481481481482,17.0
2026-09-25 09:22:29+00:00,9015110394,392565237,2,True,9691969,False,1.0,2026-09-25 08:12:33+00:00,0.04856481481481482,17.0
2026-09-25 09:22:29+00:00,9015110394,835864135,131,False,36,True,1.0,2026-09-25 08:12:33+00:00,0.04856481481481482,14.0
2026-09-25 09:22:29+00:00,9015110394,343084576,1,True,9691969,False,2.0,2026-09-25 08:12:33+00:00,0.04856481481481482,17.0
2026-09-25 09:22:29+00:00,9015110394,957204049,130,False,36,True,1.0,2026-09-25 08:12:33+00:00,0.04856481481481482,14.0
2026-09-25 09:22:29+00:00,9015110394,919735867,128,False,36,True,2.0,2026-09-25 08:12:33+00:00,0.04856481481481482,14.0
2026-09-25 09:22:29+00:00,9015110394,106755427,4,True,9691969,False,1.0,2026-09-25 08:12:33+00:00,0.04856481481481482,17.0
2026-09-25 09:22:29+00:00,9015110394,130991304,132,False,36,True,2.0,2026-09-25 08:12:33+00:00,0.04856481481481482,14.0
2026-09-25 09:22:29+00:00,9015110394,126212866,0,True,9691969,False,1.0,2026-09-25 08:12:33+00:00,0.04856481481481482,17.0
2026-09-25 09:22:29+00:00,9015110394,185590374,129,False,36,True,0.0,2026-09-25 08:12:33+00:00,0.04856481481481482,14.0
